time_seconds,mode,setpoint_percent,level_percent,error_percent,pump_command_percent,proportional_term,integral_term,inflow_lps,outflow_lps,net_flow_lps,outlet_valve_percent
0.0,MANUAL,60.0,20.05639320225002,40.0,35.0,0.0,0.0,2.8,2.23606797749979,0.56393202250021,50.0
1.0,MANUAL,60.0,20.112471378825806,39.94360679774998,35.0,0.0,0.0,2.8,2.239218234242144,0.5607817657578558,50.0
2.0,MANUAL,60.0,20.168236728410076,39.8875286211742,35.0,0.0,0.0,2.8,2.242346504157297,0.5576534958427026,50.0
3.0,MANUAL,60.0,20.223691428256576,39.83176327158992,35.0,0.0,0.0,2.8,2.2454530015349947,0.5545469984650051,50.0
4.0,MANUAL,60.0,20.27883763449129,39.77630857174343,35.0,0.0,0.0,2.8,2.248537937652853,0.5514620623471469,50.0
5.0,MANUAL,60.0,20.33367748240787,39.72116236550871,35.0,0.0,0.0,2.8,2.2516015208341864,0.5483984791658134,50.0
6.0,MANUAL,60.0,20.388213086757425,39.66632251759213,35.0,0.0,0.0,2.8,2.254643956504434,0.5453560434955658,50.0
7.0,MANUAL,60.0,20.4424465420328,39.611786913242575,35.0,0.0,0.0,2.8,2.2576654472461937,0.5423345527538062,50.0
8.0,MANUAL,60.0,20.496379922747508,39.5575534579672,35.0,0.0,0.0,2.8,2.2606661928529386,0.5393338071470613,50.0
9.0,MANUAL,60.0,20.550015283709367,39.50362007725249,35.0,0.0,0.0,2.8,2.26364639038143,0.5363536096185699,50.0
10.0,MANUAL,60.0,20.603354660289078,39.44998471629063,35.0,0.0,0.0,2.8,2.2666062342028757,0.5333937657971242,50.0
11.0,MANUAL,60.0,20.65640006868379,39.39664533971092,35.0,0.0,0.0,2.8,2.2695459160528717,0.5304540839471281,50.0
12.0,MANUAL,60.0,20.709153506175774,39.343599931316206,35.0,0.0,0.0,2.8,2.272465625080157,0.5275343749198429,50.0
13.0,MANUAL,60.0,20.76161695138635,39.290846493824226,35.0,0.0,0.0,2.8,2.2753655478942156,0.5246344521057842,50.0
14.0,MANUAL,60.0,20.813792364525174,39.23838304861365,35.0,0.0,0.0,2.8,2.2782458686117675,0.5217541313882323,50.0
15.0,MANUAL,60.0,20.865681687634954,39.18620763547483,35.0,0.0,0.0,2.8,2.281106768902169,0.5188932310978309,50.0
16.0,MANUAL,60.0,20.91728684483178,39.134318312365046,35.0,0.0,0.0,2.8,2.283948428031758,0.5160515719682417,50.0
17.0,MANUAL,60.0,20.96860974254106,39.08271315516822,35.0,0.0,0.0,2.8,2.2867710229071787,0.5132289770928211,50.0
18.0,MANUAL,60.0,21.01965226972929,39.03139025745894,35.0,0.0,0.0,2.8,2.2895747281177052,0.5104252718822946,50.0
19.0,MANUAL,60.0,21.07041629813163,38.98034773027071,35.0,0.0,0.0,2.8,2.292359715976601,0.5076402840233989,50.0
20.0,MANUAL,60.0,21.12090368247548,38.92958370186837,35.0,0.0,0.0,2.8,2.2951261565615315,0.5048738434384683,50.0
21.0,MANUAL,60.0,21.171116260700074,38.87909631752452,35.0,0.0,0.0,2.8,2.297874217754068,0.502125782245932,50.0
22.0,MANUAL,60.0,21.221055854172246,38.828883739299926,35.0,0.0,0.0,2.8,2.300604065278295,0.49939593472170474,50.0
23.0,MANUAL,60.0,21.27072426789839,38.77894414582775,35.0,0.0,0.0,2.8,2.3033158627385566,0.4966841372614432,50.0
24.0,MANUAL,60.0,21.320123290732756,38.72927573210161,35.0,0.0,0.0,2.8,2.3060097716563557,0.49399022834364414,50.0
25.0,MANUAL,60.0,21.369254695582114,38.67987670926725,35.0,0.0,0.0,2.8,2.3086859515064386,0.4913140484935612,50.0
26.0,MANUAL,60.0,21.418120239606903,38.630745304417886,35.0,0.0,0.0,2.8,2.3113445597520785,0.4886554402479213,50.0
27.0,MANUAL,60.0,21.466721664418944,38.58187976039309,35.0,0.0,0.0,2.8,2.3139857518795846,0.48601424812041527,50.0
28.0,MANUAL,60.0,21.51506069627574,38.53327833558106,35.0,0.0,0.0,2.8,2.316609681432057,0.4833903185679427,50.0
29.0,MANUAL,60.0,21.563139046271502,38.48493930372426,35.0,0.0,0.0,2.8,2.3192165000424034,0.4807834999575964,50.0
30.0,MANUAL,60.0,21.610958410524937,38.4368609537285,35.0,0.0,0.0,2.8,2.3218063574656425,0.47819364253435737,50.0
31.0,MANUAL,60.0,21.658520470363886,38.38904158947506,35.0,0.0,0.0,2.8,2.3243794016105106,0.4756205983894892,50.0
32.0,MANUAL,60.0,21.705826892506845,38.34147952963612,35.0,0.0,0.0,2.8,2.3269357785703866,0.47306422142961324,50.0
33.0,MANUAL,60.0,21.752879329241487,38.29417310749315,35.0,0.0,0.0,2.8,2.329475632653562,0.4705243673464379,50.0
34.0,MANUAL,60.0,21.799679418600203,38.24712067075851,35.0,0.0,0.0,2.8,2.3319991064128587,0.46800089358714114,50.0
35.0,MANUAL,60.0,21.84622878453274,38.200320581399794,35.0,0.0,0.0,2.8,2.33450634067463,0.4654936593253698,50.0
36.0,MANUAL,60.0,21.892529037076027,38.15377121546726,35.0,0.0,0.0,2.8,2.3369974745671387,0.46300252543286113,50.0
37.0,MANUAL,60.0,21.938581772521193,38.10747096292397,35.0,0.0,0.0,2.8,2.3394726455483523,0.4605273544516475,50.0
38.0,MANUAL,60.0,21.984388573577878,38.06141822747881,35.0,0.0,0.0,2.8,2.341931989433147,0.45806801056685265,50.0
39.0,MANUAL,60.0,22.029951009535882,38.015611426422126,35.0,0.0,0.0,2.8,2.344375640419954,0.455624359580046,50.0
40.0,MANUAL,60.0,22.075270636424197,37.97004899046412,35.0,0.0,0.0,2.8,2.3468037311168506,0.45319626888314923,50.0
41.0,MANUAL,60.0,22.120348997167486,37.92472936357581,35.0,0.0,0.0,2.8,2.349216392567115,0.4507836074328848,50.0
42.0,MANUAL,60.0,22.16518762174006,37.87965100283252,35.0,0.0,0.0,2.8,2.351613754274258,0.4483862457257417,50.0
43.0,MANUAL,60.0,22.209788027317405,37.83481237825994,35.0,0.0,0.0,2.8,2.353995944226543,0.4460040557734568,50.0
44.0,MANUAL,60.0,22.2541517184253,37.7902119726826,35.0,0.0,0.0,2.8,2.356363088921007,0.44363691107899283,50.0
45.0,MANUAL,60.0,22.2982801870866,37.745848281574695,35.0,0.0,0.0,2.8,2.3587153133869982,0.4412846866130016,50.0
46.0,MANUAL,60.0,22.342174912965675,37.701719812913396,35.0,0.0,0.0,2.8,2.3610527412092366,0.43894725879076324,50.0
47.0,MANUAL,60.0,22.385837363510632,37.657825087034325,35.0,0.0,0.0,2.8,2.363375494550415,0.436624505449585,50.0
48.0,MANUAL,60.0,22.429268994093295,37.61416263648937,35.0,0.0,0.0,2.8,2.365683694173348,0.4343163058266519,50.0
49.0,MANUAL,60.0,22.472471248147027,37.57073100590671,35.0,0.0,0.0,2.8,2.3679774594626792,0.4320225405373206,50.0
50.0,MANUAL,60.0,22.51544555730241,37.52752875185297,35.0,0.0,0.0,2.8,2.3702569084461618,0.42974309155383805,50.0
51.0,MANUAL,60.0,22.55819334152086,37.484554442697586,35.0,0.0,0.0,2.8,2.372522157815518,0.4274778421844818,50.0
52.0,MANUAL,60.0,22.600716009226172,37.44180665847914,35.0,0.0,0.0,2.8,2.3747733229468904,0.42522667705310946,50.0
53.0,MANUAL,60.0,22.643014957434087,37.399283990773824,35.0,0.0,0.0,2.8,2.3770105179208914,0.42298948207910847,50.0
54.0,MANUAL,60.0,22.68509157187986,37.35698504256591,35.0,0.0,0.0,2.8,2.379233855542267,0.42076614445773286,50.0
55.0,MANUAL,60.0,22.72694722714394,37.31490842812014,35.0,0.0,0.0,2.8,2.3814434473591777,0.41855655264082214,50.0
56.0,MANUAL,60.0,22.76858328677573,37.27305277285606,35.0,0.0,0.0,2.8,2.3836394036821056,0.41636059631789424,50.0
57.0,MANUAL,60.0,22.810001103415487,37.23141671322427,35.0,0.0,0.0,2.8,2.385821833602403,0.41417816639759675,50.0
58.0,MANUAL,60.0,22.85120201891444,37.18999889658451,35.0,0.0,0.0,2.8,2.387990845010481,0.41200915498951884,50.0
59.0,MANUAL,60.0,22.892187364453072,37.148797981085565,35.0,0.0,0.0,2.8,2.390146544613658,0.409853455386342,50.0
60.0,MANUAL,60.0,22.932958460657705,37.10781263554693,35.0,0.0,0.0,2.8,2.392289037953664,0.4077109620463357,50.0
61.0,MANUAL,60.0,22.973516617715322,37.0670415393423,35.0,0.0,0.0,2.8,2.3944184294238187,0.40558157057618116,50.0
62.0,MANUAL,60.0,23.013863135486734,37.02648338228468,35.0,0.0,0.0,2.8,2.3965348222858833,0.4034651777141165,50.0
63.0,MANUAL,60.0,23.053999303618074,36.98613686451327,35.0,0.0,0.0,2.8,2.3986383186866007,0.4013616813133991,50.0
64.0,MANUAL,60.0,23.093926401650684,36.94600069638193,35.0,0.0,0.0,2.8,2.4007290196739235,0.39927098032607633,50.0
65.0,MANUAL,60.0,23.13364569912939,36.906073598349316,35.0,0.0,0.0,2.8,2.4028070252129425,0.3971929747870573,50.0
66.0,MANUAL,60.0,23.173158455709235,36.86635430087061,35.0,0.0,0.0,2.8,2.4048724342015206,0.3951275657984792,50.0
67.0,MANUAL,60.0,23.212465921260673,36.826841544290765,35.0,0.0,0.0,2.8,2.4069253444856384,0.3930746555143614,50.0
68.0,MANUAL,60.0,23.251569335973223,36.78753407873933,35.0,0.0,0.0,2.8,2.408965852874459,0.39103414712554097,50.0
69.0,MANUAL,60.0,23.29046993045771,36.74843066402678,35.0,0.0,0.0,2.8,2.410994055155115,0.38900594484488504,50.0
70.0,MANUAL,60.0,23.32916892584699,36.70953006954229,35.0,0.0,0.0,2.8,2.4130100461072326,0.38698995389276725,50.0
71.0,MANUAL,60.0,23.36766753389527,36.670831074153014,35.0,0.0,0.0,2.8,2.415013919517183,0.3849860804828169,50.0
72.0,MANUAL,60.0,23.40596695707606,36.63233246610473,35.0,0.0,0.0,2.8,2.417005768192086,0.3829942318079138,50.0
73.0,MANUAL,60.0,23.444068388678705,36.59403304292394,35.0,0.0,0.0,2.8,2.4189856839735566,0.3810143160264432,50.0
74.0,MANUAL,60.0,23.481973012903584,36.5559316113213,35.0,0.0,0.0,2.8,2.420953757751204,0.3790462422487959,50.0
75.0,MANUAL,60.0,23.519682004955996,36.51802698709642,35.0,0.0,0.0,2.8,2.422910079475897,0.37708992052410295,50.0
76.0,MANUAL,60.0,23.557196531138718,36.480317995044004,35.0,0.0,0.0,2.8,2.4248547381727836,0.3751452618272162,50.0
77.0,MANUAL,60.0,23.594517748943307,36.442803468861285,35.0,0.0,0.0,2.8,2.426787821954091,0.3732121780459088,50.0
78.0,MANUAL,60.0,23.631646807140143,36.405482251056696,35.0,0.0,0.0,2.8,2.4287094180316893,0.37129058196831055,50.0
79.0,MANUAL,60.0,23.668584845867198,36.36835319285986,35.0,0.0,0.0,2.8,2.4306196127294446,0.3693803872705552,50.0
80.0,MANUAL,60.0,23.70533299671766,36.3314151541328,35.0,0.0,0.0,2.8,2.432518491495347,0.3674815085046528,50.0
81.0,MANUAL,60.0,23.741892382826315,36.29466700328234,35.0,0.0,0.0,2.8,2.4344061389134346,0.3655938610865652,50.0
82.0,MANUAL,60.0,23.778264118954766,36.258107617173685,35.0,0.0,0.0,2.8,2.436282638715504,0.36371736128449594,50.0
83.0,MANUAL,60.0,23.8144493115755,36.221735881045234,35.0,0.0,0.0,2.8,2.4381480737926258,0.36185192620737405,50.0
84.0,MANUAL,60.0,23.850449058954855,36.1855506884245,35.0,0.0,0.0,2.8,2.4400025262064533,0.3599974737935465,50.0
85.0,MANUAL,60.0,23.88626445123482,36.14955094104515,35.0,0.0,0.0,2.8,2.441846077200345,0.35815392279965463,50.0
86.0,MANUAL,60.0,23.92189657051379,36.11373554876518,35.0,0.0,0.0,2.8,2.4436788072102895,0.3563211927897103,50.0
87.0,MANUAL,60.0,23.957346490926227,36.078103429486205,35.0,0.0,0.0,2.8,2.445500795875652,0.35449920412434777,50.0
88.0,MANUAL,60.0,23.992615278721257,36.04265350907377,35.0,0.0,0.0,2.8,2.4473121220497305,0.35268787795026935,50.0
89.0,MANUAL,60.0,24.027703992340243,36.00738472127874,35.0,0.0,0.0,2.8,2.449112863810142,0.3508871361898578,50.0
90.0,MANUAL,60.0,24.062613682493343,35.97229600765976,35.0,0.0,0.0,2.8,2.4509030984690234,0.3490969015309764,50.0
91.0,MANUAL,60.0,24.097345392235034,35.93738631750666,35.0,0.0,0.0,2.8,2.4526829025830748,0.34731709741692507,50.0
92.0,MANUAL,60.0,24.131900157038693,35.902654607764966,35.0,0.0,0.0,2.8,2.4544523519634187,0.3455476480365811,50.0
93.0,MANUAL,60.0,24.166279004870162,35.86809984296131,35.0,0.0,0.0,2.8,2.4562115216853115,0.3437884783146883,50.0
94.0,MANUAL,60.0,24.20048295626039,35.83372099512984,35.0,0.0,0.0,2.8,2.4579604860976794,0.34203951390232046,50.0
95.0,MANUAL,60.0,24.23451302437714,35.79951704373961,35.0,0.0,0.0,2.8,2.4596993188325067,0.3403006811674931,50.0
96.0,MANUAL,60.0,24.268370215095732,35.76548697562286,35.0,0.0,0.0,2.8,2.461428092814065,0.3385719071859348,50.0
97.0,MANUAL,60.0,24.302055527068934,35.73162978490427,35.0,0.0,0.0,2.8,2.4631468802679906,0.33685311973200927,50.0
98.0,MANUAL,60.0,24.335569951795915,35.69794447293107,35.0,0.0,0.0,2.8,2.4648557527302146,0.3351442472697852,50.0
99.0,MANUAL,60.0,24.368914473690342,35.66443004820408,35.0,0.0,0.0,2.8,2.46655478105575,0.3334452189442496,50.0
100.0,MANUAL,60.0,24.40209007014761,35.63108552630966,35.0,0.0,0.0,2.8,2.468244035427329,0.33175596457267087,50.0
101.0,MANUAL,60.0,24.435097711611224,35.59790992985239,35.0,0.0,0.0,2.8,2.469923585363908,0.3300764146360917,50.0
102.0,MANUAL,60.0,24.467938361638318,35.56490228838878,35.0,0.0,0.0,2.8,2.4715934997290323,0.3284065002709675,50.0
103.0,MANUAL,60.0,24.500612976964412,35.53206163836168,35.0,0.0,0.0,2.8,2.4732538467390643,0.3267461532609355,50.0
104.0,MANUAL,60.0,24.53312250756728,35.49938702303559,35.0,0.0,0.0,2.8,2.4749046939712858,0.32509530602871406,50.0
105.0,MANUAL,60.0,24.565467896730095,35.466877492432715,35.0,0.0,0.0,2.8,2.4765461083718634,0.3234538916281364,50.0
106.0,MANUAL,60.0,24.597650081103723,35.4345321032699,35.0,0.0,0.0,2.8,2.4781781562636946,0.3218218437363052,50.0
107.0,MANUAL,60.0,24.62966999076831,35.40234991889628,35.0,0.0,0.0,2.8,2.4798009033541244,0.3201990966458754,50.0
108.0,MANUAL,60.0,24.661528549294058,35.370330009231694,35.0,0.0,0.0,2.8,2.4814144147425434,0.3185855852574564,50.0
109.0,MANUAL,60.0,24.69322667380127,35.33847145070594,35.0,0.0,0.0,2.8,2.483018754927863,0.316981245072137,50.0
110.0,MANUAL,60.0,24.72476527501968,35.30677332619873,35.0,0.0,0.0,2.8,2.4846139878158775,0.3153860121841223,50.0
111.0,MANUAL,60.0,24.756145257347033,35.27523472498032,35.0,0.0,0.0,2.8,2.4862001767265083,0.31379982327349154,50.0
112.0,MANUAL,60.0,24.78736751890694,35.24385474265297,35.0,0.0,0.0,2.8,2.487777384400935,0.31222261559906483,50.0
113.0,MANUAL,60.0,24.818432951606077,35.21263248109306,35.0,0.0,0.0,2.8,2.489345673008619,0.3106543269913806,50.0
114.0,MANUAL,60.0,24.849342441190657,35.18156704839392,35.0,0.0,0.0,2.8,2.4909051041542147,0.3090948958457851,50.0
115.0,MANUAL,60.0,24.88009686730222,35.15065755880934,35.0,0.0,0.0,2.8,2.492455738884377,0.30754426111562294,50.0
116.0,MANUAL,60.0,24.91069710353278,35.11990313269778,35.0,0.0,0.0,2.8,2.493997637694462,0.3060023623055379,50.0
117.0,MANUAL,60.0,24.94114401747927,35.08930289646722,35.0,0.0,0.0,2.8,2.495530860535128,0.30446913946487175,50.0
118.0,MANUAL,60.0,24.971438470797384,35.058855982520726,35.0,0.0,0.0,2.8,2.497055466818833,0.3029445331811669,50.0
119.0,MANUAL,60.0,25.00158131925476,35.02856152920262,35.0,0.0,0.0,2.8,2.498571515426234,0.30142848457376603,50.0
120.0,MANUAL,60.0,25.031573412783516,34.99841868074524,35.0,0.0,0.0,2.8,2.500079064712492,0.29992093528750763,50.0
121.0,MANUAL,60.0,25.061415595532168,34.968426587216484,35.0,0.0,0.0,2.8,2.5015781725134794,0.29842182748652046,50.0
122.0,MANUAL,60.0,25.09110870591698,34.93858440446783,35.0,0.0,0.0,2.8,2.50306889615189,0.29693110384810995,50.0
123.0,MANUAL,60.0,25.12065357667265,34.90889129408302,35.0,0.0,0.0,2.8,2.5045512924432685,0.29544870755673136,50.0
124.0,MANUAL,60.0,25.15005103490246,34.87934642332735,35.0,0.0,0.0,2.8,2.506025417701936,0.29397458229806395,50.0
125.0,MANUAL,60.0,25.179301902127776,34.84994896509754,35.0,0.0,0.0,2.8,2.5074913277468407,0.29250867225315913,50.0
126.0,MANUAL,60.0,25.208406994337047,34.820698097872224,35.0,0.0,0.0,2.8,2.5089490779073103,0.29105092209268957,50.0
127.0,MANUAL,60.0,25.237367122034172,34.79159300566295,35.0,0.0,0.0,2.8,2.5103987230287266,0.28960127697127325,50.0
128.0,MANUAL,60.0,25.266183090286358,34.76263287796583,35.0,0.0,0.0,2.8,2.5118403174781125,0.2881596825218873,50.0
129.0,MANUAL,60.0,25.294855698771396,34.73381690971364,35.0,0.0,0.0,2.8,2.513273915149638,0.28672608485036166,50.0
130.0,MANUAL,60.0,25.323385741824396,34.7051443012286,35.0,0.0,0.0,2.8,2.5146995694700487,0.28530043052995113,50.0
131.0,MANUAL,60.0,25.351774008483996,34.676614258175604,35.0,0.0,0.0,2.8,2.516117333404009,0.28388266659599104,50.0
132.0,MANUAL,60.0,25.380021282538063,34.648225991516,35.0,0.0,0.0,2.8,2.5175272594593685,0.2824727405406313,50.0
133.0,MANUAL,60.0,25.408128342568826,34.61997871746193,35.0,0.0,0.0,2.8,2.5189293996923605,0.2810706003076393,50.0
134.0,MANUAL,60.0,25.436095961997555,34.59187165743117,35.0,0.0,0.0,2.8,2.5203238057127115,0.2796761942872883,50.0
135.0,MANUAL,60.0,25.463924909128682,34.56390403800245,35.0,0.0,0.0,2.8,2.5217105286886894,0.27828947131131043,50.0
136.0,MANUAL,60.0,25.49161594719348,34.53607509087132,35.0,0.0,0.0,2.8,2.5230896193520698,0.27691038064793005,50.0
137.0,MANUAL,60.0,25.519169834393175,34.50838405280652,35.0,0.0,0.0,2.8,2.5244611280030376,0.27553887199696225,50.0
138.0,MANUAL,60.0,25.546587323941672,34.480830165606825,35.0,0.0,0.0,2.8,2.5258251045150164,0.2741748954849834,50.0
139.0,MANUAL,60.0,25.573869164107734,34.45341267605833,35.0,0.0,0.0,2.8,2.5271815983394266,0.27281840166057325,50.0
140.0,MANUAL,60.0,25.601016098256697,34.426130835892266,35.0,0.0,0.0,2.8,2.5285306585103795,0.2714693414896203,50.0
141.0,MANUAL,60.0,25.62802886489176,34.39898390174331,35.0,0.0,0.0,2.8,2.529872333649304,0.27012766635069596,50.0
142.0,MANUAL,60.0,25.6549081976948,34.37197113510824,35.0,0.0,0.0,2.8,2.5312066719695054,0.2687933280304944,50.0
143.0,MANUAL,60.0,25.681654825566735,34.3450918023052,35.0,0.0,0.0,2.8,2.5325337212806662,0.2674662787193336,50.0
144.0,MANUAL,60.0,25.70826947266741,34.31834517443326,35.0,0.0,0.0,2.8,2.5338535289932773,0.2661464710067225,50.0
145.0,MANUAL,60.0,25.734752858455106,34.29173052733259,35.0,0.0,0.0,2.8,2.535166142123008,0.264833857876992,50.0
146.0,MANUAL,60.0,25.761105697725604,34.26524714154489,35.0,0.0,0.0,2.8,2.536471607295019,0.26352839270498096,50.0
147.0,MANUAL,60.0,25.787328700650786,34.238894302274396,35.0,0.0,0.0,2.8,2.537769970748216,0.26223002925178385,50.0
148.0,MANUAL,60.0,25.81342257281684,34.21267129934921,35.0,0.0,0.0,2.8,2.539061278339437,0.26093872166056276,50.0
149.0,MANUAL,60.0,25.839388015262077,34.18657742718316,35.0,0.0,0.0,2.8,2.540345575547589,0.2596544244524108,50.0
150.0,MANUAL,60.0,25.865225724514307,34.160611984737926,35.0,0.0,0.0,2.8,2.5416229074777243,0.2583770925222755,50.0
151.0,MANUAL,60.0,25.8909363926278,34.1347742754857,35.0,0.0,0.0,2.8,2.542893318865063,0.25710668113493673,50.0
152.0,MANUAL,60.0,25.91652070721991,34.1090636073722,35.0,0.0,0.0,2.8,2.54415685407896,0.25584314592103974,50.0
153.0,MANUAL,60.0,25.94197935150723,34.08347929278009,35.0,0.0,0.0,2.8,2.545413557126813,0.25458644287318677,50.0
154.0,MANUAL,60.0,25.967313004341435,34.05802064849277,35.0,0.0,0.0,2.8,2.5466634716579275,0.2533365283420723,50.0
155.0,MANUAL,60.0,25.992522340244705,34.032686995658565,35.0,0.0,0.0,2.8,2.5479066409673172,0.2520933590326826,50.0
156.0,MANUAL,60.0,26.017608029444755,34.007477659755295,35.0,0.0,0.0,2.8,2.5491431079994658,0.25085689200053407,50.0
157.0,MANUAL,60.0,26.042570737909553,33.98239197055524,35.0,0.0,0.0,2.8,2.5503729153520256,0.24962708464797423,50.0
158.0,MANUAL,60.0,26.06741112738161,33.95742926209044,35.0,0.0,0.0,2.8,2.551596105279476,0.24840389472052404,50.0
159.0,MANUAL,60.0,26.09212985541194,33.93258887261839,35.0,0.0,0.0,2.8,2.5528127196967274,0.24718728030327242,50.0
160.0,MANUAL,60.0,26.11672757539367,33.90787014458806,35.0,0.0,0.0,2.8,2.5540228001826817,0.24597719981731814,50.0
161.0,MANUAL,60.0,26.141204936595297,33.88327242460633,35.0,0.0,0.0,2.8,2.555226387983738,0.24477361201626202,50.0
162.0,MANUAL,60.0,26.165562584193573,33.8587950634047,35.0,0.0,0.0,2.8,2.5564235240172595,0.24357647598274035,50.0
163.0,MANUAL,60.0,26.189801159306075,33.83443741580643,35.0,0.0,0.0,2.8,2.5576142488749927,0.24238575112500715,50.0
164.0,MANUAL,60.0,26.21392129902343,33.81019884069393,35.0,0.0,0.0,2.8,2.5587986028264353,0.24120139717356448,50.0
165.0,MANUAL,60.0,26.237923636441213,33.786078700976574,35.0,0.0,0.0,2.8,2.559976625822169,0.24002337417783082,50.0
166.0,MANUAL,60.0,26.2618088006915,33.76207636355879,35.0,0.0,0.0,2.8,2.561148357497141,0.23885164250285884,50.0
167.0,MANUAL,60.0,26.28557741697411,33.7381911993085,35.0,0.0,0.0,2.8,2.562313837173908,0.23768616282609178,50.0
168.0,MANUAL,60.0,26.309230106587528,33.71442258302589,35.0,0.0,0.0,2.8,2.5634731038658334,0.23652689613416644,50.0
169.0,MANUAL,60.0,26.332767486959508,33.69076989341247,35.0,0.0,0.0,2.8,2.564626196280246,0.23537380371975392,50.0
170.0,MANUAL,60.0,26.35619017167735,33.66723251304049,35.0,0.0,0.0,2.8,2.5657731528215577,0.2342268471784421,50.0
171.0,MANUAL,60.0,26.379498770517916,33.643809828322645,35.0,0.0,0.0,2.8,2.5669140115943385,0.2330859884056613,50.0
172.0,MANUAL,60.0,26.40269388947728,33.62050122948209,35.0,0.0,0.0,2.8,2.568048810406352,0.2319511895936479,50.0
173.0,MANUAL,60.0,26.425776130800127,33.59730611052272,35.0,0.0,0.0,2.8,2.5691775867715565,0.23082241322844332,50.0
174.0,MANUAL,60.0,26.448746093008822,33.57422386919987,35.0,0.0,0.0,2.8,2.570300377913062,0.22969962208693762,50.0
175.0,MANUAL,60.0,26.471604370932216,33.55125390699118,35.0,0.0,0.0,2.8,2.571417220766052,0.22858277923394787,50.0
176.0,MANUAL,60.0,26.49435155573415,33.52839562906779,35.0,0.0,0.0,2.8,2.5725281519806646,0.22747184801933518,50.0
177.0,MANUAL,60.0,26.516988234941664,33.50564844426585,35.0,0.0,0.0,2.8,2.5736332079248463,0.22636679207515353,50.0
178.0,MANUAL,60.0,26.539514992472945,33.483011765058336,35.0,0.0,0.0,2.8,2.574732424687159,0.22526757531284103,50.0
179.0,MANUAL,60.0,26.56193240866499,33.460485007527055,35.0,0.0,0.0,2.8,2.5758258380795542,0.2241741619204456,50.0
180.0,MANUAL,60.0,26.58424106030098,33.43806759133501,35.0,0.0,0.0,2.8,2.5769134836401175,0.2230865163598823,50.0
181.0,MANUAL,60.0,26.606441520637404,33.41575893969902,35.0,0.0,0.0,2.8,2.5779953966357745,0.22200460336422534,50.0
182.0,MANUAL,60.0,26.628534359430905,33.393558479362596,35.0,0.0,0.0,2.8,2.57907161206496,0.22092838793503988,50.0
183.0,MANUAL,60.0,26.65052014296488,33.3714656405691,35.0,0.0,0.0,2.8,2.580142164660259,0.21985783533974068,50.0
184.0,MANUAL,60.0,26.672399434075782,33.34947985703512,35.0,0.0,0.0,2.8,2.5812070888910132,0.21879291110898658,50.0
185.0,MANUAL,60.0,26.694172792179195,33.327600565924214,35.0,0.0,0.0,2.8,2.5822664189658946,0.21773358103410523,50.0
186.0,MANUAL,60.0,26.715840773295653,33.305827207820805,35.0,0.0,0.0,2.8,2.583320188835445,0.2166798111645547,50.0
187.0,MANUAL,60.0,26.737403930076198,33.28415922670435,35.0,0.0,0.0,2.8,2.584368432194588,0.2156315678054117,50.0
188.0,MANUAL,60.0,26.75886281182769,33.2625960699238,35.0,0.0,0.0,2.8,2.585411182485109,0.2145888175148909,50.0
189.0,MANUAL,60.0,26.780217964537883,33.24113718817231,35.0,0.0,0.0,2.8,2.586448472898102,0.21355152710189795,50.0
190.0,MANUAL,60.0,26.80146993090024,33.21978203546212,35.0,0.0,0.0,2.8,2.5874803363763887,0.21251966362361108,50.0
191.0,MANUAL,60.0,26.822619250338548,33.19853006909976,35.0,0.0,0.0,2.8,2.5885068056169103,0.21149319438308956,50.0
192.0,MANUAL,60.0,26.84366645903124,33.17738074966145,35.0,0.0,0.0,2.8,2.5895279130730833,0.21047208692691655,50.0
193.0,MANUAL,60.0,26.864612089935523,33.15633354096876,35.0,0.0,0.0,2.8,2.590543690957134,0.20945630904286583,50.0
194.0,MANUAL,60.0,26.885456672811287,33.13538791006448,35.0,0.0,0.0,2.8,2.5915541712423993,0.20844582875760054,50.0
195.0,MANUAL,60.0,26.906200734244734,33.11454332718871,35.0,0.0,0.0,2.8,2.5925593856656053,0.20744061433439454,50.0
196.0,MANUAL,60.0,26.92684479767183,33.093799265755266,35.0,0.0,0.0,2.8,2.59355936572911,0.20644063427088977,50.0
197.0,MANUAL,60.0,26.94738938340152,33.07315520232817,35.0,0.0,0.0,2.8,2.5945541427031267,0.20544585729687315,50.0
198.0,MANUAL,60.0,26.96783500863873,33.05261061659848,35.0,0.0,0.0,2.8,2.595543747627919,0.20445625237208098,50.0
199.0,MANUAL,60.0,26.988182187507135,33.03216499136127,35.0,0.0,0.0,2.8,2.5965282113159645,0.20347178868403537,50.0
200.0,AUTOMATIC,60.0,26.99384644628417,33.011817812492865,33.17687690155533,33.011817812492865,0.16505908906246433,2.6541501521244264,2.597507564354103,0.056642587770323605,50.0
201.0,AUTOMATIC,60.0,27.000758380419416,33.00615355371583,33.33624341054688,33.00615355371583,0.33008985683104347,2.6668994728437503,2.5977801314913167,0.06911934135243358,50.0
202.0,AUTOMATIC,60.0,27.008901732026285,32.99924161958059,33.494327684509535,32.99924161958059,0.4950860649289464,2.6795462147607627,2.5981126986920438,0.08143351606871896,50.0
203.0,AUTOMATIC,60.0,27.018260404536203,32.99109826797371,33.65113982424253,32.99109826797371,0.660041556268815,2.692091185939402,2.5985044608402297,0.09358672509917243,50.0
204.0,AUTOMATIC,60.0,27.028818461635645,32.98173959546379,33.806689849709926,32.98173959546379,0.824950254246134,2.704535187976794,2.5989546169823843,0.10558057099440976,50.0
205.0,AUTOMATIC,60.0,27.04056012619261,32.971181538364355,33.96098770030231,32.971181538364355,0.9898061619379559,2.716879016024185,2.599462370454497,0.11741664556968834,50.0
206.0,AUTOMATIC,60.0,27.053469779173085,32.95943987380739,34.11404323511438,32.95943987380739,1.1546033613069928,2.72912345880915,2.6000269290044193,0.12909652980473085,50.0
207.0,AUTOMATIC,60.0,27.067531958548013,32.946530220826915,34.26586623323804,32.946530220826915,1.3193360124111275,2.7412692986590432,2.600647504909743,0.1406217937493004,50.0
208.0,AUTOMATIC,60.0,27.082731358191452,32.93246804145198,34.41646639407037,32.93246804145198,1.4839983526183875,2.7533173115256293,2.6013233150911867,0.15199399643444256,50.0
209.0,AUTOMATIC,60.0,27.099052826770386,32.91726864180855,34.56585333763598,32.91726864180855,1.6485846958274304,2.765268267010878,2.602053581221544,0.16321468578933418,50.0
210.0,AUTOMATIC,60.0,27.11648136662675,32.90094717322961,34.71403660492319,32.90094717322961,1.8130894316935784,2.777122928393855,2.6028375298302038,0.17428539856365122,50.0
211.0,AUTOMATIC,60.0,27.135002132652293,32.88351863337325,34.86102565823369,32.88351863337325,1.9775070248604445,2.7888820526586953,2.603674392403299,0.18520766025539626,50.0
212.0,AUTOMATIC,60.0,27.154600431156695,32.86499786734771,35.006829881544895,32.86499786734771,2.141832014197183,2.8005463905235914,2.60456340547952,0.19598298504407152,50.0
213.0,AUTOMATIC,60.0,27.175261718729608,32.845399568843305,35.15145858088471,32.845399568843305,2.3060590120413997,2.8121166864707767,2.6055038107416335,0.20661287572914322,50.0
214.0,AUTOMATIC,60.0,27.196971601096976,32.82473828127039,35.294920984718146,32.82473828127039,2.470182703447752,2.823593678777452,2.606494855103766,0.21709882367368571,50.0
215.0,AUTOMATIC,60.0,27.21971583197229,32.803028398903024,35.43722624434529,32.803028398903024,2.6341978454422668,2.834978099547623,2.60753579079449,0.2274423087531332,50.0
216.0,AUTOMATIC,60.0,27.24348031190319,32.780284168027706,35.57838343431011,32.780284168027706,2.7980992662824056,2.846270674744809,2.6086258754357767,0.23764479930903226,50.0
217.0,AUTOMATIC,60.0,27.26825108711396,32.75651968809681,35.7184015528197,32.75651968809681,2.9618818647228893,2.857472124225576,2.609764372117873,0.2477077521077029,50.0
218.0,AUTOMATIC,60.0,27.29401434834433,32.73174891288604,35.85728952217336,32.73174891288604,3.1255406092873192,2.8685831617738686,2.6109505494701524,0.25763261230371626,50.0
219.0,AUTOMATIC,60.0,27.32075642968514,32.705985651655666,35.995056189201264,32.705985651655666,3.2890705375455975,2.879604495136101,2.6121836817280064,0.26742081340809465,50.0
220.0,AUTOMATIC,60.0,27.348463807411257,32.67924357031486,36.131710325712035,32.67924357031486,3.4524667553971717,2.890536826056963,2.6134630487958472,0.2770737772611156,50.0
221.0,AUTOMATIC,60.0,27.377123098812223,32.65153619258874,36.26726062894886,32.65153619258874,3.6157244363601153,2.901380850315909,2.6147879363062723,0.2865929140096366,50.0
222.0,AUTOMATIC,60.0,27.406721061021106,32.62287690118778,36.40171572205384,32.62287690118778,3.778838820866054,2.9121372577643068,2.6161576356754686,0.2959796220888382,50.0
223.0,AUTOMATIC,60.0,27.43724458984193,32.5932789389789,36.535084154539845,32.5932789389789,3.9418052155609486,2.9228067323631874,2.6175714441549207,0.30523528820826673,50.0
224.0,AUTOMATIC,60.0,27.468680718576138,32.56275541015807,36.66737440276981,32.56275541015807,4.104618992611739,2.9333899522215847,2.6190286648794974,0.31436128734208735,50.0
225.0,AUTOMATIC,60.0,27.501016616848485,32.53131928142386,36.79859487044272,32.53131928142386,4.267275589018858,2.9438875896354175,2.620528606911978,0.3233589827234393,50.0
226.0,AUTOMATIC,60.0,27.53423958943277,32.49898338315151,36.928753889086124,32.49898338315151,4.4297705059346155,2.95430031112689,2.6220705852841037,0.3322297258427862,50.0
227.0,AUTOMATIC,60.0,27.568337075077785,32.46576041056723,37.05785971855468,32.46576041056723,4.592099307987452,2.9646287774843745,2.6236539210342116,0.3409748564501629,50.0
228.0,AUTOMATIC,60.0,27.603296645333902,32.431662924922215,37.18592054753428,32.431662924922215,4.754257622612063,2.9748736438027423,2.6252779412415457,0.34959570256119665,50.0
229.0,AUTOMATIC,60.0,27.639106003380586,32.3967033546661,37.31294449405149,32.3967033546661,4.916241139385393,2.9850355595241194,2.6269419790572983,0.35809358046682105,50.0
230.0,AUTOMATIC,60.0,27.675752982855244,32.36089399661941,37.4389396059879,32.36089399661941,5.07804560936849,2.995115168479032,2.6286453737324758,0.36646979474655605,50.0
231.0,AUTOMATIC,60.0,27.713225546683773,32.32424701714476,37.56391386159897,32.32424701714476,5.239666844454214,3.0051131089279175,2.630387470642645,0.3747256382852724,50.0
232.0,AUTOMATIC,60.0,27.75151178591311,32.28677445331623,37.687875170037024,32.28677445331623,5.401100716720795,3.0150300136029617,2.632167621309658,0.3828623922933039,50.0
233.0,AUTOMATIC,60.0,27.7905999185461,32.24848821408689,37.81083137187812,32.24848821408689,5.562343157791229,3.02486650975025,2.633985183420415,0.39088132632983497,50.0
234.0,AUTOMATIC,60.0,27.830478288379044,32.2094000814539,37.9327902396524,32.2094000814539,5.723390158198498,3.034623219172192,2.6358395208427474,0.3987836983294444,50.0
235.0,AUTOMATIC,60.0,27.871135363842214,32.16952171162096,38.053759478377565,32.16952171162096,5.884237766756603,3.044300758270205,2.6377300036384996,0.40657075463170544,50.0
236.0,AUTOMATIC,60.0,27.91255973684359,32.128864636157786,38.173746726095175,32.128864636157786,6.044882089937391,3.053899738087614,2.6396560080738842,0.4142437300137298,50.0
237.0,AUTOMATIC,60.0,27.95474012161615,32.08744026315641,38.292759554409585,32.08744026315641,6.205319291253174,3.0634207643527667,2.6416169166271812,0.42180384772558543,50.0
238.0,AUTOMATIC,60.0,27.997665353568994,32.045259878383845,38.410805469028936,32.045259878383845,6.365545590645093,3.072864437522315,2.6436121179938703,0.42925231952844456,50.0
239.0,AUTOMATIC,60.0,28.041324388142534,32.00233464643101,38.527891910308256,32.00233464643101,6.525557263877248,3.0822313528246603,2.6456410070892558,0.43659034573540456,50.0
240.0,AUTOMATIC,60.0,28.08570629966802,31.958675611857466,38.644026253794,31.958675611857466,6.685350641936536,3.09152210030352,2.6477029850486695,0.4438191152548505,50.0
241.0,AUTOMATIC,60.0,28.130800280231643,31.91429370033198,38.75921581077018,31.91429370033198,6.844922110438195,3.1007372648616145,2.6497974592253284,0.4509398056362861,50.0
242.0,AUTOMATIC,60.0,28.176595638543496,31.869199719768357,38.873467828805396,31.869199719768357,7.004268109037037,3.1098774263044318,2.651923843185907,0.45795358311852485,50.0
243.0,AUTOMATIC,60.0,28.22308179881151,31.823404361456504,38.98678949230082,31.823404361456504,7.163385130844319,3.1189431593840657,2.6540815567039147,0.4648616026801511,50.0
244.0,AUTOMATIC,60.0,28.27024829962072,31.77691820118849,39.099187923038755,31.77691820118849,7.322269721850262,3.1279350338431002,2.6562700257509357,0.4716650080921645,50.0
245.0,AUTOMATIC,60.0,28.318084792817988,31.72975170037928,39.210670180731434,31.72975170037928,7.480918480352158,3.1368536144585146,2.658488682485818,0.4783649319726968,50.0
246.0,AUTOMATIC,60.0,28.366581042402355,31.681915207182012,39.32124326357008,31.681915207182012,7.639328056388068,3.1456994610856066,2.660736965241867,0.48496249584373974,50.0
247.0,AUTOMATIC,60.0,28.415726923421335,31.633418957597645,39.4309141087737,31.633418957597645,7.797495151176056,3.154473128701896,2.663014318512124,0.49145881018977233,50.0
248.0,AUTOMATIC,60.0,28.46551242087315,31.584273076578665,39.539689593137616,31.584273076578665,7.95541651655895,3.1631751674510094,2.665320192932799,0.49785497451821037,50.0
249.0,AUTOMATIC,60.0,28.515927628615312,31.53448757912685,39.647576533581436,31.53448757912685,8.113088954454584,3.171806122686515,2.6676540452649196,0.5041520774215953,50.0
250.0,AUTOMATIC,60.0,28.56696274827945,31.484072371384688,39.754581687696195,31.484072371384688,8.270509316311507,3.1803665350156956,2.6700153383742626,0.5103511966414329,50.0
251.0,AUTOMATIC,60.0,28.618608088192808,31.43303725172055,39.86071175429066,31.43303725172055,8.42767450257011,3.188856940343253,2.672403541209647,0.516453399133606,50.0
252.0,AUTOMATIC,60.0,28.670854062306333,31.381391911807192,39.965973373936336,31.381391911807192,8.584581462129146,3.197277869914907,2.6748181287796373,0.5224597411352696,50.0
253.0,AUTOMATIC,60.0,28.723691189129653,31.329145937693667,40.07037312951128,31.329145937693667,8.741227191817615,3.2056298503609026,2.67725858212773,0.5283712682331725,50.0
254.0,AUTOMATIC,60.0,28.77711009067298,31.276308810870347,40.17391754674232,31.276308810870347,8.897608735871968,3.2139134037393853,2.6797243883060835,0.5341890154333018,50.0
255.0,AUTOMATIC,60.0,28.83110149139616,31.22288990932702,40.27661309474562,31.22288990932702,9.053723185418603,3.22212904757965,2.682215040347855,0.5399140072317947,50.0
256.0,AUTOMATIC,60.0,28.88565621716486,31.16889850860384,40.37846618656546,31.16889850860384,9.209567677961621,3.2302772949252367,2.684730037238203,0.5455472576870339,50.0
257.0,AUTOMATIC,60.0,28.94076519421415,31.11434378283514,40.47948317971094,31.11434378283514,9.365139396875797,3.238358654376875,2.6872688838840104,0.5510897704928648,50.0
258.0,AUTOMATIC,60.0,28.996419448119433,31.05923480578585,40.57967037669057,31.05923480578585,9.520435570904727,3.246373630135246,2.689831091082401,0.5565425390528449,50.0
259.0,AUTOMATIC,60.0,29.052610102774985,31.003580551880567,40.679034025544695,31.003580551880567,9.67545347366413,3.2543227220435758,2.6924161754880798,0.561906546555496,50.0
260.0,AUTOMATIC,60.0,29.109328379380024,30.947389897225015,40.77758032037527,30.947389897225015,9.830190423150254,3.262206425630022,2.6950236595795865,0.5671827660504354,50.0
261.0,AUTOMATIC,60.0,29.166565595432566,30.890671620619976,40.87531540187333,30.890671620619976,9.984643781253354,3.2700252321498664,2.697653071624482,0.5723721605253842,50.0
262.0,AUTOMATIC,60.0,29.224313163730958,30.833434404567434,40.972245357843626,30.833434404567434,10.138810953276192,3.2777796286274903,2.7003039456435527,0.5774756829839376,50.0
263.0,AUTOMATIC,60.0,29.282562591383364,30.775686836269042,41.06837622372658,30.775686836269042,10.292689387457537,3.2854700978981266,2.7029758213740536,0.582494276524073,50.0
264.0,AUTOMATIC,60.0,29.34130547882509,30.717437408616636,41.163713983117255,30.717437408616636,10.44627657450062,3.2930971186493805,2.7056682442320676,0.5874288744173128,50.0
265.0,AUTOMATIC,60.0,29.40053351884394,30.65869452117491,41.258264568281405,30.65869452117491,10.599570047106495,3.3006611654625124,2.7083807652740175,0.5922804001884949,50.0
266.0,AUTOMATIC,60.0,29.46023849561355,30.59946648115606,41.352033860668335,30.59946648115606,10.752567379512275,3.308162708853467,2.711112941157374,0.5970497676960931,50.0
267.0,AUTOMATIC,60.0,29.52041228373485,30.53976150438645,41.44502769142066,30.53976150438645,10.905266187034208,3.315602215313653,2.7138643341006174,0.6017378812130354,50.0
268.0,AUTOMATIC,60.0,29.58104684728564,30.47958771626515,41.53725184188068,30.47958771626515,11.057664125615533,3.3229801473504548,2.716634511842495,0.6063456355079597,50.0
269.0,AUTOMATIC,60.0,29.642134238878327,30.41895315271436,41.62871204409346,30.41895315271436,11.209758891379106,3.330296963527477,2.7194230476006136,0.6108739159268635,50.0
270.0,AUTOMATIC,60.0,29.703666598725835,30.357865761121673,41.71941398130639,30.357865761121673,11.361548220184714,3.337553118504511,2.7222295200294155,0.6153235984750953,50.0
271.0,AUTOMATIC,60.0,29.765636153715796,30.296333401274165,41.80936328846525,30.296333401274165,11.513029887191085,3.34474906307722,2.7250535131775777,0.6196955498996424,50.0
272.0,AUTOMATIC,60.0,29.828035216492964,30.234363846284204,41.898565552706714,30.234363846284204,11.664201706422507,3.351885244216537,2.7278946164448783,0.6239906277716587,50.0
273.0,AUTOMATIC,60.0,29.890856184549886,30.171964783507036,41.98702631384708,30.171964783507036,11.815061530340042,3.3589621051077665,2.7307524245385633,0.6282096805692032,50.0
274.0,AUTOMATIC,60.0,29.9540915393259,30.109143815450114,42.07475106486741,30.109143815450114,11.965607249417292,3.3659800851893924,2.733626537429257,0.6323535477601352,50.0
275.0,AUTOMATIC,60.0,30.017733845314414,30.0459084606741,42.16174525239476,30.0459084606741,12.115836791720662,3.372939620191581,2.7365165603064554,0.6364230598851255,50.0
276.0,AUTOMATIC,60.0,30.08177574917849,29.982266154685586,42.24801427717968,29.982266154685586,12.26574812249409,3.3798411421743744,2.7394221035336273,0.6404190386407471,50.0
277.0,AUTOMATIC,60.0,30.14620997887475,29.91822425082151,42.3335634945697,29.91822425082151,12.415339243748196,3.3866850795655763,2.742342782602974,0.6443422969626025,50.0
278.0,AUTOMATIC,60.0,30.2110293427856,29.85379002112525,42.41839821497907,29.85379002112525,12.564608193853823,3.3934718571983256,2.7452782180898696,0.648193639108456,50.0
279.0,AUTOMATIC,60.0,30.276226728859733,29.7889706572144,42.502523704354296,29.7889706572144,12.713553047139897,3.4002018963483436,2.7482280356070166,0.651973860741327,50.0
280.0,AUTOMATIC,60.0,30.341795103760983,29.723773271140267,42.58594518463586,29.723773271140267,12.862171913495597,3.4068756147708688,2.751191865758354,0.6556837490125149,50.0
281.0,AUTOMATIC,60.0,30.407727512025435,29.658204896239017,42.66866783421581,29.658204896239017,13.010462937976794,3.413493426737265,2.7541693440927424,0.6593240826445226,50.0
282.0,AUTOMATIC,60.0,30.47401707522682,29.592272487974565,42.75069678839123,29.592272487974565,13.158424300416666,3.4200557430712983,2.757160111057455,0.6628956320138433,50.0
283.0,AUTOMATIC,60.0,30.54065699115018,29.52598292477318,42.832037139813714,29.52598292477318,13.30605421504053,3.4265629711850973,2.7601638119515126,0.6663991592335847,50.0
284.0,AUTOMATIC,60.0,30.607640532973768,29.45934300884982,42.9126939389346,29.45934300884982,13.453350930084781,3.4330155151147683,2.7631800968788744,0.6698354182358939,50.0
285.0,AUTOMATIC,60.0,30.67496104845918,29.392359467026232,42.99267219444614,29.392359467026232,13.600312727419912,3.4394137755556913,2.7662086207015264,0.6732051548541649,50.0
286.0,AUTOMATIC,60.0,30.74261195914968,29.32503895154082,43.071976873718434,29.32503895154082,13.746937922177617,3.4457581498974745,2.7692490429924854,0.6765091069049891,50.0
287.0,AUTOMATIC,60.0,30.81058675957666,29.25738804085032,43.15061290323219,29.25738804085032,13.893224862381869,3.452049032258575,2.772301027988739,0.6797480042698361,50.0
288.0,AUTOMATIC,60.0,30.878879016474304,29.18941324042334,43.228585169007324,29.18941324042334,14.039171928583984,3.4582868135205858,2.775364244544158,0.6829225689764278,50.0
289.0,AUTOMATIC,60.0,30.947482368002284,29.121120983525696,43.30589851702731,29.121120983525696,14.184777533501613,3.4644718813621846,2.7784383660823893,0.6860335152797954,50.0
290.0,AUTOMATIC,60.0,31.016390522976582,29.052517631997716,43.38255775365931,29.052517631997716,14.3300401216616,3.470604620292745,2.781523070549761,0.6890815497429839,50.0
291.0,AUTOMATIC,60.0,31.085597260108315,28.983609477023418,43.45856764607014,28.983609477023418,14.474958169046717,3.4766854116856107,2.7846180403682204,0.6920673713173904,50.0
292.0,AUTOMATIC,60.0,31.15509642725059,28.914402739891685,43.53393292263786,28.914402739891685,14.619530182746175,3.4827146338110286,2.7877229623883144,0.6949916714227142,50.0
293.0,AUTOMATIC,60.0,31.224881940653237,28.84490357274941,43.60865827335933,28.84490357274941,14.763754700609923,3.4886926618687464,2.790837527842251,0.6978551340264953,50.0
294.0,AUTOMATIC,60.0,31.294947784225563,28.775118059346763,43.68274835025342,28.775118059346763,14.907630290906656,3.4946198680202736,2.7939614322970368,0.7006584357232368,50.0
295.0,AUTOMATIC,60.0,31.365288008806875,28.705052215774437,43.75620776775997,28.705052215774437,15.051155551985529,3.5004966214207975,2.797094375607729,0.7034022458130686,50.0
296.0,AUTOMATIC,60.0,31.435896731444867,28.634711991193125,43.829041103134614,28.634711991193125,15.194329111941492,3.506323288250769,2.8002360618708053,0.7060872263799638,50.0
297.0,AUTOMATIC,60.0,31.506768134681813,28.564103268555133,43.9012528968394,28.564103268555133,15.33714962828427,3.5121002317471524,2.803386199377677,0.7087140323694752,50.0
298.0,AUTOMATIC,60.0,31.57789646584841,28.493231865318187,43.97284765292905,28.493231865318187,15.47961578761086,3.517827812234324,2.806544500568351,0.7112833116659729,50.0
299.0,AUTOMATIC,60.0,31.649276036365347,28.42210353415159,44.04382983943321,28.42210353415159,15.621726305281618,3.5235063871546566,2.8097106819852646,0.713795705169392,50.0
300.0,AUTOMATIC,60.0,31.720901221052493,28.350723963634653,44.114203888734444,28.350723963634653,15.76347992509979,3.5291363110987555,2.812884464227306,0.7162518468714496,50.0
301.0,AUTOMATIC,60.0,31.79276645744562,28.279098778947507,44.183974197942035,28.279098778947507,15.90487541899453,3.5347179358353626,2.816065571904022,0.7186523639313407,50.0
302.0,AUTOMATIC,60.0,31.864866245120716,28.20723354255438,44.25314512926168,28.20723354255438,16.0459115867073,3.5402516103409347,2.819253733590044,0.7209978767508907,50.0
303.0,AUTOMATIC,60.0,31.937195145025626,28.135133754879284,44.32172101036099,28.135133754879284,16.1865872554817,3.545737680828879,2.822448681779738,0.7232889990491409,50.0
304.0,AUTOMATIC,60.0,32.00974777881927,28.062804854974374,44.38970613473094,28.062804854974374,16.326901279756573,3.5511764907784755,2.8256501528420683,0.7255263379364072,50.0
305.0,AUTOMATIC,60.0,32.08251882821804,27.990252221180732,44.4571047620432,27.990252221180732,16.466852540862472,3.5565683809634563,2.828857886975735,0.7277104939877215,50.0
306.0,AUTOMATIC,60.0,32.155503034349614,27.917481171781958,44.52392111850334,27.917481171781958,16.606439946721384,3.561913689480267,2.832071628164533,0.7298420613157344,50.0
307.0,AUTOMATIC,60.0,32.22869519711391,27.844496965650386,44.590159397200026,27.844496965650386,16.745662431549636,3.567212751776002,2.835291124133006,0.7319216276429961,50.0
308.0,AUTOMATIC,60.0,32.302090174551275,27.771304802886092,44.655823758450154,27.771304802886092,16.884518955564065,3.572465900676012,2.838516126302346,0.733949774373666,50.0
309.0,AUTOMATIC,60.0,32.37568288221773,27.697909825448725,44.72091833014004,27.697909825448725,17.023008504691308,3.577673466411203,2.8417463897465973,0.7359270766646056,50.0
310.0,AUTOMATIC,60.0,32.44946829256731,27.62431711778227,44.78544720806249,27.62431711778227,17.16113009028022,3.5828357766449996,2.8449816731491318,0.7378541034958679,50.0
311.0,AUTOMATIC,60.0,32.523441434341365,27.55053170743269,44.849414456250074,27.55053170743269,17.298882748817384,3.587953156500006,2.8482217387594364,0.7397314177405696,50.0
312.0,AUTOMATIC,60.0,32.597597391964776,27.476558565658635,44.91282410730431,27.476558565658635,17.436265541645675,3.593025928584345,2.8514663523501977,0.7415595762341471,50.0
313.0,AUTOMATIC,60.0,32.67193130494907,27.402402608035224,44.975680162721076,27.402402608035224,17.573277554685852,3.598054413017686,2.8547152831746976,0.7433391298429886,50.0
314.0,AUTOMATIC,60.0,32.74643836730232,27.32806869505093,45.03798659321204,27.32806869505093,17.709917898161105,3.603038927456963,2.8579683039245323,0.7450706235324307,50.0
315.0,AUTOMATIC,60.0,32.821113826945734,27.253561632697682,45.09974733902228,27.253561632697682,17.846185706324597,3.6079797871217822,2.8612251906876502,0.746754596434132,50.0
316.0,AUTOMATIC,60.0,32.895952985137015,27.178886173054266,45.160966310244135,27.178886173054266,17.982080137189868,3.6128773048195306,2.86448572290672,0.7483915819128106,50.0
317.0,AUTOMATIC,60.0,32.97095119590025,27.104047014862985,45.22164738712716,27.104047014862985,18.11760037226418,3.617731790970173,2.867749683337835,0.7499821076323379,50.0
318.0,AUTOMATIC,60.0,33.04610386546237,27.02904880409975,45.28179442038443,27.02904880409975,18.252745616284678,3.6225435536307544,2.871016858009556,0.7515266956211986,50.0
319.0,AUTOMATIC,60.0,33.1214064516961,26.95389613453763,45.341411231494995,26.95389613453763,18.387515096957365,3.6273128985195995,2.8742870361822934,0.7530258623373061,50.0
320.0,AUTOMATIC,60.0,33.196854463569316,26.878593548303897,45.40050161300278,26.878593548303897,18.521908064698884,3.6320401290402224,2.8775600103080428,0.7544801187321797,50.0
321.0,AUTOMATIC,60.0,33.27244346060076,26.803145536430684,45.45906932881172,26.803145536430684,18.65592379238104,3.636725546304938,2.8808355759904676,0.7558899703144704,50.0
322.0,AUTOMATIC,60.0,33.34816905232205,26.727556539399238,45.51711811447727,26.727556539399238,18.789561575078036,3.641369449158182,2.884113531945334,0.7572559172128477,50.0
323.0,AUTOMATIC,60.0,33.42402689774587,26.65183094767795,45.57465167749437,26.65183094767795,18.922820729816426,3.6459721341995497,2.8873936799613094,0.7585784542382403,50.0
324.0,AUTOMATIC,60.0,33.500012704840415,26.57597310225413,45.631673697581824,26.57597310225413,19.055700595327693,3.650533895806546,2.8906758248611113,0.7598580709454348,50.0
325.0,AUTOMATIC,60.0,33.57612223000982,26.499987295159585,45.68818782696307,26.499987295159585,19.188200531803492,3.655055026157046,2.8939597744630285,0.7610952516940173,50.0
326.0,AUTOMATIC,60.0,33.65235127758069,26.423877769990177,45.74419769064362,26.423877769990177,19.320319920653443,3.6595358152514894,2.8972453395427964,0.762290475708693,50.0
327.0,AUTOMATIC,60.0,33.72869569929458,26.347648722419308,45.799706886684845,26.347648722419308,19.452058164265537,3.6639765509347875,2.9005323337958453,0.7634442171389422,50.0
328.0,AUTOMATIC,60.0,33.80515139380639,26.271304300705417,45.85471898647448,26.271304300705417,19.583414685769064,3.6683775189179584,2.903820573799911,0.7645569451180472,50.0
329.0,AUTOMATIC,60.0,33.881714306188535,26.19484860619361,45.90923753499364,26.19484860619361,19.714388928800034,3.6727390027994913,2.90710987897802,0.7656291238214714,50.0
330.0,AUTOMATIC,60.0,33.95838042744099,26.118285693811465,45.96326605108055,26.118285693811465,19.84498035726909,3.6770612840864443,2.910400071561835,0.7666612125246095,50.0
331.0,AUTOMATIC,60.0,34.03514579400698,26.041619572559007,46.01680802769089,26.041619572559007,19.975188455131885,3.6813446422152714,2.913690976555381,0.7676536656598905,50.0
332.0,AUTOMATIC,60.0,34.1120064872943,25.96485420599302,46.06986693215487,25.96485420599302,20.105012726161853,3.68558935457239,2.9169824216991342,0.7686069328732557,50.0
333.0,AUTOMATIC,60.0,34.188958633202304,25.887993512705698,46.12244620643108,25.887993512705698,20.23445269372538,3.6897956965144862,2.920274237434487,0.769521459079999,50.0
334.0,AUTOMATIC,60.0,34.2659984016543,25.811041366797696,46.174549267357065,25.811041366797696,20.36350790055937,3.6939639413885654,2.9235662568685825,0.7703976845199829,50.0
335.0,AUTOMATIC,60.0,34.34312200613552,25.7340015983457,46.2261795068968,25.7340015983457,20.4921779085511,3.698094360551744,2.9268583157395196,0.7712360448122242,50.0
336.0,AUTOMATIC,60.0,34.4203257032364,25.656877993864477,46.27734029238489,25.656877993864477,20.62046229852042,3.7021872233907915,2.930150252381929,0.7720369710088626,50.0
337.0,AUTOMATIC,60.0,34.497605792201256,25.5796742967636,46.32803496676783,25.5796742967636,20.748360670004235,3.7062427973414263,2.9334419076929237,0.7728008896485026,50.0
338.0,AUTOMATIC,60.0,34.57495861448215,25.502394207798744,46.378266848841974,25.502394207798744,20.87587264104323,3.710261347907358,2.9367331250984168,0.7735282228089413,50.0
339.0,AUTOMATIC,60.0,34.65238055329808,25.42504138551785,46.42803923348867,25.42504138551785,21.002997847970818,3.7142431386790933,2.9400237505198046,0.7742193881592887,50.0
340.0,AUTOMATIC,60.0,34.729868033199224,25.34761944670192,46.47735539190625,25.34761944670192,21.12973594520433,3.7181884313525,2.943313632341025,0.7748747990114748,50.0
341.0,AUTOMATIC,60.0,34.80741751963634,25.270131966800776,46.52621857183911,25.270131966800776,21.25608660503833,3.722097485747129,2.9466026213759817,0.7754948643711472,50.0
342.0,AUTOMATIC,60.0,34.88502551853514,25.19258248036366,46.57463199780381,25.19258248036366,21.38204951744015,3.725970559824305,2.949890570836329,0.7760799889879757,50.0
343.0,AUTOMATIC,60.0,34.96268857587567,25.114974481464863,46.622598871312334,25.114974481464863,21.507624389847475,3.7298079097049865,2.953177336299631,0.7766305734053556,50.0
344.0,AUTOMATIC,60.0,35.040403277276624,25.037311424124333,46.67012237109243,25.037311424124333,21.6328109469681,3.7336097896873945,2.956462775677874,0.7771470140095205,50.0
345.0,AUTOMATIC,60.0,35.11816624758443,24.959596722723376,46.717205653305086,24.959596722723376,21.757608930581714,3.737376452264407,2.9597467491863485,0.7776297030780586,50.0
346.0,AUTOMATIC,60.0,35.195974150467215,24.881833752415567,46.763851851759355,24.881833752415567,21.882018099343792,3.741108148140748,2.9630291193128877,0.7780790288278605,50.0
347.0,AUTOMATIC,60.0,35.273823688013465,24.804025849532785,46.81006407812424,24.804025849532785,22.006038228591457,3.7448051262499393,2.9663097507874667,0.7784953754624726,50.0
348.0,AUTOMATIC,60.0,35.35171160033535,24.726176311986535,46.855845422137925,24.726176311986535,22.12966911015139,3.748467633771034,2.969588510552155,0.778879123218879,50.0
349.0,AUTOMATIC,60.0,35.42963466517672,24.64828839966465,46.901198951814365,24.64828839966465,22.252910552149714,3.7520959161451493,2.972865267731425,0.7792306484137241,50.0
350.0,AUTOMATIC,60.0,35.50758969752562,24.57036533482328,46.946127713647115,24.57036533482328,22.375762378823833,3.7556902170917694,2.976139893602816,0.7795503234889534,50.0
351.0,AUTOMATIC,60.0,35.585573549231306,24.492410302474383,46.99063473281059,24.492410302474383,22.498224430336204,3.7592507786248475,2.9794122615679433,0.7798385170569042,50.0
352.0,AUTOMATIC,60.0,35.663583108625794,24.414426450768694,47.03472301335874,24.414426450768694,22.62029656259005,3.7627778410686994,2.982682247123858,0.7800955939448415,50.0
353.0,AUTOMATIC,60.0,35.74161530014969,24.336416891374206,47.07839553842112,24.336416891374206,22.741978647046917,3.7662716430736896,2.9859497278347553,0.7803219152389342,50.0
354.0,AUTOMATIC,60.0,35.81966708398245,24.25838469985031,47.12165527039648,24.25838469985031,22.86327057054617,3.7697324216317183,2.98921458330402,0.7805178383276985,50.0
355.0,AUTOMATIC,60.0,35.89773545567694,24.180332916017548,47.16450515114381,24.180332916017548,22.98417223512626,3.7731604120915048,2.9924766951466157,0.780683716944889,50.0
356.0,AUTOMATIC,60.0,35.97581744579812,24.102264544323063,47.206948102170934,24.102264544323063,23.10468355784787,3.7765558481736745,2.9957359469618208,0.7808199012118537,50.0
357.0,AUTOMATIC,60.0,36.05391011956606,24.02418255420188,47.24898702482076,24.02418255420188,23.224804470618878,3.7799189619856604,2.99899222430628,0.7809267376793803,50.0
358.0,AUTOMATIC,60.0,36.13201057650296,23.946089880433938,47.290624800454985,23.946089880433938,23.344534920021047,3.7832499840363987,3.0022454146674145,0.7810045693689842,50.0
359.0,AUTOMATIC,60.0,36.21011595008433,23.867989423497043,47.33186429063558,23.867989423497043,23.463874867138536,3.7865491432508462,3.00549540743714,0.7810537358137064,50.0
360.0,AUTOMATIC,60.0,36.28822340739416,23.78988404991567,47.372708337303784,23.78988404991567,23.582824287388114,3.7898166669843025,3.008742093885929,0.7810745730983735,50.0
361.0,AUTOMATIC,60.0,36.36633014878411,23.711776592605837,47.41315976295698,23.711776592605837,23.701383170351143,3.7930527810365584,3.0119853671371883,0.7810674138993701,50.0
362.0,AUTOMATIC,60.0,36.4444334075365,23.633669851215892,47.453221370823115,23.633669851215892,23.81955151960722,3.7962577096658494,3.015225122141965,0.7810325875238844,50.0
363.0,AUTOMATIC,60.0,36.522530449531374,23.5555665924635,47.49289594503304,23.5555665924635,23.93732935256954,3.7994316756026434,3.0184612556539676,0.7809704199486758,50.0
364.0,AUTOMATIC,60.0,36.60061857291721,23.477469550468626,47.53218625079051,23.477469550468626,24.054716700321883,3.8025749000632407,3.0216936662049054,0.7808812338583353,50.0
365.0,AUTOMATIC,60.0,36.67869510778552,23.399381427082787,47.57109503454008,23.399381427082787,24.171713607457296,3.8056876027632063,3.0249222540801446,0.7807653486830617,50.0
366.0,AUTOMATIC,60.0,36.75675741584911,23.321304892214478,47.609625024132846,23.321304892214478,24.28832013191837,3.8087700019306276,3.0281469212946686,0.7806230806359591,50.0
367.0,AUTOMATIC,60.0,36.834802890124095,23.24324258415089,47.647778928990014,23.24324258415089,24.404536344839123,3.811822314319201,3.0313675715693527,0.7804547427498485,50.0
368.0,AUTOMATIC,60.0,36.912828954615456,23.165197109875905,47.68555944026441,23.165197109875905,24.520362330388505,3.814844755221153,3.0345841103075433,0.7802606449136098,50.0
369.0,AUTOMATIC,60.0,36.99083306400626,23.087171045384544,47.72296923099997,23.087171045384544,24.63579818561543,3.817837538479998,3.0377964445719305,0.7800410939080673,50.0
370.0,AUTOMATIC,60.0,37.0688127033504,23.00916693599374,47.760010956289136,23.00916693599374,24.750844020295396,3.8208008765031307,3.0410044830617347,0.7797963934413961,50.0
371.0,AUTOMATIC,60.0,37.146765387768816,22.931187296649597,47.796687253428246,22.931187296649597,24.865499956778645,3.8237349802742595,3.0442081360901723,0.7795268441840872,50.0
372.0,AUTOMATIC,60.0,37.224688662149156,22.853234612231184,47.83300074207098,22.853234612231184,24.9797661298398,3.8266400593656784,3.047407315562231,0.7792327438034472,50.0
373.0,AUTOMATIC,60.0,37.30258010084892,22.775311337850844,47.8689540243799,22.775311337850844,25.093642686529055,3.829516321950392,3.050601934952722,0.7789143869976702,50.0
374.0,AUTOMATIC,60.0,37.38043730740186,22.69741989915108,47.904549685175894,22.69741989915108,25.20712978602481,3.8323639748140716,3.053791909284624,0.7785720655294477,50.0
375.0,AUTOMATIC,60.0,37.45825791422778,22.619562692598137,47.939790292085945,22.619562692598137,25.320227599487804,3.8351832233668754,3.0569771551077163,0.7782060682591592,50.0
376.0,AUTOMATIC,60.0,37.53603958234555,22.54174208577222,47.97467839568888,22.54174208577222,25.432936309916663,3.837974271655111,3.0601575904774814,0.7778166811776295,50.0
377.0,AUTOMATIC,60.0,37.613780001089395,22.463960417654448,48.00921652965938,22.463960417654448,25.545256112004935,3.8407373223727506,3.0633331349342976,0.777404187438453,50.0
378.0,AUTOMATIC,60.0,37.691476887828394,22.386219998910605,48.04340721091009,22.386219998910605,25.65718721199949,3.843472576872807,3.0665037094828937,0.7769688673899133,50.0
379.0,AUTOMATIC,60.0,37.76912798768904,22.308523112171606,48.07725293973195,22.308523112171606,25.768729827560346,3.846180235178556,3.0696692365720937,0.7765109986064624,50.0
380.0,AUTOMATIC,60.0,37.84673107328103,22.23087201231096,48.110756199932865,22.23087201231096,25.8798841876219,3.848860495994629,3.0728296400748056,0.7760308559198235,50.0
381.0,AUTOMATIC,60.0,37.924283944425994,22.153268926718972,48.143919458974466,22.153268926718972,25.990650532255497,3.8515135567179573,3.0759848452683016,0.7755287114496556,50.0
382.0,AUTOMATIC,60.0,38.00178442788938,22.075716055574006,48.176745168107374,22.075716055574006,26.101029112533364,3.8541396134485897,3.07913477881474,0.7750048346338496,50.0
383.0,AUTOMATIC,60.0,38.07923037711522,21.998215572110617,48.209235762504534,21.998215572110617,26.21102019039392,3.8567388610003626,3.082279368741962,0.7744594922584005,50.0
384.0,AUTOMATIC,60.0,38.15661967196391,21.920769622884777,48.24139366139312,21.920769622884777,26.320624038508345,3.8593114929114494,3.0854185444245337,0.7738929484869157,50.0
385.0,AUTOMATIC,60.0,38.23395021845288,21.84338032803609,48.273221268184614,21.84338032803609,26.429840940148523,3.861857701454769,3.088552236565051,0.773305464889718,50.0
386.0,AUTOMATIC,60.0,38.31121994850014,21.766049781547117,48.30472097060338,21.766049781547117,26.53867118905626,3.86437767764827,3.091680377175691,0.7726973004725792,50.0
387.0,AUTOMATIC,60.0,38.38842681967065,21.68878005149986,48.33589514081362,21.68878005149986,26.647115089313758,3.8668716112650894,3.094802899560008,0.7720687117050815,50.0
388.0,AUTOMATIC,60.0,38.4655688149255,21.61157318032935,48.36674613554476,21.61157318032935,26.755172955215404,3.8693396908435806,3.0979197382949843,0.7714199525485963,50.0
389.0,AUTOMATIC,60.0,38.54264394237389,21.534431185074503,48.39727629621528,21.534431185074503,26.86284511114078,3.8717821036972224,3.1010308292133075,0.7707512744839149,50.0
390.0,AUTOMATIC,60.0,38.61965023502775,21.457356057626107,48.42748794905502,21.457356057626107,26.97013189142891,3.8741990359244016,3.1041361093859066,0.7700629265384951,50.0
391.0,AUTOMATIC,60.0,38.696585750559095,21.38034976497225,48.457383405226025,21.38034976497225,27.077033640253774,3.876590672418082,3.107235517104704,0.7693551553133777,50.0
392.0,AUTOMATIC,60.0,38.77344857106007,21.303414249440905,48.486964960941876,21.303414249440905,27.183550711500974,3.87895719687535,3.1103289918656154,0.7686282050097346,50.0
393.0,AUTOMATIC,60.0,38.85023680280558,21.226551428939928,48.516234897585605,21.226551428939928,27.289683468645677,3.8812987918068482,3.1134164743517716,0.7678823174550766,50.0
394.0,AUTOMATIC,60.0,38.926948576018496,21.149763197194417,48.54519548182607,21.149763197194417,27.39543228463165,3.8836156385460856,3.116497906416976,0.7671177321291096,50.0
395.0,AUTOMATIC,60.0,39.003582044637426,21.073051423981504,48.573848965733056,21.073051423981504,27.500797541751552,3.8859079172586446,3.119573231069376,0.7663346861892686,50.0
396.0,AUTOMATIC,60.0,39.080135386087015,20.996417955362574,48.60219758689094,20.996417955362574,27.605779631528367,3.888175806951275,3.1226423924553637,0.7655334144959114,50.0
397.0,AUTOMATIC,60.0,39.156606801050735,20.919864613912985,48.63024356851092,20.919864613912985,27.71037895459793,3.890419485480874,3.1257053358436964,0.7647141496371774,50.0
398.0,AUTOMATIC,60.0,39.2329945132461,20.843393198949265,48.657989119541945,20.843393198949265,27.81459592059268,3.8926391295633556,3.1287620076098284,0.7638771219535272,50.0
399.0,AUTOMATIC,60.0,39.3092967692023,20.767005486753902,48.68543643478035,20.767005486753902,27.918430948026447,3.894834914782428,3.13181235522046,0.7630225595619677,50.0
400.0,AUTOMATIC,60.0,39.3855118380403,20.690703230797702,48.71258769497814,20.690703230797702,28.021884464180438,3.897007015598251,3.1348563272182943,0.7621506883799567,50.0
401.0,AUTOMATIC,60.0,39.4616380112552,20.6144881619597,48.73944506694993,20.6144881619597,28.124956904990235,3.8991556053559946,3.137893873207007,0.7612617321489874,50.0
402.0,AUTOMATIC,60.0,39.53767360250099,20.538361988744803,48.766010703678766,20.538361988744803,28.227648714933963,3.901280856294301,3.1409249438364166,0.7603559124578845,50.0
403.0,AUTOMATIC,60.0,39.613616947377565,20.462326397499012,48.792286744420466,20.462326397499012,28.329960346921457,3.9033829395536372,3.1439494907878607,0.7594334487657766,50.0
404.0,AUTOMATIC,60.0,39.689466403220045,20.386383052622435,48.818275314807,20.386383052622435,28.43189226218457,3.90546202518456,3.146967466759768,0.7584945584247924,50.0
405.0,AUTOMATIC,60.0,39.76522034889029,20.310533596779955,48.843978526948426,20.310533596779955,28.53344493016847,3.9075182821558743,3.1499788254534367,0.7575394567024376,50.0
406.0,AUTOMATIC,60.0,39.84087718457066,20.23477965110971,48.86939847953373,20.23477965110971,28.634618828424017,3.909551878362698,3.1529835215589967,0.7565683568037014,50.0
407.0,AUTOMATIC,60.0,39.916435331559946,20.159122815429342,48.89453725793051,20.159122815429342,28.735414442501167,3.9115629806344407,3.155981510741573,0.7555814698928676,50.0
408.0,AUTOMATIC,60.0,39.99189323207145,20.083564668440054,48.91939693428342,20.083564668440054,28.835832265843365,3.9135517547426737,3.158972749627636,0.7545790051150378,50.0
409.0,AUTOMATIC,60.0,40.06724934903318,20.008106767928552,48.943979567611564,20.008106767928552,28.935872799683008,3.915518365408925,3.161957195791534,0.7535611696173912,50.0
410.0,AUTOMATIC,60.0,40.1425021658902,19.932750650966817,48.96828720390466,19.932750650966817,29.03553655293784,3.9174629763123727,3.1649348077422217,0.752528168570151,50.0
411.0,AUTOMATIC,60.0,40.217650186408925,19.8574978341098,48.99232187621819,19.8574978341098,29.13482404210839,3.9193857500974554,3.1679055449101616,0.7514802051872937,50.0
412.0,AUTOMATIC,60.0,40.29269193448362,19.782349813591075,49.016085604767426,19.782349813591075,29.233735791176347,3.921286848381394,3.170869367634408,0.7504174807469859,50.0
413.0,AUTOMATIC,60.0,40.367625953944795,19.70730806551638,49.03958039702031,19.70730806551638,29.33227233150393,3.923166431761625,3.1738262371498704,0.7493401946117544,50.0
414.0,AUTOMATIC,60.0,40.44245080836963,19.632374046055205,49.062808247789405,19.632374046055205,29.4304342017342,3.9250246598231526,3.1767761155747505,0.7482485442484021,50.0
415.0,AUTOMATIC,60.0,40.517165080894394,19.557549191630372,49.08577113932273,19.557549191630372,29.528221947692355,3.9268616911458185,3.179718965898151,0.7471427252476674,50.0
416.0,AUTOMATIC,60.0,40.59176737402876,19.482834919105606,49.108471041393486,19.482834919105606,29.625636122287883,3.928677683311479,3.18265475196786,0.7460229313436191,50.0
417.0,AUTOMATIC,60.0,40.66625630947204,19.408232625971237,49.13090991138898,19.408232625971237,29.722677285417742,3.9304727929111185,3.185583438478294,0.7448893544328246,50.0
418.0,AUTOMATIC,60.0,40.740630527931366,19.33374369052796,49.15308969439834,19.33374369052796,29.81934600387038,3.932247175551867,3.1885049909586165,0.7437421845932506,50.0
419.0,AUTOMATIC,60.0,40.814888688941664,19.259369472068634,49.175012323299356,19.259369472068634,29.915642851230725,3.9340009858639484,3.191419375761017,0.7425816101029312,50.0
420.0,AUTOMATIC,60.0,40.8890294706875,19.185111311058336,49.19667971884435,19.185111311058336,30.01156840778602,3.935734377507548,3.194326560049147,0.7414078174584011,50.0
421.0,AUTOMATIC,60.0,40.96305156982679,19.110970529312503,49.21809378974508,19.110970529312503,30.107123260432584,3.9374475031796066,3.1972265117867193,0.7402209913928872,50.0
422.0,AUTOMATIC,60.0,41.03695370131622,19.03694843017321,49.23925643275666,19.03694843017321,30.20230800258345,3.939140514620533,3.2001191997262692,0.7390213148942637,50.0
423.0,AUTOMATIC,60.0,41.110734598238494,18.96304629868378,49.26016953276064,18.96304629868378,30.297123234076867,3.9408135626208516,3.2030045933980573,0.7378089692227943,50.0
424.0,AUTOMATIC,60.0,41.18439301163136,18.889265401761506,49.28083496284718,18.889265401761506,30.391569561085674,3.9424667970277745,3.205882663099138,0.7365841339286363,50.0
425.0,AUTOMATIC,60.0,41.25792771031826,18.815606988368643,49.30125458439616,18.815606988368643,30.48564759602752,3.9441003667516927,3.2087533798825736,0.7353469868691191,50.0
426.0,AUTOMATIC,60.0,41.33133748074084,18.742072289681737,49.321430247157664,18.742072289681737,30.579357957475928,3.9457144197726133,3.2116167155467923,0.734097704225821,50.0
427.0,AUTOMATIC,60.0,41.40462112679298,18.668662519259158,49.34136378933138,18.668662519259158,30.67270127007222,3.9473091031465106,3.2144726426251022,0.7328364605214084,50.0
428.0,AUTOMATIC,60.0,41.47777746965661,18.595378873207018,49.361057037645274,18.595378873207018,30.765678164438256,3.948884563011622,3.2173211343753434,0.7315634286362784,50.0
429.0,AUTOMATIC,60.0,41.550805347639105,18.52222253034339,49.380511807433365,18.52222253034339,30.85828927708997,3.950440944594669,3.22016216476968,0.7302787798249892,50.0
430.0,AUTOMATIC,60.0,41.62370361601235,18.449194652360895,49.39972990271267,18.449194652360895,30.950535250351777,3.9519783922170135,3.222995708484542,0.7289826837324713,50.0
431.0,AUTOMATIC,60.0,41.69647114685335,18.37629638398765,49.41871311625937,18.37629638398765,31.042416732271715,3.9534970493007493,3.225821740890697,0.7276753084100522,50.0
432.0,AUTOMATIC,60.0,41.76910682888648,18.303528853146652,49.4374632296841,18.303528853146652,31.133934376537447,3.954997058374728,3.228640238043461,0.7263568203312669,50.0
433.0,AUTOMATIC,60.0,41.841609567327225,18.23089317111352,49.45598201350653,18.23089317111352,31.22508884239301,3.956478561080522,3.2314511766730467,0.7250273844074755,50.0
434.0,AUTOMATIC,60.0,41.91397828372756,18.158390432672775,49.47427122722915,18.158390432672775,31.315880794556374,3.9579416981783324,3.23425453417504,0.7236871640032922,50.0
435.0,AUTOMATIC,60.0,41.986211915822736,18.08602171627244,49.49233261941018,18.08602171627244,31.406310903137737,3.9593866095528143,3.237050288601011,0.7223363209518032,50.0
436.0,AUTOMATIC,60.0,42.0583094173797,18.013788084177264,49.51016792773589,18.013788084177264,31.496379843558625,3.9608134342188714,3.239838418649252,0.7209750155696195,50.0
437.0,AUTOMATIC,60.0,42.130269758046865,17.941690582620303,49.527778879092025,17.941690582620303,31.586088296471726,3.962222310327362,3.242618903655643,0.7196034066717192,50.0
438.0,AUTOMATIC,60.0,42.20209192320547,17.869730241953135,49.545167189634626,17.869730241953135,31.675436947681494,3.96361337517077,3.2453917235846452,0.7182216515861248,50.0
439.0,AUTOMATIC,60.0,42.27377491382231,17.797908076794528,49.562334564859995,17.797908076794528,31.764426488065464,3.9649867651887996,3.248156859020415,0.7168299061683845,50.0
440.0,AUTOMATIC,60.0,42.3453177463039,17.726225086177692,49.579282699674046,17.726225086177692,31.853057613496354,3.9663426159739235,3.250914291158039,0.7154283248158846,50.0
441.0,AUTOMATIC,60.0,42.4167194523521,17.6546822536961,49.59601327846093,17.6546822536961,31.941331024764832,3.9676810622768746,3.253664001794896,0.7140170604819787,50.0
442.0,AUTOMATIC,60.0,42.48797907882109,17.583280547647902,49.612527975150975,17.583280547647902,32.02924742750307,3.969002238012078,3.256405973322126,0.7125962646899522,50.0
443.0,AUTOMATIC,60.0,42.55909568757577,17.51202092117891,49.62882845328787,17.51202092117891,32.116807532108965,3.9703062762630297,3.2591401887162315,0.7111660875467982,50.0
444.0,AUTOMATIC,60.0,42.630068355351455,17.44090431242423,49.644916366095316,17.44090431242423,32.204012053671086,3.971593309287625,3.2618666315307774,0.7097266777568478,50.0
445.0,AUTOMATIC,60.0,42.70089617361498,17.369931644648545,49.660793356542875,17.369931644648545,32.29086171189433,3.97286346852343,3.2645852858882183,0.7082781826352118,50.0
446.0,AUTOMATIC,60.0,42.77157824842708,17.29910382638502,49.676461057411274,17.29910382638502,32.37735723102625,3.974116884592902,3.2672961364718294,0.7068207481210727,50.0
447.0,AUTOMATIC,60.0,42.842113700306165,17.228421751572917,49.69192109135703,17.228421751572917,32.463499339784114,3.9753536873085626,3.2699991685177494,0.7053545187908132,50.0
448.0,AUTOMATIC,60.0,42.91250166409327,17.157886299693835,49.70717507097642,17.157886299693835,32.54928877128258,3.9765740056781134,3.2726943678071345,0.7038796378709788,50.0
449.0,AUTOMATIC,60.0,42.98274128881839,17.08749833590673,49.722224598868856,17.08749833590673,32.634726262962126,3.9777779679095087,3.275381720658421,0.7023962472510878,50.0
450.0,AUTOMATIC,60.0,43.05283173756802,17.01725871118161,49.73707126769964,17.01725871118161,32.71981255651803,3.978965701415971,3.2780612139196847,0.7009044874962864,50.0
451.0,AUTOMATIC,60.0,43.12277218735401,16.94716826243198,49.75171666026217,16.94716826243198,32.80454839783019,3.9801373328209735,3.2807328349611167,0.6994044978598568,50.0
452.0,AUTOMATIC,60.0,43.192561828983564,16.87722781264599,49.766162349539414,16.87722781264599,32.88893453689342,3.981292987963153,3.283396571667593,0.6978964162955599,50.0
453.0,AUTOMATIC,60.0,43.262199866930544,16.807438171016436,49.780409898764944,16.807438171016436,32.97297172774851,3.9824327919011955,3.2860524124313493,0.6963803794698462,50.0
454.0,AUTOMATIC,60.0,43.33168551920794,16.737800133069456,49.79446086148331,16.737800133069456,33.05666072841385,3.9835568689186647,3.2887003461447555,0.6948565227739092,50.0
455.0,AUTOMATIC,60.0,43.4010180172415,16.668314480792063,49.808316781609875,16.668314480792063,33.14000230081781,3.98466534252879,3.2913403621931874,0.6933249803356025,50.0
456.0,AUTOMATIC,60.0,43.47019660574462,16.598981982758502,49.82197919349011,16.598981982758502,33.222997210731606,3.9857583354792085,3.2939724504479964,0.6917858850312122,50.0
457.0,AUTOMATIC,60.0,43.53922054259433,16.52980339425538,49.83544962195826,16.52980339425538,33.30564622770288,3.986835969756661,3.296596601259571,0.6902393684970898,50.0
458.0,AUTOMATIC,60.0,43.60808909870845,16.46077945740567,49.848729582395585,16.46077945740567,33.38795012498991,3.9878983665916468,3.299212805450504,0.6886855611411429,50.0
459.0,AUTOMATIC,60.0,43.676801557923866,16.391910901291553,49.86182058078792,16.391910901291553,33.46990967949637,3.9889456464630335,3.3018210543088355,0.687124592154198,50.0
460.0,AUTOMATIC,60.0,43.74535721687599,16.323198442076134,49.87472411378288,16.323198442076134,33.55152567170675,3.9899779291026305,3.304421339581405,0.6855565895212257,50.0
461.0,AUTOMATIC,60.0,43.81375538487923,16.254642783124012,49.88744166874638,16.254642783124012,33.63279888562237,3.990995333499711,3.3070136534672785,0.6839816800324323,50.0
462.0,AUTOMATIC,60.0,43.88199538380865,16.18624461512077,49.899974723818744,16.18624461512077,33.71373010869797,3.9919979779054997,3.3095979886112765,0.6823999892942232,50.0
463.0,AUTOMATIC,60.0,43.950076547982654,16.11800461619135,49.91232474797028,16.11800461619135,33.79432013177893,3.9929859798376226,3.3121743380975834,0.6808116417400392,50.0
464.0,AUTOMATIC,60.0,44.01799822404676,16.049923452017346,49.924493201056364,16.049923452017346,33.87456974903902,3.993959456084509,3.314742695443443,0.679216760641066,50.0
465.0,AUTOMATIC,60.0,44.08575977085844,15.982001775953243,49.936481533872026,15.982001775953243,33.95447975791878,3.994918522709762,3.317303054592946,0.6776154681168158,50.0
466.0,AUTOMATIC,60.0,44.15336055937299,15.914240229141562,49.948291188206056,15.914240229141562,34.034050959064494,3.9958632950564845,3.3198554099108915,0.6760078851455931,50.0
467.0,AUTOMATIC,60.0,44.22079997253047,15.846639440627008,49.95992359689463,15.846639440627008,34.113284156267625,3.9967938877515707,3.3223997561767376,0.6743941315748332,50.0
468.0,AUTOMATIC,60.0,44.2880774051436,15.779200027469528,49.9713801838745,15.779200027469528,34.19218015640497,3.9977104147099602,3.3249360885786388,0.6727743261313215,50.0
469.0,AUTOMATIC,60.0,44.35519226378673,15.711922594856397,49.98266236423565,15.711922594856397,34.270739769379254,3.998612989138852,3.327464402707548,0.671148586431304,50.0
470.0,AUTOMATIC,60.0,44.42214396668578,15.644807736213266,49.993771544273585,15.644807736213266,34.34896380806032,3.999501723541887,3.3299846945514155,0.6695170289904713,50.0
471.0,AUTOMATIC,60.0,44.48893194360915,15.57785603331422,50.00470912154111,15.57785603331422,34.42685308822689,4.000376729723289,3.332496960489453,0.6678797692338359,50.0
472.0,AUTOMATIC,60.0,44.5555556357597,15.511068056390847,50.01547648489969,15.511068056390847,34.504408428508846,4.001238118791975,3.3350011972864846,0.6662369215054906,50.0
473.0,AUTOMATIC,60.0,44.622014495667536,15.444444364240297,50.026075014570345,15.444444364240297,34.58163065033005,4.002086001165628,3.337497402087367,0.664588599078261,50.0
474.0,AUTOMATIC,60.0,44.68830798708387,15.377985504332464,50.036506082184175,15.377985504332464,34.65852057785171,4.002920486574734,3.339985572411486,0.6629349141632477,50.0
475.0,AUTOMATIC,60.0,44.75443558487579,15.311692012916133,50.046771050832426,15.311692012916133,34.73507903791629,4.003741684066594,3.3424657061473297,0.6612759779192645,50.0
476.0,AUTOMATIC,60.0,44.820396774922,15.245564415124207,50.056871275116116,15.245564415124207,34.81130685999191,4.004549702009289,3.3449378015471303,0.6596119004621586,50.0
477.0,AUTOMATIC,60.0,44.88619105400941,15.179603225077997,50.0668081011953,15.179603225077997,34.8872048761173,4.005344648095624,3.3474018572215822,0.6579427908740421,50.0
478.0,AUTOMATIC,60.0,44.95181792973065,15.113808945990591,50.076582866837846,15.113808945990591,34.962773920847255,4.006126629347028,3.34985787213463,0.656268757212398,50.0
479.0,AUTOMATIC,60.0,45.01727692038256,15.048182070269348,50.08619690146795,15.048182070269348,35.0380148311986,4.006895752117436,3.3523058455983197,0.6545899065191163,50.0
480.0,AUTOMATIC,60.0,45.0825675548655,14.982723079617443,50.09565152621413,14.982723079617443,35.11292844659668,4.00765212209713,3.354745777267726,0.6529063448294039,50.0
481.0,AUTOMATIC,60.0,45.147689372583564,14.917432445134502,50.10494805395686,14.917432445134502,35.18751560882236,4.008395844316549,3.3571776671359492,0.6512181771806,50.0
482.0,AUTOMATIC,60.0,45.21264192334565,14.852310627416436,50.11408778937587,14.852310627416436,35.26177716195944,4.00912702315007,3.359601515529169,0.6495255076209006,50.0
483.0,AUTOMATIC,60.0,45.27742476726745,14.78735807665435,50.12307202899706,14.78735807665435,35.33571395234271,4.009845762319765,3.362017323101773,0.6478284392179918,50.0
484.0,AUTOMATIC,60.0,45.3420374746742,14.722575232732552,50.131902061238925,14.722575232732552,35.40932682850637,4.010552164899114,3.364425090831547,0.6461270740675666,50.0
485.0,AUTOMATIC,60.0,45.40647962600438,14.6579625253258,50.1405791664588,14.6579625253258,35.482616641133,4.011246333316704,3.3668248200149273,0.6444215133017765,50.0
486.0,AUTOMATIC,60.0,45.47075081171413,14.593520373995617,50.14910461699859,14.593520373995617,35.555584243002976,4.011928369359888,3.3692165122623234,0.6427118570975643,50.0
487.0,AUTOMATIC,60.0,45.534850632182625,14.529249188285867,50.15747967723027,14.529249188285867,35.6282304889444,4.012598374178421,3.3716001694934903,0.640998204684931,50.0
488.0,AUTOMATIC,60.0,45.59877869761814,14.465149367817375,50.16570560360087,14.465149367817375,35.700556235783495,4.01325644828807,3.373975793932976,0.639280654355094,50.0
489.0,AUTOMATIC,60.0,45.662534627964995,14.401221302381863,50.173783644677265,14.401221302381863,35.7725623422954,4.013902691574181,3.376343388105619,0.6375593034685618,50.0
490.0,AUTOMATIC,60.0,45.726118052811316,14.337465372035005,50.18171504119058,14.337465372035005,35.84424966915557,4.014537203295246,3.3787029548321126,0.6358342484631336,50.0
491.0,AUTOMATIC,60.0,45.7895286112975,14.273881947188684,50.1895010260802,14.273881947188684,35.91561907889152,4.015160082086416,3.3810544972246204,0.6341055848617954,50.0
492.0,AUTOMATIC,60.0,45.85276595202556,14.210471388702501,50.197142824537536,14.210471388702501,35.986671435835035,4.015771425963003,3.383398018682457,0.6323734072805456,50.0
493.0,AUTOMATIC,60.0,45.915829732969165,14.147234047974443,50.20464165404935,14.147234047974443,36.057407606074904,4.016371332323947,3.3857335228878234,0.630637809436124,50.0
494.0,AUTOMATIC,60.0,45.97871962138453,14.084170267030835,50.21199872444089,14.084170267030835,36.127828457410054,4.016959897955271,3.388061013801595,0.628898884153676,50.0
495.0,AUTOMATIC,60.0,46.04143529372196,14.021280378615472,50.219215237918604,14.021280378615472,36.19793485930313,4.017537219033488,3.390380495659172,0.6271567233743163,50.0
496.0,AUTOMATIC,60.0,46.10397643553822,13.95856470627804,50.22629238911256,13.95856470627804,36.26772768283452,4.018103391129005,3.3926919729663774,0.6254114181626274,50.0
497.0,AUTOMATIC,60.0,46.166342741409636,13.896023564461778,50.233231365118606,13.896023564461778,36.33720780065683,4.018658509209488,3.394995450495413,0.623663058714075,50.0
498.0,AUTOMATIC,60.0,46.22853391484587,13.833657258590364,50.24003334554015,13.833657258590364,36.406376086949784,4.019202667643212,3.397290933280871,0.6219117343623406,50.0
499.0,AUTOMATIC,60.0,46.29054966820452,13.771466085154131,50.24669950252969,13.771466085154131,36.475233417375556,4.019735960202375,3.399578426615787,0.6201575335865881,50.0
500.0,AUTOMATIC,60.0,46.35238972260638,13.70945033179548,50.25323100083001,13.70945033179548,36.54378066903453,4.020258480066401,3.4018579360477608,0.6184005440186402,50.0
501.0,AUTOMATIC,60.0,46.414053807851396,13.647610277393618,50.25962899781512,13.647610277393618,36.6120187204215,4.02077031982521,3.4041294673751166,0.616640852450093,50.0
502.0,AUTOMATIC,60.0,46.47554166233533,13.585946192148604,50.26589464353085,13.585946192148604,36.679948451382245,4.021271571482468,3.4063930266431157,0.6148785448393523,50.0
503.0,AUTOMATIC,60.0,46.53685303296719,13.524458337664669,50.27202908073524,13.524458337664669,36.74757074307057,4.021762326458819,3.4086486201402213,0.6131137063185976,50.0
504.0,AUTOMATIC,60.0,46.597987675087246,13.463146967032813,50.27803344493854,13.463146967032813,36.81488647790573,4.022242675595083,3.410896254394407,0.6113464212006763,50.0
505.0,AUTOMATIC,60.0,46.65894535238584,13.402012324912754,50.28390886444305,13.402012324912754,36.881896539530295,4.022712709155444,3.413135936169524,0.6095767729859198,50.0
506.0,AUTOMATIC,60.0,46.719725836822725,13.341054647614158,50.289656460382524,13.341054647614158,36.948601812768366,4.023172516830602,3.4153676724617017,0.6078048443689004,50.0
507.0,AUTOMATIC,60.0,46.78032890854723,13.280274163177275,50.29527734676153,13.280274163177275,37.015003183584255,4.023622187740923,3.4175914704958057,0.6060307172451171,50.0
508.0,AUTOMATIC,60.0,46.840754355818994,13.219671091452767,50.300772630494286,13.219671091452767,37.08110153904152,4.024061810439543,3.419807337721938,0.6042544727176047,50.0
509.0,AUTOMATIC,60.0,46.90100197492934,13.159245644181006,50.30614341144343,13.159245644181006,37.14689776726242,4.024491472915474,3.422015281811983,0.602476191103491,50.0
510.0,AUTOMATIC,60.0,46.96107157012339,13.098998025070657,50.31139078245844,13.098998025070657,37.21239275738778,4.024911262596675,3.4242153106562,0.6006959519404753,50.0
511.0,AUTOMATIC,60.0,47.02096295352271,13.038928429876613,50.316515829413774,13.038928429876613,37.27758739953716,4.025321266353102,3.426407432359854,0.5989138339932483,50.0
512.0,AUTOMATIC,60.0,47.0806759450487,12.979037046477288,50.32151963124684,12.979037046477288,37.34248258476955,4.025721570499747,3.4285916552398996,0.5971299152598473,50.0
513.0,AUTOMATIC,60.0,47.140210372346495,12.919324054951304,50.32640325999561,12.919324054951304,37.407079205044305,4.026112260799649,3.430767987821702,0.5953442729779468,50.0
514.0,AUTOMATIC,60.0,47.1995660707096,12.859789627653505,50.331167780836076,12.859789627653505,37.47137815318257,4.026493422466886,3.4329364388358004,0.5935569836310854,50.0
515.0,AUTOMATIC,60.0,47.258742883005084,12.8004339292904,50.33581425211942,12.8004339292904,37.53538032282902,4.026865140169553,3.4350970172147104,0.5917681229548428,50.0
516.0,AUTOMATIC,60.0,47.31774065959938,12.741257116994916,50.340343725408914,12.741257116994916,37.599086608414,4.027227498032713,3.4372497320897812,0.5899777659429315,50.0
517.0,AUTOMATIC,60.0,47.376559258284715,12.68225934040062,50.34475724551662,12.68225934040062,37.662497905116,4.027580579641329,3.4393945927880742,0.5881859868532548,50.0
518.0,AUTOMATIC,60.0,47.4351985442061,12.623440741715285,50.349055850539855,12.623440741715285,37.72561510882457,4.027924468043189,3.4415316088292984,0.5863928592138903,50.0
519.0,AUTOMATIC,60.0,47.493658389789005,12.564801455793898,50.35324057189744,12.564801455793898,37.78843911610354,4.028259245751795,3.443660789922771,0.584598455829024,50.0
520.0,AUTOMATIC,60.0,47.55193867466748,12.506341610210995,50.357312434365596,12.506341610210995,37.8509708241546,4.028584994749248,3.445782145964433,0.5828028487848149,50.0
521.0,AUTOMATIC,60.0,47.610039285613006,12.448061325332517,50.36127245611378,12.448061325332517,37.913211130781264,4.0289017964891025,3.4478956870338857,0.5810061094552168,50.0
522.0,AUTOMATIC,60.0,47.66796011646378,12.389960714386994,50.365121648740185,12.389960714386994,37.97516093435319,4.029209731899215,3.4500014233914817,0.5792083085077331,50.0
523.0,AUTOMATIC,60.0,47.72570106805469,12.332039883536218,50.36886101730709,12.332039883536218,38.03682113377087,4.029508881384567,3.452099365475441,0.5774095159091259,50.0
524.0,AUTOMATIC,60.0,47.783262048147805,12.27429893194531,50.372491560375906,12.27429893194531,38.098192628430596,4.029799324830073,3.454189523899011,0.575609800931062,50.0
525.0,AUTOMATIC,60.0,47.84064297136339,12.216737951852195,50.376014270042056,12.216737951852195,38.15927631818986,4.030081141603365,3.456271909447657,0.5738092321557078,50.0
526.0,AUTOMATIC,60.0,47.89784375911151,12.159357028636613,50.379430131969656,12.159357028636613,38.22007310333304,4.030354410557573,3.4583465330762975,0.5720078774812754,50.0
527.0,AUTOMATIC,60.0,47.95486433952426,12.10215624088849,50.382740125425975,12.10215624088849,38.280583884537485,4.030619210034078,3.4604134059065657,0.5702058041275122,50.0
528.0,AUTOMATIC,60.0,48.01170464738838,12.045135660475736,50.3859452233156,12.045135660475736,38.340809562839866,4.030875617865248,3.462472539224111,0.5684030786411367,50.0
529.0,AUTOMATIC,60.0,48.0683646240785,11.988295352611622,50.389046392214546,11.988295352611622,38.40075103960292,4.031123711377163,3.464523944475935,0.5665997669012284,50.0
530.0,AUTOMATIC,60.0,48.124844217490946,11.931635375921502,50.39204459240403,11.931635375921502,38.460409216482525,4.031363567392322,3.466567633267758,0.5647959341245641,50.0
531.0,AUTOMATIC,60.0,48.18114338197804,11.875155782509054,50.394940777904125,11.875155782509054,38.51978499539507,4.03159526223233,3.4686036173614214,0.5629916448709089,50.0
532.0,AUTOMATIC,60.0,48.23726207828286,11.818856618021961,50.39773589650714,11.818856618021961,38.57887927848518,4.031818871720572,3.4706319086723254,0.5611869630482462,50.0
533.0,AUTOMATIC,60.0,48.29320027347466,11.76273792171714,50.400430889810906,11.76273792171714,38.637692968093766,4.032034471184873,3.4726525192668953,0.5593819519179775,50.0
534.0,AUTOMATIC,60.0,48.34895794088467,11.70679972652534,50.40302669325173,11.70679972652534,38.69622696672639,4.032242135460138,3.4746654613600816,0.5575766741000567,50.0
535.0,AUTOMATIC,60.0,48.404535060042484,11.651042059115333,50.40552423613731,11.651042059115333,38.75448217702198,4.032441938890985,3.47667074731289,0.5557711915780947,50.0
536.0,AUTOMATIC,60.0,48.45993161661293,11.595464939957516,50.40792444167928,11.595464939957516,38.81245950172176,4.032633955334342,3.4786683896299486,0.5539655657043934,50.0
537.0,AUTOMATIC,60.0,48.51514760233343,11.540068383387073,50.41022822702577,11.540068383387073,38.870159843638696,4.032818258162061,3.4806584009570996,0.5521598572049617,50.0
538.0,AUTOMATIC,60.0,48.570183014951866,11.484852397666572,50.4124365032936,11.484852397666572,38.92758410562703,4.032994920263488,3.4826407940790216,0.5503541261844664,50.0
539.0,AUTOMATIC,60.0,48.62503785816498,11.429816985048134,50.414550175600404,11.429816985048134,38.98473319055227,4.033164014048032,3.4846155819168874,0.5485484321311449,50.0
540.0,AUTOMATIC,60.0,48.67971214155715,11.37496214183502,50.41657014309646,11.37496214183502,39.04160800126144,4.033325611447717,3.4865827775260474,0.5467428339216696,50.0
541.0,AUTOMATIC,60.0,48.73420588053975,11.320287858442853,50.418497298996506,11.320287858442853,39.09820944055365,4.03347978391972,3.4885423940937406,0.5449373898259795,50.0
542.0,AUTOMATIC,60.0,48.78851909629095,11.265794119460253,50.420332530611205,11.265794119460253,39.15453841115095,4.033626602448896,3.49049444493684,0.5431321575120562,50.0
543.0,AUTOMATIC,60.0,48.842651815696016,11.211480903709052,50.42207671937855,11.211480903709052,39.2105958156695,4.033766137550284,3.4924389434996197,0.5413271940506643,50.0
544.0,AUTOMATIC,60.0,48.89660407128801,11.157348184303984,50.423730740895,11.157348184303984,39.26638255659102,4.0338984592716,3.494375903351556,0.5395225559200441,50.0
545.0,AUTOMATIC,60.0,48.950375901189076,11.10339592871199,50.42529546494657,11.10339592871199,39.32189953623458,4.034023637195726,3.496305338185154,0.5377182990105718,50.0
546.0,AUTOMATIC,60.0,49.00396734905201,11.049624098810924,50.42677175553956,11.049624098810924,39.37714765672864,4.0341417404431645,3.498227261813799,0.5359144786293655,50.0
547.0,AUTOMATIC,60.0,49.057378464002504,10.996032650947988,50.42816047093137,10.996032650947988,39.43212781998338,4.03425283767451,3.500141688169638,0.5341111495048718,50.0
548.0,AUTOMATIC,60.0,49.11060930058164,10.942621535997496,50.42946246366086,10.942621535997496,39.486840927663366,4.0343569970928685,3.5020486313014882,0.5323083657913803,50.0
549.0,AUTOMATIC,60.0,49.16365991868899,10.889390699418357,50.430678580578814,10.889390699418357,39.54128788116046,4.034454286446305,3.5039481053727677,0.5305061810735374,50.0
550.0,AUTOMATIC,60.0,49.21653038352607,10.836340081311008,50.431809662878024,10.836340081311008,39.595469581567016,4.034544773030242,3.5058401246594584,0.5287046483707836,50.0
551.0,AUTOMATIC,60.0,49.26922076554025,10.78346961647393,50.43285654612331,10.78346961647393,39.64938692964938,4.0346285236898645,3.5077247035480874,0.5269038201417771,50.0
552.0,AUTOMATIC,60.0,49.321731140369124,10.730779234459753,50.433820060281434,10.730779234459753,39.70304082582168,4.0347056048225145,3.509601856533738,0.5251037482887764,50.0
553.0,AUTOMATIC,60.0,49.37406158878533,10.678268859630876,50.43470102975071,10.678268859630876,39.75643217011984,4.034776082380057,3.511471598218086,0.5233044841619714,50.0
554.0,AUTOMATIC,60.0,49.42621219664171,10.625938411214669,50.43550027339058,10.625938411214669,39.80956186217591,4.034840021871246,3.5133339433074577,0.5215060785637884,50.0
555.0,AUTOMATIC,60.0,49.47818305481702,10.573787803358293,50.436218604550994,10.573787803358293,39.8624308011927,4.03489748836408,3.515188906610913,0.5197085817531666,50.0
556.0,AUTOMATIC,60.0,49.529974259162,10.521816945182977,50.43685683110159,10.521816945182977,39.91503988591862,4.034948546488128,3.517036503038354,0.5179120434497735,50.0
557.0,AUTOMATIC,60.0,49.581585910445824,10.470025740837997,50.4374157554608,10.470025740837997,39.9673900146228,4.034993260436864,3.5188767475986564,0.5161165128382077,50.0
558.0,AUTOMATIC,60.0,49.63301811430304,10.418414089554176,50.43789617462475,10.418414089554176,40.01948208507057,4.03503169396998,3.5207096553978228,0.5143220385721574,50.0
559.0,AUTOMATIC,60.0,49.684270981180894,10.366981885696958,50.438298880196015,10.366981885696958,40.07131699449906,4.035063910415682,3.522535241637159,0.5125286687785224,50.0
560.0,AUTOMATIC,60.0,49.735344626287045,10.315729018819106,50.43862465841226,10.315729018819106,40.12289563959315,4.0350899726729805,3.524353521611477,0.5107364510615033,50.0
561.0,AUTOMATIC,60.0,49.78623916953771,10.264655373712955,50.438874290174674,10.264655373712955,40.17421891646172,4.035109943213974,3.526164510707315,0.5089454325066587,50.0
562.0,AUTOMATIC,60.0,49.8369547355062,10.213760830462292,50.43904855107632,10.213760830462292,40.22528772061403,4.035123884086105,3.5279682244011816,0.5071556596849236,50.0
563.0,AUTOMATIC,60.0,49.88749145337186,10.163045264493803,50.4391482114303,10.163045264493803,40.2761029469365,4.035131856914424,3.5297646782578225,0.5053671786566012,50.0
564.0,AUTOMATIC,60.0,49.93784945686938,10.112508546628142,50.439174036297786,10.112508546628142,40.326665489669644,4.035133922903823,3.5315538879285087,0.5035800349753141,50.0
565.0,AUTOMATIC,60.0,49.988028884238574,10.06215054313062,50.43912678551592,10.06215054313062,40.3769762423853,4.035130142841274,3.5333358691493433,0.5017942736919303,50.0
566.0,AUTOMATIC,60.0,50.03802987817442,10.011971115761426,50.439007213725525,10.011971115761426,40.4270360979641,4.035120577098042,3.535110637739595,0.5000099393584474,50.0
567.0,AUTOMATIC,60.0,50.087852585777604,9.96197012182558,50.43881607039881,9.96197012182558,40.47684594857323,4.0351052856319045,3.536878209600043,0.49822707603186167,50.0
568.0,AUTOMATIC,60.0,50.137497158505404,9.912147414222396,50.438554099866735,9.912147414222396,40.52640668564434,4.035084327989339,3.538638600711353,0.4964457272779863,50.0
569.0,AUTOMATIC,60.0,50.18696375212293,9.862502841494596,50.43822204134641,9.862502841494596,40.57571919985181,4.035057763307712,3.540391827132465,0.49466593617524746,50.0
570.0,AUTOMATIC,60.0,50.23625252665478,9.813036247877072,50.43782062896827,9.813036247877072,40.624784381091196,4.035025650317461,3.5421379049990036,0.4928877453184577,50.0
571.0,AUTOMATIC,60.0,50.28536364633703,9.76374747334522,50.437350591803146,9.76374747334522,40.673603118457926,4.034988047344251,3.5438768505217126,0.4911111968225388,50.0
572.0,AUTOMATIC,60.0,50.334297279569654,9.714636353662968,50.436812653889206,9.714636353662968,40.72217630022624,4.034945012311137,3.545608679984899,0.4893363323262374,50.0
573.0,AUTOMATIC,60.0,50.38305359886923,9.665702720430346,50.436207534258735,9.665702720430346,40.77050481382839,4.034896602740699,3.5473334097449047,0.4875631929957942,50.0
574.0,AUTOMATIC,60.0,50.43163278082209,9.616946401130768,50.43553594696481,9.616946401130768,40.818589545834044,4.034842875757185,3.5490510562285955,0.48579181952858974,50.0
575.0,AUTOMATIC,60.0,50.48003500603776,9.568367219177908,50.43479860110784,9.568367219177908,40.866431381929935,4.0347838880886275,3.5507616359318632,0.4840222521567643,50.0
576.0,AUTOMATIC,60.0,50.52826045910284,9.51996499396224,50.43399620086198,9.51996499396224,40.91403120689974,4.034719696068959,3.552465165418155,0.4822545306508039,50.0
577.0,AUTOMATIC,60.0,50.57630932853514,9.471739540897161,50.43312944550139,9.471739540897161,40.96138990460423,4.034650355640111,3.554161661317013,0.4804886943230984,50.0
578.0,AUTOMATIC,60.0,50.62418180673829,9.423690671464861,50.432199029426414,9.423690671464861,41.00850835796155,4.034575922354113,3.555851140322635,0.4787247820314784,50.0
579.0,AUTOMATIC,60.0,50.67187808995656,9.375818193261708,50.431205642189575,9.375818193261708,41.05538744892787,4.0344964513751655,3.557533619192456,0.47696283218270974,50.0
580.0,AUTOMATIC,60.0,50.71939837823016,9.328121910043443,50.430149968521526,9.328121910043443,41.10202805847808,4.0344119974817225,3.559209114745738,0.47520288273598466,50.0
581.0,AUTOMATIC,60.0,50.766742875350786,9.28060162176984,50.42903268835677,9.28060162176984,41.14843106658693,4.034322615068541,3.56087764386219,0.47344497120635154,50.0
582.0,AUTOMATIC,60.0,50.8139117888176,9.233257124649214,50.42785447685939,9.233257124649214,41.194597352210174,4.034228358148751,3.562539223480592,0.4716891346681593,50.0
583.0,AUTOMATIC,60.0,50.86090532979344,9.186088211182401,50.42661600444849,9.186088211182401,41.24052779326609,4.034129280355879,3.5641938705974456,0.4699354097584334,50.0
584.0,AUTOMATIC,60.0,50.90772371306147,9.13909467020656,50.42531793682369,9.13909467020656,41.28622326661713,4.034025434945895,3.5658416022656363,0.46818383268025876,50.0
585.0,AUTOMATIC,60.0,50.95436715698208,9.092276286938528,50.42396093499034,9.092276286938528,41.33168464805181,4.033916874799227,3.5674824355931127,0.4664344392061146,50.0
586.0,AUTOMATIC,60.0,51.0008358834502,9.04563284301792,50.42254565528482,9.04563284301792,41.3769128122669,4.033803652422786,3.569116387741582,0.4646872646812037,50.0
587.0,AUTOMATIC,60.0,51.047130117852866,8.9991641165498,50.42107274939946,8.9991641165498,41.42190863284966,4.033685819951956,3.570743475925224,0.4629423440267324,50.0
588.0,AUTOMATIC,60.0,51.09325008902719,8.952869882147134,50.419542864407525,8.952869882147134,41.46667298226039,4.033563429152602,3.572363717409415,0.4611997117431872,50.0
589.0,AUTOMATIC,60.0,51.139196029218546,8.906749910972813,50.41795664278807,8.906749910972813,41.51120673181526,4.033436531423046,3.573977129509476,0.4594594019135698,50.0
590.0,AUTOMATIC,60.0,51.184968174039206,8.860803970781454,50.416314722450615,8.860803970781454,41.55551075166916,4.033305177796049,3.575583729589427,0.4577214482066223,50.0
591.0,AUTOMATIC,60.0,51.2305667624272,8.815031825960794,50.414617736759766,8.815031825960794,41.59958591079897,4.033169418940782,3.577183535060761,0.4559858838800208,50.0
592.0,AUTOMATIC,60.0,51.27599203660556,8.769433237572798,50.41286631455963,8.769433237572798,41.64343307698683,4.033029305164771,3.5787765633812345,0.45425274178353625,50.0
593.0,AUTOMATIC,60.0,51.321244242041764,8.724007963394442,50.411061080198245,8.724007963394442,41.6870531168038,4.03288488641586,3.580362832053672,0.4525220543621882,50.0
594.0,AUTOMATIC,60.0,51.36632362740771,8.678755757958236,50.40920265355182,8.678755757958236,41.73044689559359,4.032736212284146,3.5819423586247785,0.4507938536593672,50.0
595.0,AUTOMATIC,60.0,51.41123044453969,8.63367637259229,50.40729165004884,8.63367637259229,41.77361527745655,4.032583332003907,3.5835151606839792,0.4490681713199276,50.0
596.0,AUTOMATIC,60.0,51.455964948399014,8.58876955546031,50.40532868069416,8.58876955546031,41.81655912523385,4.032426294455533,3.58508125586226,0.4473450385932729,50.0
597.0,AUTOMATIC,60.0,51.500527397032656,8.544035051600986,50.40331435209284,8.544035051600986,41.859279300491856,4.032265148167427,3.586640661831033,0.4456244863363943,50.0
598.0,AUTOMATIC,60.0,51.54491805153434,8.499472602967344,50.40124926647403,8.499472602967344,41.90177666350669,4.032099941317923,3.5881933963010084,0.4439065450169144,50.0
599.0,AUTOMATIC,60.0,51.58913717600595,8.455081948465661,50.39913402171467,8.455081948465661,41.94405207324901,4.031930721737174,3.589739477021081,0.44219124471609295,50.0
600.0,AUTOMATIC,60.0,51.63318503751913,8.410862823994051,50.396969211363036,8.410862823994051,41.986106387368984,4.031757536909043,3.591278921777239,0.4404786151318043,50.0
601.0,AUTOMATIC,60.0,51.677061906077284,8.366814962480873,50.39475542466226,8.366814962480873,42.027940462181384,4.03158043397298,3.592811748391471,0.43876868558150894,50.0
602.0,AUTOMATIC,60.0,51.7207680545778,8.322938093922716,50.392493246573714,8.322938093922716,42.069555152651,4.031399459725897,3.5943379747207023,0.4370614850051946,50.0
603.0,AUTOMATIC,60.0,51.76430375877463,8.279231945422197,50.39018325780031,8.279231945422197,42.11095131237811,4.031214660624025,3.595857618655729,0.43535704196829617,50.0
604.0,AUTOMATIC,60.0,51.80766929724109,8.23569624122537,50.387826034809606,8.23569624122537,42.15212979358424,4.031026082784768,3.5973706981201783,0.43365538466458986,50.0
605.0,AUTOMATIC,60.0,51.850864951332994,8.192330702758909,50.38542214985694,8.192330702758909,42.193091447098034,4.030833771988555,3.5988772310694723,0.43195654091908287,50.0
606.0,AUTOMATIC,60.0,51.893891005152085,8.149135048667006,50.38297217100837,8.149135048667006,42.23383712234136,4.030637773680669,3.6003772354898107,0.43026053819085863,50.0
607.0,AUTOMATIC,60.0,51.936747745509685,8.106108994847915,50.38047666216352,8.106108994847915,42.2743676673156,4.030438132973082,3.6018707293971586,0.42856740357592304,50.0
608.0,AUTOMATIC,60.0,51.979435461890674,8.063252254490315,50.377936183078376,8.063252254490315,42.31468392858806,4.03023489464627,3.603357730836257,0.42687716381001284,50.0
609.0,AUTOMATIC,60.0,52.02195444641781,8.020564538109326,50.375351289387936,8.020564538109326,42.35478675127861,4.030028103151035,3.604838257879633,0.4251898452714018,50.0
610.0,AUTOMATIC,60.0,52.06430499381618,7.9780455535821915,50.37272253262871,7.9780455535821915,42.394676979046515,4.029817802610297,3.6063123286266334,0.42350547398366345,50.0
611.0,AUTOMATIC,60.0,52.10648740137802,7.9356950061838205,50.37005046026126,7.9356950061838205,42.43435545407744,4.029604036820901,3.6077799612024632,0.4218240756184377,50.0
612.0,AUTOMATIC,60.0,52.14850196892784,7.893512598621982,50.36733561569254,7.893512598621982,42.47382301707056,4.0293868492554035,3.6092411737572356,0.42014567549816784,50.0
613.0,AUTOMATIC,60.0,52.19034899878772,7.851498031072161,50.364578538298076,7.851498031072161,42.513080507225915,4.029166283063846,3.6106959844650395,0.4184702985988067,50.0
614.0,AUTOMATIC,60.0,52.232028795742956,7.809651001212281,50.36177976344426,7.809651001212281,42.55212876223198,4.028942381075541,3.6121444115230124,0.41679796955252835,50.0
615.0,AUTOMATIC,60.0,52.27354166700798,7.767971204257044,50.35893982251031,7.767971204257044,42.590968618253264,4.0287151858008245,3.613586473150427,0.4151287126503975,50.0
616.0,AUTOMATIC,60.0,52.314887922192476,7.726458332992017,50.35605924291024,7.726458332992017,42.629600909918224,4.02848473943282,3.615022187587788,0.41346255184503145,50.0
617.0,AUTOMATIC,60.0,52.3560678732678,7.685112077807524,50.35313854811479,7.685112077807524,42.66802647030727,4.028251083849184,3.616451573095943,0.41179951075324084,50.0
618.0,AUTOMATIC,60.0,52.397081834533665,7.643932126732203,50.35017825767313,7.643932126732203,42.706246130940926,4.02801426061385,3.6178746479551984,0.41013961265865184,50.0
619.0,AUTOMATIC,60.0,52.43793012258509,7.602918165466335,50.3471788872346,7.602918165466335,42.74426072176826,4.027774310978768,3.6192914304644512,0.4084828805143168,50.0
620.0,AUTOMATIC,60.0,52.47861305627962,7.562069877414913,50.34414094857025,7.562069877414913,42.782071071155336,4.02753127588562,3.620701938940331,0.40682933694528867,50.0
621.0,AUTOMATIC,60.0,52.51913095670474,7.52138694372038,50.34106494959432,7.52138694372038,42.81967800587394,4.027285195967545,3.6221061917163477,0.40517900425119757,50.0
622.0,AUTOMATIC,60.0,52.55948414714563,7.480869043295257,50.33795139438567,7.480869043295257,42.85708235109041,4.027036111550854,3.6235042071420565,0.40353190440879727,50.0
623.0,AUTOMATIC,60.0,52.59967295305309,7.440515852854368,50.334800783209054,7.440515852854368,42.89428493035469,4.026784062656724,3.624896003582228,0.40188805907449643,50.0
624.0,AUTOMATIC,60.0,52.639697702011766,7.400327046946913,50.33161361253634,7.400327046946913,42.931286565589424,4.026529089002907,3.6262815994160293,0.40024748958687795,50.0
625.0,AUTOMATIC,60.0,52.679558723708695,7.360302297988234,50.3283903750676,7.360302297988234,42.968088077079365,4.026271230005408,3.627661013036216,0.3986102169691921,50.0
626.0,AUTOMATIC,60.0,52.719256349901876,7.320441276291305,50.32513155975213,7.320441276291305,43.004690283460825,4.026010524780171,3.6290342628483376,0.3969762619318331,50.0
627.0,AUTOMATIC,60.0,52.758790914389365,7.280743650098124,50.32183765180944,7.280743650098124,43.041094001711315,4.025747012144755,3.6304013672699424,0.39534564487481294,50.0
628.0,AUTOMATIC,60.0,52.798162752978385,7.241209085610635,50.31850913275,7.241209085610635,43.07730004713937,4.02548073062,3.6317623447298066,0.39371838589019337,50.0
629.0,AUTOMATIC,60.0,52.837372203454834,7.201837247021615,50.31514648039609,7.201837247021615,43.11330923337447,4.025211718431687,3.633117213667156,0.3920945047645312,50.0
630.0,AUTOMATIC,60.0,52.87641960555296,7.162627796545166,50.311750168902364,7.162627796545166,43.1491223723572,4.0249400135121896,3.634465992530912,0.39047402098127737,50.0
631.0,AUTOMATIC,60.0,52.915305300925276,7.123580394447039,50.308320668776474,7.123580394447039,43.184740274329435,4.024665653502118,3.635808699778942,0.3888569537231761,50.0
632.0,AUTOMATIC,60.0,52.95402963311273,7.084694699074724,50.30485844689953,7.084694699074724,43.220163747824806,4.024388675751962,3.6371453538773126,0.3872433218746494,50.0
633.0,AUTOMATIC,60.0,52.99259294751515,7.045970366887268,50.30136396654652,7.045970366887268,43.25539359965925,4.024109117323722,3.63847597329956,0.3856331440241614,50.0
634.0,AUTOMATIC,60.0,53.03099559136181,7.007407052484851,50.29783768740652,7.007407052484851,43.29043063492167,4.023827014992522,3.6398005765259707,0.38402643846655105,50.0
635.0,AUTOMATIC,60.0,53.06923791368234,6.969004408638192,50.294280065603054,6.969004408638192,43.32527565696486,4.023542405248245,3.641119182042858,0.3824232232053868,50.0
636.0,AUTOMATIC,60.0,53.10732026527787,6.930762086317657,50.290691553714105,6.930762086317657,43.35992946739645,4.0232553242971285,3.6424318083418643,0.3808235159552642,50.0
637.0,AUTOMATIC,60.0,53.14524299869229,6.89267973472213,50.287072600792186,6.89267973472213,43.394392866070056,4.022965808063375,3.643738473919261,0.37922733414411347,50.0
638.0,AUTOMATIC,60.0,53.183006468183834,6.854757001307711,50.2834236523843,6.854757001307711,43.42866665107659,4.022673892190744,3.64503919727526,0.37763469491548385,50.0
639.0,AUTOMATIC,60.0,53.22061102969692,6.816993531816166,50.27974515055184,6.816993531816166,43.46275161873567,4.022379612044147,3.6463339969133326,0.37604561513081425,50.0
640.0,AUTOMATIC,60.0,53.258057040834096,6.779388970303081,50.27603753389027,6.779388970303081,43.496648563587186,4.022083002711222,3.64762289133954,0.37446011137168167,50.0
641.0,AUTOMATIC,60.0,53.295344860828294,6.741942959165904,50.27230123754892,6.741942959165904,43.53035827838302,4.021784099003914,3.6489058990618712,0.3728781999420425,50.0
642.0,AUTOMATIC,60.0,53.33247485051533,6.704655139171706,50.26853669325059,6.704655139171706,43.56388155407888,4.021482935460047,3.6501830385895824,0.3712998968704646,50.0
643.0,AUTOMATIC,60.0,53.36944737230657,6.667525149484668,50.26474432931097,6.667525149484668,43.597219179826304,4.021179546344878,3.6514543284325542,0.3697252179123236,50.0
644.0,AUTOMATIC,60.0,53.406262790161776,6.630552627693433,50.26092457065821,6.630552627693433,43.63037194296478,4.020873965652657,3.6527197871006534,0.36815417855200394,50.0
645.0,AUTOMATIC,60.0,53.44292146956228,6.593737209838224,50.25707783885219,6.593737209838224,43.663340629013966,4.0205662271081755,3.653979433103099,0.36658679400507665,50.0
646.0,AUTOMATIC,60.0,53.47942377748433,6.557078530437721,50.253204552103874,6.557078530437721,43.69612602166615,4.02025636416831,3.655233284947839,0.3650230792204705,50.0
647.0,AUTOMATIC,60.0,53.51577008237259,6.520576222515672,50.249305125294406,6.520576222515672,43.728728902778734,4.019944410023553,3.6564813611409375,0.36346304888261516,50.0
648.0,AUTOMATIC,60.0,53.55196075411395,6.48422991762741,50.245379969994275,6.48422991762741,43.761150052366865,4.019630397599542,3.6577236801859634,0.3619067174135786,50.0
649.0,AUTOMATIC,60.0,53.58799616401148,6.448039245886051,50.24142949448235,6.448039245886051,43.793390248596296,4.019314359558588,3.6589602605833926,0.3603540989751952,50.0
650.0,AUTOMATIC,60.0,53.623876684758585,6.412003835988521,50.23745410376476,6.412003835988521,43.82545026777624,4.018996328301181,3.660191120830013,0.3588052074711685,50.0
651.0,AUTOMATIC,60.0,53.65960269041351,6.376123315241415,50.233454199593865,6.376123315241415,43.85733088435245,4.018676335967509,3.661416279418341,0.35726005654916815,50.0
652.0,AUTOMATIC,60.0,53.69517455637379,6.340397309586493,50.22943018048688,6.340397309586493,43.88903287090039,4.01835441443895,3.662635754836041,0.35571865960290916,50.0
653.0,AUTOMATIC,60.0,53.73059265935122,6.304825443626207,50.22538244174471,6.304825443626207,43.920556998118506,4.018030595339577,3.663849565565356,0.3541810297742214,50.0
654.0,AUTOMATIC,60.0,53.76585737734671,6.269407340648783,50.22131137547054,6.269407340648783,43.95190403482176,4.017704910037644,3.6650577300825433,0.3526471799551003,50.0
655.0,AUTOMATIC,60.0,53.800969089625696,6.2341426226532874,50.217217370588315,6.2341426226532874,43.98307474793503,4.0173773896470655,3.666260266857316,0.3511171227897494,50.0
656.0,AUTOMATIC,60.0,53.83592817669336,6.199030910374304,50.21310081286121,6.199030910374304,44.0140699024869,4.017048065028897,3.667457194352297,0.3495908706765998,50.0
657.0,AUTOMATIC,60.0,53.87073502027039,6.164071823306642,50.20896208491008,6.164071823306642,44.044890261603435,4.016716966792806,3.668648531022472,0.3480684357703345,50.0
658.0,AUTOMATIC,60.0,53.905390003268785,6.129264979729612,50.20480156623169,6.129264979729612,44.075536586502075,4.016384125298535,3.6698342953146534,0.3465498299838812,50.0
659.0,AUTOMATIC,60.0,53.93989350976782,6.094609996731215,50.200619633216945,6.094609996731215,44.10600963648573,4.016049570657356,3.6710145056669545,0.34503506499040126,50.0
660.0,AUTOMATIC,60.0,53.97424592499035,6.0601064902321795,50.19641665916908,6.0601064902321795,44.1363101689369,4.015713332733527,3.672189180508264,0.343524152225263,50.0
661.0,AUTOMATIC,60.0,54.008447635279154,6.025754075009651,50.192193014321596,6.025754075009651,44.166438939311945,4.015375441145728,3.6733583382577297,0.3420171028879979,50.0
662.0,AUTOMATIC,60.0,54.04249902807358,5.991552364720846,50.1879490658564,5.991552364720846,44.196396701135555,4.015035925268512,3.6745219973242493,0.3405139279442624,50.0
663.0,AUTOMATIC,60.0,54.07640049188635,5.957500971926422,50.18368517792161,5.957500971926422,44.22618420599519,4.014694814233729,3.675680176105967,0.3390146381277619,50.0
664.0,AUTOMATIC,60.0,54.11015241628058,5.9235995081136466,50.179401711649405,5.9235995081136466,44.25580220353576,4.014352136931953,3.676832892989779,0.3375192439421735,50.0
665.0,AUTOMATIC,60.0,54.143755191846886,5.889847583719423,50.17509902517378,5.889847583719423,44.285251441454356,4.014007922013902,3.6779801663508387,0.3360277556630633,50.0
666.0,AUTOMATIC,60.0,54.17720921018086,5.856244808153114,50.17077747364824,5.856244808153114,44.31453266549513,4.013662197891859,3.6791220145520755,0.33454018333978386,50.0
667.0,AUTOMATIC,60.0,54.210514863860595,5.822790789819138,50.16643740926337,5.822790789819138,44.34364661944423,4.013314992741069,3.680258455943715,0.33305653679735414,50.0
668.0,AUTOMATIC,60.0,54.243672546424435,5.789485136139405,50.16207918126433,5.789485136139405,44.37259404512493,4.012966334501146,3.6813895088628086,0.3315768256383378,50.0
669.0,AUTOMATIC,60.0,54.27668265234891,5.756327453575565,50.15770313596837,5.756327453575565,44.4013756823928,4.012616250877469,3.6825151916327665,0.3301010592447029,50.0
670.0,AUTOMATIC,60.0,54.309545577026874,5.72331734765109,50.153309616782145,5.72331734765109,44.429992269131056,4.012264769342572,3.6836355225628967,0.3286292467796752,50.0
671.0,AUTOMATIC,60.0,54.34226171674583,5.690454422973126,50.14889896421904,5.690454422973126,44.45844454124592,4.011911917137524,3.684750519947954,0.3271613971895695,50.0
672.0,AUTOMATIC,60.0,54.374831468666386,5.657738283254169,50.14447151591636,5.657738283254169,44.48673323266219,4.0115577212733085,3.685860202067688,0.3256975192056206,50.0
673.0,AUTOMATIC,60.0,54.40725523080096,5.625168531333614,50.14002760665247,5.625168531333614,44.51485907531885,4.011202208532198,3.6869645871864023,0.32423762134579537,50.0
674.0,AUTOMATIC,60.0,54.43953340199261,5.592744769199037,50.13556756836389,5.592744769199037,44.54282279916485,4.010845405469111,3.688063693552518,0.3227817119165932,50.0
675.0,AUTOMATIC,60.0,54.4716663818941,5.5604665980073875,50.13109173016228,5.5604665980073875,44.570625132154895,4.010487338412982,3.689157539398142,0.3213297990148405,50.0
676.0,AUTOMATIC,60.0,54.50365457094705,5.528333618105897,50.126600418351316,5.528333618105897,44.59826680024542,4.0101280334681055,3.6902461429386424,0.31988189052946314,50.0
677.0,AUTOMATIC,60.0,54.53549837036137,5.496345429052951,50.12209395644364,5.496345429052951,44.62574852739069,4.009767516515492,3.691329522372225,0.3184379941432667,50.0
678.0,AUTOMATIC,60.0,54.56719818209484,5.464501629638633,50.11757266517751,5.464501629638633,44.65307103553888,4.009405813214201,3.692407695879525,0.3169981173346761,50.0
679.0,AUTOMATIC,60.0,54.5987544088328,5.432801817905158,50.11303686253357,5.432801817905158,44.68023504462841,4.009042949002685,3.693480681623191,0.31556226737949444,50.0
680.0,AUTOMATIC,60.0,54.63016745396807,5.4012455911672035,50.108486863751445,5.4012455911672035,44.70724127258424,4.008678949100116,3.694548497747485,0.3141304513526304,50.0
681.0,AUTOMATIC,60.0,54.66143772158104,5.36983254603193,50.10392298134633,5.36983254603193,44.7340904353144,4.008313838507706,3.695611162377884,0.31270267612982217,50.0
682.0,AUTOMATIC,60.0,54.69256561641998,5.338562278418962,50.09934552512546,5.338562278418962,44.760783246706495,4.007947642010037,3.696668693620685,0.31127894838935166,50.0
683.0,AUTOMATIC,60.0,54.72355154388134,5.3074343835800235,50.09475480220442,5.3074343835800235,44.7873204186244,4.007580384176354,3.6977211095626172,0.3098592746137365,50.0
684.0,AUTOMATIC,60.0,54.75439590999049,5.276448456118658,50.09015111702365,5.276448456118658,44.813702660904994,4.007212089361892,3.6987684282704607,0.3084436610914314,50.0
685.0,AUTOMATIC,60.0,54.785099121382345,5.245604090009508,50.08553477136454,5.245604090009508,44.839930681355035,4.006842781709164,3.6998106677906675,0.3070321139184964,50.0
686.0,AUTOMATIC,60.0,54.81566158528237,5.214900878617655,50.080906064365784,5.214900878617655,44.86600518574813,4.006472485149263,3.700847846148986,0.3056246390002766,50.0
687.0,AUTOMATIC,60.0,54.84608370948766,5.1843384147176295,50.07626529253935,5.1843384147176295,44.89192687782172,4.006101223403148,3.701879981350097,0.30422124205305057,50.0
688.0,AUTOMATIC,60.0,54.876365902348226,5.153916290512342,50.07161274978662,5.153916290512342,44.917696459274275,4.00572901998293,3.702907091377248,0.30282192860568147,50.0
689.0,AUTOMATIC,60.0,54.90650857274835,5.123634097651774,50.06694872741431,5.123634097651774,44.94331462976253,4.0053558981931445,3.7039291941918995,0.30142670400124505,50.0
690.0,AUTOMATIC,60.0,54.93651213008821,5.093491427251649,50.06227351415044,5.093491427251649,44.96878208689879,4.004981881132036,3.7049463077333638,0.30003557339867193,50.0
691.0,AUTOMATIC,60.0,54.966376984265644,5.063487869911789,50.05758739616014,5.063487869911789,44.99409952624835,4.004606991692811,3.7059584499184623,0.29864854177434896,50.0
692.0,AUTOMATIC,60.0,54.996103545658016,5.033623015734356,50.05289065706137,5.033623015734356,45.01926764132701,4.004231252564909,3.70696563864118,0.2972656139237295,50.0
693.0,AUTOMATIC,60.0,55.02569222510431,5.003896454341984,50.04818357794071,5.003896454341984,45.04428712359873,4.003854686235257,3.7079678917723253,0.2958867944629313,50.0
694.0,AUTOMATIC,60.0,55.05514343388733,4.974307774895692,50.04346643736889,4.974307774895692,45.0691586624732,4.003477314989511,3.7089652271591973,0.2945120878303138,50.0
695.0,AUTOMATIC,60.0,55.08445758371613,4.944856566112669,50.03873951141644,4.944856566112669,45.09388294530377,4.003099160913315,3.7099576626252535,0.2931414982880618,50.0
696.0,AUTOMATIC,60.0,55.11363508670851,4.91554241628387,50.034003073669055,4.91554241628387,45.118460657385185,4.002720245893524,3.710945215969785,0.2917750299237394,50.0
697.0,AUTOMATIC,60.0,55.1426763553737,4.886364913291487,50.02925739524313,4.886364913291487,45.14289248195164,4.0023405916194505,3.711927904967596,0.2904126866518544,50.0
698.0,AUTOMATIC,60.0,55.17158180259525,4.857323644626298,50.02450274480107,4.857323644626298,45.16717910017477,4.0019602195840855,3.7129057473686866,0.2890544722153989,50.0
699.0,AUTOMATIC,60.0,55.20035184161398,4.828418197404751,50.01973938856655,4.828418197404751,45.1913211911618,4.001579151085324,3.713878760897939,0.28770039018738514,50.0
700.0,AUTOMATIC,60.0,55.228986886011214,4.79964815838602,50.01496759033975,4.79964815838602,45.21531943195373,4.00119740722718,3.7148469632548116,0.28635044397236875,50.0
701.0,AUTOMATIC,60.0,55.257487349692,4.771013113988786,50.01018761151246,4.771013113988786,45.23917449752367,4.000815008920997,3.7158103721130336,0.28500463680796306,50.0
702.0,AUTOMATIC,60.0,55.28585364686863,4.742512650308001,50.005399711083214,4.742512650308001,45.26288706077521,4.000431976886657,3.716769005120307,0.2836629717663497,50.0
703.0,AUTOMATIC,60.0,55.31408619204421,4.714146353131369,50.00060414567224,4.714146353131369,45.28645779254087,4.00004833165378,3.7177228798980106,0.28232545175576895,50.0
704.0,AUTOMATIC,60.0,55.34218539999641,4.685913807955792,49.99580116953644,4.685913807955792,45.30988736158065,3.9996640935629153,3.7186720140409064,0.2809920795220089,50.0
705.0,AUTOMATIC,60.0,55.37015168576141,4.65781460000359,49.990991034584255,4.65781460000359,45.333176434580665,3.9992792827667403,3.7196164251168566,0.27966285764988363,50.0
706.0,AUTOMATIC,60.0,55.397985464617875,4.629848314238593,49.98617399039045,4.629848314238593,45.356325676151855,3.998893919231236,3.720556130666537,0.27833778856469893,50.0
707.0,AUTOMATIC,60.0,55.42568715207125,4.602014535382125,49.98135028421089,4.602014535382125,45.379335748828765,3.9985080227368712,3.7214911482031594,0.2770168745337118,50.0
708.0,AUTOMATIC,60.0,55.45325716383801,4.574312847928752,49.976520160997154,4.574312847928752,45.4022073130684,3.9981216128797725,3.7224214952121977,0.27570011766757485,50.0
709.0,AUTOMATIC,60.0,55.48069591583019,4.5467428361619895,49.97168386341121,4.5467428361619895,45.42494102724922,3.9977347090728967,3.7233471891511143,0.27438751992178245,50.0
710.0,AUTOMATIC,60.0,55.50800382414,4.519304084169811,49.96684163183988,4.519304084169811,45.447537547670066,3.99734733054719,3.724268247449094,0.27307908309809603,50.0
711.0,AUTOMATIC,60.0,55.535181305024594,4.491996175860002,49.961993704409366,4.491996175860002,45.469997528549364,3.9969594963527495,3.7251846875067818,0.2717748088459677,50.0
712.0,AUTOMATIC,60.0,55.56222877489099,4.464818694975406,49.957140316999656,4.464818694975406,45.49232162202425,3.9965712253599723,3.7260965266960206,0.2704746986639517,50.0
713.0,AUTOMATIC,60.0,55.589146650281094,4.43777122510901,49.952281703258805,4.43777122510901,45.514510478149795,3.9961825362607044,3.7270037823595974,0.269178753901107,50.0
714.0,AUTOMATIC,60.0,55.61593534785694,4.410853349718906,49.94741809461729,4.410853349718906,45.536564744898385,3.9957934475693833,3.7279064718109916,0.2678869757583917,50.0
715.0,AUTOMATIC,60.0,55.64259528438594,4.38406465214306,49.94254972030217,4.38406465214306,45.55848506815911,3.995403977624173,3.728804612334123,0.26659936529005,50.0
716.0,AUTOMATIC,60.0,55.66912687672642,4.357404715614059,49.93767680735124,4.357404715614059,45.58027209173718,3.995014144588099,3.7296982211831144,0.26531592340498467,50.0
717.0,AUTOMATIC,60.0,55.69553054181324,4.330873123273577,49.932799580627126,4.330873123273577,45.60192645735355,3.99462396645017,3.7305873155820395,0.26403665086813044,50.0
718.0,AUTOMATIC,60.0,55.72180669664342,4.304469458186759,49.92791826283125,4.304469458186759,45.62344880464449,3.9942334610265,3.731471912724697,0.26276154830180287,50.0
719.0,AUTOMATIC,60.0,55.74795575826212,4.278193303356581,49.92303307451785,4.278193303356581,45.64483977116127,3.9938426459614282,3.7323520297743693,0.26149061618705893,50.0
720.0,AUTOMATIC,60.0,55.773978143748614,4.252044241737877,49.918144234107835,4.252044241737877,45.66609999236996,3.993451538728627,3.7332276838635936,0.2602238548650333,50.0
721.0,AUTOMATIC,60.0,55.799874270202444,4.226021856251386,49.913251957902595,4.226021856251386,45.68723010165121,3.9930601566322075,3.734098892093935,0.2589612645382724,50.0
722.0,AUTOMATIC,60.0,55.82564455472966,4.200125729797556,49.90835646009776,4.200125729797556,45.7082307303002,3.9926685168078206,3.7349656715357655,0.2577028452720551,50.0
723.0,AUTOMATIC,60.0,55.85128941442922,4.1743554452703435,49.90345795279689,4.1743554452703435,45.72910250752655,3.9922766362237514,3.735828039228039,0.2564485969957122,50.0
724.0,AUTOMATIC,60.0,55.87680926637961,4.148710585570782,49.898556646025185,4.148710585570782,45.7498460604544,3.9918845316820146,3.736686012178078,0.2551985195039368,50.0
725.0,AUTOMATIC,60.0,55.90220452762542,4.12319073362039,49.8936527477429,4.12319073362039,45.77046201412251,3.991492219819432,3.7375396073613594,0.25395261245807266,50.0
726.0,AUTOMATIC,60.0,55.927475615164155,4.097795472374578,49.88874646385896,4.097795472374578,45.79095099148438,3.9910997171087166,3.738388841721304,0.25271087538741277,50.0
727.0,AUTOMATIC,60.0,55.95262294593321,4.072524384835845,49.8838379982444,4.072524384835845,45.81131361340856,3.990707039859552,3.739233732169071,0.25147330769048093,50.0
728.0,AUTOMATIC,60.0,55.977646936796845,4.047377054066793,49.87892755274568,4.047377054066793,45.83155049867889,3.990314204219654,3.740074295583351,0.2502399086363032,50.0
729.0,AUTOMATIC,60.0,56.002548004533416,4.022353063203155,49.87401532719806,4.022353063203155,45.8516622639949,3.9899212261758445,3.7409105488101706,0.24901067736567395,50.0
730.0,AUTOMATIC,60.0,56.02732656582267,3.9974519954665837,49.86910151943882,3.9974519954665837,45.87164952397224,3.9895281215551055,3.741742508662689,0.2477856128924163,50.0
731.0,AUTOMATIC,60.0,56.051983037233136,3.972673434177331,49.86418632532045,3.972673434177331,45.89151289114312,3.9891349060256363,3.7425701919210104,0.24656471410462588,50.0
732.0,AUTOMATIC,60.0,56.076517835209735,3.9480169627668644,49.85926993872383,3.9480169627668644,45.91125297595696,3.988741595097906,3.743393615331987,0.24534797976591927,50.0
733.0,AUTOMATIC,60.0,56.10093137606139,3.923482164790265,49.854352551571175,3.923482164790265,45.93087038678091,3.988348204125694,3.744212795609036,0.24413540851665783,50.0
734.0,AUTOMATIC,60.0,56.12522407594891,3.8990686239386108,49.849434353839214,3.8990686239386108,45.950365729900604,3.9879547483071374,3.7450277494319515,0.24292699887518587,50.0
735.0,AUTOMATIC,60.0,56.149396350872806,3.874775924051093,49.84451553357195,3.874775924051093,45.96973960952086,3.987561242685756,3.745838493446725,0.24172274923903103,50.0
736.0,AUTOMATIC,60.0,56.17344861666142,3.850603649127194,49.83959627689369,3.850603649127194,45.98899262776649,3.987167702151495,3.7466450442653625,0.24052265788613258,50.0
737.0,AUTOMATIC,60.0,56.197381288959015,3.8265513833385825,49.83467676802177,3.8265513833385825,46.00812538468319,3.986774141441742,3.747447418465715,0.23932672297602675,50.0
738.0,AUTOMATIC,60.0,56.22119478321411,3.802618711040985,49.82975718927938,3.802618711040985,46.02713847823839,3.9863805751423502,3.7482456325913,0.23813494255105017,50.0
739.0,AUTOMATIC,60.0,56.244889514667854,3.7788052167858908,49.82483772110821,3.7788052167858908,46.04603250432232,3.985987017688657,3.7490397031511318,0.23694731453752516,50.0
740.0,AUTOMATIC,60.0,56.26846589834255,3.755110485332146,49.819918542081126,3.755110485332146,46.06480805674898,3.98559348336649,3.7498296466195584,0.2357638367469317,50.0
741.0,AUTOMATIC,60.0,56.29192434903027,3.731534101657452,49.81499982891472,3.731534101657452,46.08346572725727,3.985199986313178,3.7506154794360933,0.23458450687708465,50.0
742.0,AUTOMATIC,60.0,56.315265281281604,3.7080756509697324,49.81008175648185,3.7080756509697324,46.10200610551212,3.984806540518548,3.751397218005255,0.23340932251329294,50.0
743.0,AUTOMATIC,60.0,56.33848910939455,3.6847347187183956,49.8051644978241,3.6847347187183956,46.120429779105706,3.984413159825928,3.7521748786964078,0.23223828112952027,50.0
744.0,AUTOMATIC,60.0,56.3615962474035,3.6615108906054488,49.800248224164186,3.6615108906054488,46.13873733355874,3.9840198579331347,3.7529484778436055,0.2310713800895292,50.0
745.0,AUTOMATIC,60.0,56.3845871090683,3.6384037525965027,49.79533310491823,3.6384037525965027,46.156929352321725,3.983626648393458,3.753718031745442,0.2299086166480162,50.0
746.0,AUTOMATIC,60.0,56.40746210786348,3.615412890931701,49.79041930770808,3.615412890931701,46.17500641677638,3.9832335446166462,3.754483556664894,0.22874998795175205,50.0
747.0,AUTOMATIC,60.0,56.43022165696755,3.5925378921365194,49.78550699837358,3.5925378921365194,46.19296910623706,3.9828405598698864,3.755245068829179,0.2275954910407072,50.0
748.0,AUTOMATIC,60.0,56.45286616925247,3.5697783430324534,49.78059634098468,3.5697783430324534,46.210817997952226,3.9824477072787743,3.756002584429607,0.2264451228491673,50.0
749.0,AUTOMATIC,60.0,56.47539605727315,3.5471338307475335,49.7756874978535,3.5471338307475335,46.22855366710596,3.98205499982828,3.7567561196214374,0.22529888020684252,50.0
750.0,AUTOMATIC,60.0,56.49781173325715,3.5246039427268485,49.77078062954645,3.5246039427268485,46.2461766868196,3.981662450363716,3.7575056905237405,0.22415675983997563,50.0
751.0,AUTOMATIC,60.0,56.520113609094395,3.5021882667428486,49.76587589489616,3.5021882667428486,46.26368762815331,3.981270071591693,3.75825131321926,0.223018758372433,50.0
752.0,AUTOMATIC,60.0,56.54230209632708,3.4798863909056053,49.76097345101344,3.4798863909056053,46.281087060107836,3.9808778760810752,3.7589930037542763,0.221884872326799,50.0
753.0,AUTOMATIC,60.0,56.56437760613963,3.4576979036729227,49.75607345329913,3.4576979036729227,46.29837554962621,3.9804858762639306,3.759730778138479,0.2207550981254518,50.0
754.0,AUTOMATIC,60.0,56.58634054934879,3.4356223938603705,49.751176055455886,3.4356223938603705,46.315553661595516,3.980094084436471,3.7604646523448277,0.2196294320916432,50.0
755.0,AUTOMATIC,60.0,56.60819133639385,3.4136594506512097,49.74628140949998,3.4136594506512097,46.33262195884877,3.979702512759998,3.761194642309435,0.21850787045056297,50.0
756.0,AUTOMATIC,60.0,56.629930377326886,3.391808663606149,49.74138966577295,3.391808663606149,46.3495810021668,3.979311173261836,3.761920763931434,0.217390409330402,50.0
757.0,AUTOMATIC,60.0,56.65155808180323,3.370069622673114,49.73650097295328,3.370069622673114,46.366431350280166,3.9789200778362623,3.762643033072859,0.21627704476340348,50.0
758.0,AUTOMATIC,60.0,56.67307485907192,3.3484419181967695,49.731615478067916,3.3484419181967695,46.383173559871146,3.978529238245433,3.7633614655585252,0.2151677726869079,50.0
759.0,AUTOMATIC,60.0,56.694481117966355,3.3269251409280827,49.72673332650387,3.3269251409280827,46.399808185575786,3.9781386661203095,3.764076077175909,0.21406258894440056,50.0
760.0,AUTOMATIC,60.0,56.715777266894996,3.3055188820336454,49.7218546620196,3.3055188820336454,46.41633577998596,3.9777483729615684,3.7647868836750358,0.21296148928653258,50.0
761.0,AUTOMATIC,60.0,56.73696371383221,3.284222733105004,49.71697962675649,3.284222733105004,46.43275689365149,3.9773583701405193,3.765493900768364,0.2118644693721552,50.0
762.0,AUTOMATIC,60.0,56.758040866309145,3.2630362861677895,49.71210836125011,3.2630362861677895,46.44907207508232,3.9769686689000086,3.7661971441306754,0.21077152476933314,50.0
763.0,AUTOMATIC,60.0,56.77900913140478,3.2419591336908553,49.707241004441634,3.2419591336908553,46.46528187075078,3.9765792803553306,3.7668966293989654,0.20968265095636518,50.0
764.0,AUTOMATIC,60.0,56.799868915737065,3.220990868595223,49.70237769368897,3.220990868595223,46.48138682509375,3.9761902154951176,3.767592372172339,0.20859784332277842,50.0
765.0,AUTOMATIC,60.0,56.8206206254541,3.200131084262935,49.697518564778,3.200131084262935,46.497387480515066,3.97580148518224,3.768284388011906,0.20751709717033373,50.0
766.0,AUTOMATIC,60.0,56.84126466622549,3.1793793745459027,49.692663751933694,3.1793793745459027,46.51328437738779,3.9754131001546953,3.768972692440677,0.20644040771401828,50.0
767.0,AUTOMATIC,60.0,56.861801443233794,3.1587353337745085,49.68781338783117,3.1587353337745085,46.52907805405666,3.9750250710264936,3.7696573009434653,0.2053677700830283,50.0
768.0,AUTOMATIC,60.0,56.88223136116598,3.1381985567662056,49.6829676036067,3.1381985567662056,46.54476904684049,3.974637408288536,3.7703382289667924,0.20429917932174346,50.0
769.0,AUTOMATIC,60.0,56.902554824205055,3.117768638834022,49.67812652886869,3.117768638834022,46.560357890034666,3.974250122309495,3.7710154919187877,0.20323463039070733,50.0
770.0,AUTOMATIC,60.0,56.92277223602182,3.0974451757949453,49.67329029170859,3.0974451757949453,46.575845115913644,3.973863223336687,3.771689105169097,0.20217411816759023,50.0
771.0,AUTOMATIC,60.0,56.942883999766636,3.077227763978179,49.668459018711715,3.077227763978179,46.591231254733536,3.973476721496937,3.7723590840487944,0.2011176374481427,50.0
772.0,AUTOMATIC,60.0,56.96289051806135,3.057116000233364,49.66363283496807,3.057116000233364,46.606516834734705,3.9730906267974455,3.7730254438502877,0.2000651829471578,50.0
773.0,AUTOMATIC,60.0,56.9827921929913,3.03710948193865,49.65881186408305,3.03710948193865,46.6217023821444,3.9727049491266437,3.7736881998272374,0.19901674929940638,50.0
774.0,AUTOMATIC,60.0,57.00258942609736,3.0172078070087025,49.65399622818814,3.0172078070087025,46.63678842117944,3.9723196982550513,3.774347367194469,0.1979723310605821,50.0
775.0,AUTOMATIC,60.0,57.02228261836818,2.9974105739026413,49.64918604795159,2.9974105739026413,46.65177547404895,3.971934883836127,3.77500296112789,0.19693192270823712,50.0
776.0,AUTOMATIC,60.0,57.04187217023245,2.9777173816318196,49.64438144258892,2.9777173816318196,46.6666640609571,3.971550515407114,3.775654996764408,0.19589551864270582,50.0
777.0,AUTOMATIC,60.0,57.06135848155126,2.958127829767548,49.63958252987349,2.958127829767548,46.681454700105945,3.9711666023898795,3.776303489201856,0.19486311318802363,50.0
778.0,AUTOMATIC,60.0,57.080741951610534,2.9386415184487404,49.63478942614693,2.9386415184487404,46.69614790769819,3.9707831540917544,3.7769484534989113,0.19383470059284313,50.0
779.0,AUTOMATIC,60.0,57.100022979113675,2.919258048389466,49.630002246329596,2.919258048389466,46.71074419794013,3.9704001797063677,3.777589904675021,0.19281027503134673,50.0
780.0,AUTOMATIC,60.0,57.119201962174095,2.8999770208863254,49.62522110393089,2.8999770208863254,46.725244083044565,3.970017688314471,3.778227857710334,0.191789830604137,50.0
781.0,AUTOMATIC,60.0,57.138279298308014,2.8807980378259046,49.6204461110596,2.8807980378259046,46.739648073233695,3.969635688884768,3.778862327545623,0.19077336133914535,50.0
782.0,AUTOMATIC,60.0,57.157255384427266,2.8617207016919863,49.61567737843414,2.8617207016919863,46.753956676742156,3.9692541902747314,3.77949332908222,0.18976086119251123,50.0
783.0,AUTOMATIC,60.0,57.17613061683221,2.842744615572734,49.610915015392756,2.842744615572734,46.76817039982002,3.9688732012314203,3.7801208771819472,0.18875232404947306,50.0
784.0,AUTOMATIC,60.0,57.19490539120473,2.8238693831677892,49.60615912990365,2.8238693831677892,46.78228974673586,3.9684927303922923,3.780744986667053,0.1877477437252395,50.0
785.0,AUTOMATIC,60.0,57.21358010260133,2.8050946087952724,49.60140982857511,2.8050946087952724,46.796315219779835,3.9681127862860084,3.781365672320145,0.1867471139658634,50.0
786.0,AUTOMATIC,60.0,57.23215514544623,2.786419897398673,49.5966672166655,2.786419897398673,46.81024731926683,3.96773337733324,3.781982948884134,0.18575042844910605,50.0
787.0,AUTOMATIC,60.0,57.250630913524766,2.767844854553772,49.59193139809337,2.767844854553772,46.8240865435396,3.9673545118474696,3.7825968310621683,0.1847576807853013,50.0
788.0,AUTOMATIC,60.0,57.26900779997659,2.749369086475234,49.587202475447214,2.749369086475234,46.83783338897198,3.966976198035777,3.7832073335175793,0.18376886451819763,50.0
789.0,AUTOMATIC,60.0,57.28728619728917,2.730992200023408,49.5824805499955,2.730992200023408,46.851488349972094,3.96659844399964,3.783814470873823,0.18278397312581696,50.0
790.0,AUTOMATIC,60.0,57.3054664972913,2.71271380271083,49.57776572169649,2.71271380271083,46.86505191898566,3.966221257735719,3.784418257714426,0.18180300002129313,50.0
791.0,AUTOMATIC,60.0,57.32354909114667,2.694533502708701,49.5730580892079,2.694533502708701,46.878524586499196,3.965844647136632,3.7850187085829345,0.18082593855369744,50.0
792.0,AUTOMATIC,60.0,57.341534369347556,2.676450908853333,49.5683577498968,2.676450908853333,46.891906841043465,3.9654686199917437,3.785615837982859,0.17985278200888466,50.0
793.0,AUTOMATIC,60.0,57.3594227217086,2.6584656306524437,49.56366479984918,2.6584656306524437,46.905199169196734,3.965093183987934,3.7862096603776303,0.1788835236103039,50.0
794.0,AUTOMATIC,60.0,57.37721453736058,2.6405772782914028,49.55897933387959,2.6405772782914028,46.91840205558819,3.9647183467103675,3.786800190190545,0.17791815651982246,50.0
795.0,AUTOMATIC,60.0,57.394910204744434,2.6227854626394205,49.5543014455408,2.6227854626394205,46.93151598290138,3.964344115643264,3.7873874418047255,0.17695667383853841,50.0
796.0,AUTOMATIC,60.0,57.41251011160519,2.605089795255566,49.549631227133226,2.605089795255566,46.94454143187766,3.9639704981706583,3.787971429563073,0.1759990686075854,50.0
797.0,AUTOMATIC,60.0,57.43001464498608,2.5874898883948134,49.544968769714444,2.5874898883948134,46.95747888131963,3.9635975015771554,3.788552167768222,0.17504533380893328,50.0
798.0,AUTOMATIC,60.0,57.447424191222694,2.5699853550139196,49.54031416310862,2.5699853550139196,46.9703288080947,3.9632251330486894,3.789129670682507,0.17409546236618256,50.0
799.0,AUTOMATIC,60.0,57.46473913593723,2.5525758087773056,49.535667495915895,2.5525758087773056,46.98309168713859,3.9628533996732718,3.7897039525279115,0.1731494471453603,50.0
800.0,AUTOMATIC,60.0,57.481959864032795,2.5352608640627707,49.53102885552167,2.5352608640627707,46.9957679914589,3.9624823084417335,3.790275027486041,0.1722072809556927,50.0
801.0,AUTOMATIC,60.0,57.499086759687835,2.5180401359672047,49.526398328105934,2.5180401359672047,47.00835819213873,3.962111866248475,3.790842909698079,0.17126895655039576,50.0
802.0,AUTOMATIC,60.0,57.516120206350585,2.5009132403121654,49.52177599865246,2.5009132403121654,47.02086275834029,3.9617420798921965,3.7914076132647567,0.17033446662743978,50.0
803.0,AUTOMATIC,60.0,57.53306058673361,2.4838797936494146,49.517161950957956,2.4838797936494146,47.03328215730854,3.9613729560766364,3.791969152246316,0.1694038038303205,50.0
804.0,AUTOMATIC,60.0,57.549908282808495,2.466939413266388,49.512556267641266,2.466939413266388,47.04561685437488,3.9610045014113013,3.7925275406624803,0.16847696074882101,50.0
805.0,AUTOMATIC,60.0,57.56666367580048,2.450091717191505,49.50795903015234,2.450091717191505,47.05786731296084,3.9606367224121874,3.7930827924924237,0.1675539299197637,50.0
806.0,AUTOMATIC,60.0,57.58332714618325,2.433336324199523,49.50337031878136,2.433336324199523,47.070033994581834,3.9602696255025087,3.793634921674741,0.1666347038277678,50.0
807.0,AUTOMATIC,60.0,57.59989907367385,2.416672853816749,49.49879021266767,2.416672853816749,47.08211735885092,3.9599032170134136,3.7941839421074213,0.16571927490599236,50.0
808.0,AUTOMATIC,60.0,57.61637983722753,2.4001009263261466,49.4942187898087,2.4001009263261466,47.09411786348255,3.9595375031846958,3.794729867647823,0.1648076355368726,50.0
809.0,AUTOMATIC,60.0,57.632769815032816,2.3836201627724733,49.48965612706889,2.3836201627724733,47.10603596429642,3.9591724901655114,3.795272712112646,0.16389977805286549,50.0
810.0,AUTOMATIC,60.0,57.649069384506525,2.367230184967184,49.48510230018844,2.367230184967184,47.11787211522125,3.958808184015075,3.7958124892779157,0.16299569473715936,50.0
811.0,AUTOMATIC,60.0,57.66527892228898,2.350930615493475,49.480557383792195,2.350930615493475,47.12962676829872,3.9584445907033756,3.796349212878951,0.1620953778244245,50.0
812.0,AUTOMATIC,60.0,57.68139880423912,2.3347210777110234,49.476021451398296,2.3347210777110234,47.14130037368727,3.9580817161118635,3.796882896610356,0.16119881950150772,50.0
813.0,AUTOMATIC,60.0,57.697429405429936,2.318601195760877,49.47149457542695,2.318601195760877,47.152893379666075,3.957719566034156,3.7974135541259897,0.1603060119081663,50.0
814.0,AUTOMATIC,60.0,57.71337110014372,2.3025705945700636,49.46697682720899,2.3025705945700636,47.164406232638925,3.957358146176719,3.797941199038959,0.15941694713776,50.0
815.0,AUTOMATIC,60.0,57.72922426186751,2.2866288998562823,49.462468276994485,2.2866288998562823,47.1758393771382,3.956997462159559,3.798465844921595,0.15853161723796383,50.0
816.0,AUTOMATIC,60.0,57.74498926328865,2.2707757381324924,49.45796899396135,2.2707757381324924,47.18719325582886,3.9566375195169083,3.798987505305443,0.15765001421146518,50.0
817.0,AUTOMATIC,60.0,57.76066647629031,2.2550107367113483,49.45347904622377,2.2550107367113483,47.19846830951242,3.9562783236979016,3.7995061936812475,0.15677213001665402,50.0
818.0,AUTOMATIC,60.0,57.77625627194713,2.239333523709689,49.44899850084066,2.239333523709689,47.20966497713097,3.9559198800672526,3.800021923498939,0.1558979565683134,50.0
819.0,AUTOMATIC,60.0,57.79175902052096,2.2237437280528667,49.4445274238241,2.2237437280528667,47.22078369577123,3.955562193905928,3.800534708167626,0.1550274857383016,50.0
820.0,AUTOMATIC,60.0,57.807175091456585,2.2082409794790365,49.440065880147664,2.2082409794790365,47.23182490066863,3.9552052704118132,3.8010445610555843,0.15416070935622894,50.0
821.0,AUTOMATIC,60.0,57.8225048533776,2.1928249085434146,49.43561393375476,2.1928249085434146,47.242789025211344,3.9548491147003806,3.8015514954902487,0.15329761921013185,50.0
822.0,AUTOMATIC,60.0,57.83774867408231,2.177495146622398,49.431171647566856,2.177495146622398,47.25367650094446,3.9544937318053486,3.802055524758206,0.15243820704714262,50.0
823.0,AUTOMATIC,60.0,57.85290692053974,2.162251325917687,49.42673908349173,2.162251325917687,47.264487757574045,3.9541391266793386,3.802556662105192,0.1515824645741466,50.0
824.0,AUTOMATIC,60.0,57.867979958885584,2.1470930794602623,49.42231630243161,2.1470930794602623,47.27522322297135,3.953785304194529,3.8030549207360833,0.1507303834584457,50.0
825.0,AUTOMATIC,60.0,57.88296815441842,2.1320200411144157,49.41790336429133,2.1320200411144157,47.28588332317691,3.953432269143306,3.8035503138148963,0.14988195532840987,50.0
826.0,AUTOMATIC,60.0,57.89787187159583,2.117031845581579,49.413500327986405,2.117031845581579,47.296468482404826,3.9530800262389123,3.804042854464787,0.14903717177412545,50.0
827.0,AUTOMATIC,60.0,57.91269147403063,2.1021281284041677,49.40910725145102,2.1021281284041677,47.30697912304685,3.9527285801160814,3.804532555768048,0.14819602434803336,50.0
828.0,AUTOMATIC,60.0,57.92742732448719,2.0873085259693696,49.40472419164607,2.0873085259693696,47.3174156656767,3.9523779353316852,3.8050194307661105,0.14735850456557475,50.0
829.0,AUTOMATIC,60.0,57.94207978487778,2.0725726755128093,49.40035120456708,2.0725726755128093,47.32777852905427,3.9520280963653662,3.8055034924595454,0.14652460390582078,50.0
830.0,AUTOMATIC,60.0,57.956649216258995,2.0579202151222233,49.3959883452521,2.0579202151222233,47.33806813012988,3.951679067620168,3.8059847538080662,0.14569431381210185,50.0
831.0,AUTOMATIC,60.0,57.97113597882826,2.0433507837410048,49.391635667789586,2.0433507837410048,47.34828488404858,3.951330853423167,3.806463227730533,0.14486762569263378,50.0
832.0,AUTOMATIC,60.0,57.98554043192038,2.028864021171742,49.38729322532618,2.028864021171742,47.35842920415444,3.9509834580260947,3.8069389271049605,0.14404453092113423,50.0
833.0,AUTOMATIC,60.0,57.99986293400412,2.014459568079623,49.38296107007446,2.014459568079623,47.368501501994835,3.950636885605957,3.8074118647685196,0.14322502083743727,50.0
834.0,AUTOMATIC,60.0,58.014103842678935,2.0001370659958795,49.37863925332069,2.0001370659958795,47.37850218732481,3.9502911402656555,3.8078820535175497,0.14240908674810582,50.0
835.0,AUTOMATIC,60.0,58.02826351467164,1.985896157321065,49.37432782543248,1.985896157321065,47.388431668111416,3.9499462260345983,3.808349506107565,0.14159671992703338,50.0
836.0,AUTOMATIC,60.0,58.04234230583325,1.971736485328357,49.37002683586641,1.971736485328357,47.398290350538055,3.9496021468693128,3.8088142352532643,0.14078791161604842,50.0
837.0,AUTOMATIC,60.0,58.0563405711358,1.9576576941667483,49.36573633317564,1.9576576941667483,47.40807863900889,3.9492589066540513,3.8092762536285436,0.13998265302550772,50.0
838.0,AUTOMATIC,60.0,58.070258664669296,1.9436594288642013,49.36145636501741,1.9436594288642013,47.41779693615321,3.9489165092013927,3.8097355738665053,0.1391809353348874,50.0
839.0,AUTOMATIC,60.0,58.08409693963863,1.9297413353307036,49.35718697816056,1.9297413353307036,47.42744564282986,3.948574958252845,3.8101922085594744,0.1383827496933705,50.0
840.0,AUTOMATIC,60.0,58.097855748360686,1.915903060361373,49.35292821849304,1.915903060361373,47.43702515813167,3.9482342574794433,3.8106461702590093,0.13758808722043403,50.0
841.0,AUTOMATIC,60.0,58.11153544226133,1.9021442516393137,49.34868013102917,1.9021442516393137,47.446535879389856,3.9478944104823337,3.8110974714759225,0.1367969390064112,50.0
842.0,AUTOMATIC,60.0,58.12513637187264,1.888464557738672,49.34444275991722,1.888464557738672,47.45597820217855,3.947555420793378,3.8115461246802895,0.13600929611308832,50.0
843.0,AUTOMATIC,60.0,58.13865888683007,1.8748636281273576,49.340216148446544,1.8748636281273576,47.465352520319186,3.9472172918757233,3.811992142301471,0.13522514957425225,50.0
844.0,AUTOMATIC,60.0,58.15210333586971,1.861341113169928,49.33600033905496,1.861341113169928,47.474659225885034,3.946880027124397,3.812435536728132,0.13444449039626516,50.0
845.0,AUTOMATIC,60.0,58.16547006682558,1.847896664130289,49.33179537333598,1.847896664130289,47.48389870920569,3.9465436298668783,3.812876320308256,0.13366730955862227,50.0
846.0,AUTOMATIC,60.0,58.178759426627025,1.834529933174423,49.32760129204598,1.834529933174423,47.49307135887156,3.946208103363679,3.8133145053491715,0.1328935980145074,50.0
847.0,AUTOMATIC,60.0,58.191971761296166,1.8212405733729753,49.3234181351114,1.8212405733729753,47.50217756173843,3.945873450808912,3.8137501041175677,0.1321233466913445,50.0
848.0,AUTOMATIC,60.0,58.2051074159453,1.8080282387038338,49.31924594163578,1.8080282387038338,47.511217702931944,3.945539675330862,3.8141831288395216,0.13135654649134043,50.0
849.0,AUTOMATIC,60.0,58.2181667347745,1.7948925840547005,49.31508474990692,1.7948925840547005,47.52019216585222,3.945206779992554,3.814613591700518,0.13059318829203592,50.0
850.0,AUTOMATIC,60.0,58.23115006106918,1.781833265225501,49.31093459740385,1.781833265225501,47.52910133217835,3.944874767792308,3.815041504845475,0.12983326294683284,50.0
851.0,AUTOMATIC,60.0,58.24405773719774,1.7688499389308205,49.30679552080383,1.7688499389308205,47.53794558187301,3.9445436416643065,3.815466880378769,0.1290767612855377,50.0
852.0,AUTOMATIC,60.0,58.25689010460923,1.7559422628022574,49.302667555989274,1.7559422628022574,47.546725293187016,3.9442134044791417,3.8158897303642614,0.12832367411488033,50.0
853.0,AUTOMATIC,60.0,58.26964750383114,1.7431098953907735,49.29855073805475,1.7431098953907735,47.55544084266398,3.94388405904438,3.8163100668253236,0.12757399221905663,50.0
854.0,AUTOMATIC,60.0,58.282330274467164,1.7303524961688623,49.29444510131368,1.7303524961688623,47.564092605144815,3.943555608105094,3.816727901744868,0.12682770636022633,50.0
855.0,AUTOMATIC,60.0,58.29493875519507,1.7176697255328364,49.29035067930531,1.7176697255328364,47.572680953772476,3.943228054344425,3.817143247065374,0.1260848072790508,50.0
856.0,AUTOMATIC,60.0,58.30747328376459,1.7050612448049307,49.28626750480144,1.7050612448049307,47.581206259996506,3.9429014003841147,3.8175561146889208,0.125345285695194,50.0
857.0,AUTOMATIC,60.0,58.31993419699537,1.6925267162354132,49.282195609813094,1.6925267162354132,47.58966889357768,3.9425756487850476,3.817966516477213,0.12460913230783444,50.0
858.0,AUTOMATIC,60.0,58.332321830774994,1.6800658030046307,49.27813502559734,1.6800658030046307,47.598069222592706,3.942250802047787,3.8183744642516193,0.12387633779616758,50.0
859.0,AUTOMATIC,60.0,58.34463652005698,1.667678169225006,49.27408578266384,1.667678169225006,47.60640761343883,3.941926862613107,3.818779969793199,0.12314689281990843,50.0
860.0,AUTOMATIC,60.0,58.356878598858955,1.65536347994302,49.27004791078157,1.65536347994302,47.61468443083855,3.941603832862526,3.8191830448427377,0.12242078801978806,50.0
861.0,AUTOMATIC,60.0,58.36904840026077,1.6431214011410447,49.2660214389853,1.6431214011410447,47.62290003784425,3.9412817151188237,3.8195837011007807,0.12169801401804303,50.0
862.0,AUTOMATIC,60.0,58.38114625640267,1.6309515997392268,49.26200639558218,1.6309515997392268,47.63105479584296,3.9409605116465745,3.81998195022767,0.12097856141890428,50.0
863.0,AUTOMATIC,60.0,58.393172498483594,1.6188537435973274,49.258002808158274,1.6188537435973274,47.63914906456095,3.940640224652662,3.8203778038435763,0.12026242080908567,50.0
864.0,AUTOMATIC,60.0,58.40512745675942,1.6068275015164062,49.25401070358493,1.6068275015164062,47.647183202068526,3.9403208562867946,3.820771273528539,0.11954958275825556,50.0
865.0,AUTOMATIC,60.0,58.41701146054137,1.5948725432405766,49.25003010802531,1.5948725432405766,47.65515756478473,3.9400024086420244,3.8211623708225035,0.1188400378195209,50.0
866.0,AUTOMATIC,60.0,58.42882483819436,1.5829885394586327,49.24606104694065,1.5829885394586327,47.66307250748202,3.9396848837552523,3.8215511072253556,0.11813377652989665,50.0
867.0,AUTOMATIC,60.0,58.440567917135425,1.571175161805641,49.24210354509669,1.571175161805641,47.67092838329105,3.939368283607735,3.821937494196967,0.11743078941076801,50.0
868.0,AUTOMATIC,60.0,58.45224102383225,1.559432082864575,49.238157626569944,1.559432082864575,47.67872554370537,3.9390526101255956,3.822321543157228,0.11673106696836744,50.0
869.0,AUTOMATIC,60.0,58.463844483801665,1.5477589761677493,49.23422331475396,1.5477589761677493,47.68646433858621,3.938737865180317,3.822703265486096,0.11603459969422092,50.0
870.0,AUTOMATIC,60.0,58.47537862160823,1.5361555161983347,49.230300632365534,1.5361555161983347,47.6941451161672,3.9384240505892425,3.8230826725236295,0.11534137806561295,50.0
871.0,AUTOMATIC,60.0,58.48684376086284,1.524621378391771,49.22638960145093,1.524621378391771,47.70176822305916,3.9381111681160745,3.8234597755700346,0.11465139254603995,50.0
872.0,AUTOMATIC,60.0,58.4982402242214,1.5131562391371602,49.22249024339201,1.5131562391371602,47.70933400425485,3.9377992194713607,3.823834585885706,0.11396463358565478,50.0
873.0,AUTOMATIC,60.0,58.50956833338358,1.501759775778602,49.218602578912346,1.501759775778602,47.716842803133744,3.9374882063129877,3.824207114691273,0.11328109162171485,50.0
874.0,AUTOMATIC,60.0,58.52082840909147,1.4904316666164235,49.21472662808325,1.4904316666164235,47.724294961466825,3.93717813024666,3.8245773731676413,0.11260075707901862,50.0
875.0,AUTOMATIC,60.0,58.532020771128515,1.4791715909085283,49.210862410329895,1.4791715909085283,47.73169081942137,3.936868992826392,3.8249453724560394,0.11192362037035242,50.0
876.0,AUTOMATIC,60.0,58.5431457383182,1.467979228871485,49.20700994443721,1.467979228871485,47.739030715565725,3.9365607955549766,3.8253111236580652,0.11124967189691137,50.0
877.0,AUTOMATIC,60.0,58.55420362852307,1.4568542616817979,49.20316924855593,1.4568542616817979,47.74631498687413,3.9362535398844742,3.825674637835731,0.1105789020487431,50.0
878.0,AUTOMATIC,60.0,58.56519475864359,1.4457963714769306,49.19934034020845,1.4457963714769306,47.75354396873152,3.9359472272166762,3.826035926011512,0.10991130120516424,50.0
879.0,AUTOMATIC,60.0,58.57611944461711,1.4348052413564076,49.19552323629471,1.4348052413564076,47.760717994938304,3.935641858903577,3.8263949991683943,0.10924685973518278,50.0
880.0,AUTOMATIC,60.0,58.5869780014169,1.4238805553828868,49.191717953098106,1.4238805553828868,47.76783739771522,3.9353374362478486,3.8267518682499233,0.10858556799792529,50.0
881.0,AUTOMATIC,60.0,58.5977707430512,1.4130219985830976,49.18792450629124,1.4130219985830976,47.77490250770814,3.935033960503299,3.827106544160252,0.10792741634304681,50.0
882.0,AUTOMATIC,60.0,58.60849798256233,1.4022292569488002,49.18414291094168,1.4022292569488002,47.78191365399288,3.9347314328753344,3.827459037764193,0.10727239511114162,50.0
883.0,AUTOMATIC,60.0,58.61916003202574,1.3915020174376735,49.18037318151774,1.3915020174376735,47.788871164080064,3.934429854521419,3.8278093598872687,0.10662049463415046,50.0
884.0,AUTOMATIC,60.0,58.629757202549314,1.3808399679742607,49.1766153318942,1.3808399679742607,47.79577536391994,3.9341292265515357,3.8281575213157613,0.10597170523577448,50.0
885.0,AUTOMATIC,60.0,58.64028980427249,1.3702427974506861,49.172869375357884,1.3702427974506861,47.8026265779072,3.933829550028631,3.8285035327967676,0.1053260172318633,50.0
886.0,AUTOMATIC,60.0,58.65075814636557,1.3597101957275086,49.16913532461334,1.3597101957275086,47.809425128885835,3.9335308259690676,3.8288474050382475,0.10468342093082006,50.0
887.0,AUTOMATIC,60.0,58.66116253702898,1.3492418536344317,49.16541319178844,1.3492418536344317,47.81617133815401,3.933233055343075,3.829189148709083,0.10404390663399221,50.0
888.0,AUTOMATIC,60.0,58.67150328349259,1.3388374629710214,49.161702988439885,1.3388374629710214,47.82286552546886,3.932936239075191,3.829528774439127,0.1034074646360641,50.0
889.0,AUTOMATIC,60.0,58.68178069201513,1.3284967165074093,49.158004725558804,1.3284967165074093,47.829508009051395,3.932640378044704,3.8298662928192604,0.10277408522544373,50.0
890.0,AUTOMATIC,60.0,58.69199506788361,1.3182193079848687,49.15431841357619,1.3182193079848687,47.83609910559132,3.9323454730860954,3.8302017144014466,0.10214375868464876,50.0
891.0,AUTOMATIC,60.0,58.702146715412674,1.3080049321163898,49.15064406236829,1.3080049321163898,47.842639130251904,3.9320515249894634,3.830535049698789,0.10151647529067453,50.0
892.0,AUTOMATIC,60.0,58.712235937944214,1.297853284587326,49.14698168126217,1.297853284587326,47.84912839667484,3.9317585345009736,3.830866309185583,0.10089222531539077,50.0
893.0,AUTOMATIC,60.0,58.7222630378468,1.2877640620557855,49.14333127904091,1.2877640620557855,47.85556721698512,3.9314665023232727,3.831195503297378,0.10027099902589454,50.0
894.0,AUTOMATIC,60.0,58.732228316515304,1.2777369621531989,49.13969286394908,1.2777369621531989,47.86195590179588,3.9311754291159264,3.831522642431035,0.0996527866848913,50.0
895.0,AUTOMATIC,60.0,58.74213207437041,1.2677716834846962,49.136066443698,1.2677716834846962,47.8682947602133,3.93088531549584,3.8318477369447788,0.09903757855106132,50.0
896.0,AUTOMATIC,60.0,58.75197461085835,1.25786792562959,49.13245202547104,1.25786792562959,47.87458409984145,3.9305961620376832,3.8321707971582635,0.09842536487941977,50.0
897.0,AUTOMATIC,60.0,58.761756224450515,1.2480253891416524,49.12884961592881,1.2480253891416524,47.880824226787155,3.9303079692743044,3.832491833352628,0.09781613592167648,50.0
898.0,AUTOMATIC,60.0,58.77147721264318,1.2382437755494848,49.125259221214385,1.2382437755494848,47.8870154456649,3.9300207376971508,3.832810855770557,0.09720988192659386,50.0
899.0,AUTOMATIC,60.0,58.78113787195721,1.2285227873568232,49.121680846958505,1.2285227873568232,47.89315805960168,3.9297344677566803,3.8331278746163417,0.09660659314033859,50.0
900.0,AUTOMATIC,60.0,58.7907384979379,1.2188621280427867,49.11811449828468,1.2188621280427867,47.899252370241896,3.9294491598627745,3.833442900055941,0.09600625980683342,50.0
901.0,AUTOMATIC,60.0,58.80027938515472,1.2092615020620983,49.114560179814305,1.2092615020620983,47.90529867775221,3.9291648143851443,3.8337559422170413,0.09540887216810301,50.0
902.0,AUTOMATIC,60.0,58.80976082720119,1.1997206148452833,49.111017895671715,1.1997206148452833,47.91129728082643,3.9288814316537373,3.8340670111891213,0.09481442046461597,50.0
903.0,AUTOMATIC,60.0,58.81918311669475,1.1902391727988118,49.10748764948923,1.1902391727988118,47.91724847669042,3.9285990119591383,3.8343761170235107,0.09422289493562763,50.0
904.0,AUTOMATIC,60.0,58.828546545276694,1.1808168833052477,49.10396944441219,1.1808168833052477,47.923152561106946,3.9283175555529755,3.8346832697334583,0.09363428581951716,50.0
905.0,AUTOMATIC,60.0,58.837851403612106,1.1714534547233058,49.10046328310386,1.1714534547233058,47.92900982838056,3.928037062648309,3.834988479294191,0.09304858335411792,50.0
906.0,AUTOMATIC,60.0,58.84709798138981,1.162148596387894,49.096969167750395,1.162148596387894,47.9348205713625,3.9277575334200314,3.835291755642982,0.09246577777704923,50.0
907.0,AUTOMATIC,60.0,58.856286567322414,1.1529020186101917,49.09348710006574,1.1529020186101917,47.940585081455545,3.927478968005259,3.8355931086792108,0.09188585932604809,50.0
908.0,AUTOMATIC,60.0,58.86541744914634,1.1437134326775862,49.09001708129652,1.1437134326775862,47.94630364861894,3.9272013665037218,3.835892548264433,0.09130881823928894,50.0
909.0,AUTOMATIC,60.0,58.87449091362191,1.1345825508536578,49.086559112226865,1.1345825508536578,47.95197656137321,3.926924728978149,3.8361900842224417,0.09073464475570736,50.0
910.0,AUTOMATIC,60.0,58.88350724653344,1.1255090863780879,49.08311319318318,1.1255090863780879,47.95760410680509,3.9266490554546545,3.836485726339338,0.09016332911531633,50.0
911.0,AUTOMATIC,60.0,58.892466732689385,1.1164927534665594,49.079679324038985,1.1164927534665594,47.963186570572425,3.9263743459231186,3.836779484363593,0.08959486155952545,50.0
912.0,AUTOMATIC,60.0,58.90136965592253,1.1075332673106146,49.07625750421959,1.1075332673106146,47.968724236908976,3.926100600337567,3.837071368006119,0.08902923233144833,50.0
913.0,AUTOMATIC,60.0,58.91021629909016,1.0986303440774705,49.07284773270683,1.0986303440774705,47.97421738862936,3.9258278186165465,3.8373613869403327,0.08846643167621382,50.0
914.0,AUTOMATIC,60.0,58.91900694407428,1.089783700909841,49.06945000804375,1.089783700909841,47.97966630713391,3.9255560006435,3.8376495508022272,0.08790644984127294,50.0
915.0,AUTOMATIC,60.0,58.92774187178195,1.0809930559257168,49.06606432833926,1.0809930559257168,47.98507127241354,3.9252851462671408,3.837935869190439,0.0873492770767017,50.0
916.0,AUTOMATIC,60.0,58.936421362145495,1.0722581282180528,49.06269069127269,1.0722581282180528,47.99043256305464,3.9250152553018154,3.8382203516663145,0.08679490363550091,50.0
917.0,AUTOMATIC,60.0,58.945045694122875,1.063578637854505,49.059329094098416,1.063578637854505,47.99575045624391,3.924746327527873,3.8385030077539826,0.08624331977389055,50.0
918.0,AUTOMATIC,60.0,58.95361514569804,1.054954305877125,49.05597953365042,1.054954305877125,48.0010252277733,3.924478362692034,3.838783846940424,0.08569451575161002,50.0
919.0,AUTOMATIC,60.0,58.96212999388126,1.0463848543019623,49.05264200634677,1.0463848543019623,48.00625715204481,3.924211360507742,3.8390628786755383,0.08514848183220369,50.0
920.0,AUTOMATIC,60.0,58.970590514709585,1.0378700061187374,49.049316508194146,1.0378700061187374,48.01144650207541,3.9239453206555317,3.839340112372218,0.08460520828331353,50.0
921.0,AUTOMATIC,60.0,58.97899698324727,1.0294094852904152,49.04600303479228,1.0294094852904152,48.01659354950186,3.9236802427833823,3.8396155574064177,0.08406468537696465,50.0
922.0,AUTOMATIC,60.0,58.98734967358625,1.0210030167527293,49.04270158133835,1.0210030167527293,48.02169856458562,3.923416126507068,3.8398892231172264,0.08352690338984159,50.0
923.0,AUTOMATIC,60.0,58.99564885884661,1.0126503264137483,49.03941214263144,1.0126503264137483,48.02676181621769,3.923152971410515,3.840161118806939,0.082991852603576,50.0
924.0,AUTOMATIC,60.0,59.00389481117712,1.0043511411533927,49.036134713076855,1.0043511411533927,48.03178357192346,3.9228907770461485,3.840431253741128,0.08245952330502071,50.0
925.0,AUTOMATIC,60.0,59.012087801755776,0.9961051888228809,49.032869286690456,0.9961051888228809,48.036764097867575,3.9226295429352365,3.8406996371487163,0.08192990578652015,50.0
926.0,AUTOMATIC,60.0,59.0202281007904,0.9879121982442243,49.029615857103025,0.9879121982442243,48.0417036588588,3.922369268568242,3.8409662782220493,0.0814029903461928,50.0
927.0,AUTOMATIC,60.0,59.028315977519206,0.9797718992096023,49.026374417564455,0.9797718992096023,48.04660251835485,3.9221099534051564,3.8412311861169717,0.08087876728818477,50.0
928.0,AUTOMATIC,60.0,59.0363517002115,0.9716840224807939,49.023144960948045,0.9716840224807939,48.05146093846725,3.9218515968758436,3.8414943699528963,0.08035722692294733,50.0
929.0,AUTOMATIC,60.0,59.044335536168234,0.9636482997885025,49.0199274797547,0.9636482997885025,48.0562791799662,3.921594198380376,3.8417558388128823,0.07983835956749363,50.0
930.0,AUTOMATIC,60.0,59.052267751722795,0.9556644638317664,49.016721966117125,0.9556644638317664,48.06105750228536,3.92133775728937,3.842015601743707,0.07932215554566335,50.0
931.0,AUTOMATIC,60.0,59.060148612241626,0.9477322482772053,49.013528411803954,0.9477322482772053,48.06579616352675,3.921082272944316,3.842273667755942,0.07880860518837407,50.0
932.0,AUTOMATIC,60.0,59.067978382125006,0.9398513877583738,49.010346808223915,0.9398513877583738,48.07049542046554,3.920827744657913,3.842530045824028,0.07829769883388504,50.0
933.0,AUTOMATIC,60.0,59.07575732480781,0.9320216178749945,49.00717714642991,0.9320216178749945,48.075155528554916,3.9205741717143927,3.84278474488635,0.0777894268280428,50.0
934.0,AUTOMATIC,60.0,59.083485702760264,0.9242426751921897,49.00401941712306,0.9242426751921897,48.07977674193087,3.920321553369845,3.8430377738453148,0.07728377952453025,50.0
935.0,AUTOMATIC,60.0,59.09116377748879,0.9165142972397362,49.00087361065681,0.9165142972397362,48.084359313417075,3.9200698888525447,3.8432891415674235,0.07678074728512119,50.0
936.0,AUTOMATIC,60.0,59.09879180953678,0.9088362225112121,48.997739717040844,0.9088362225112121,48.08890349452963,3.9198191773632676,3.8435388568833533,0.07628032047991429,50.0
937.0,AUTOMATIC,60.0,59.10637005848554,0.9012081904632225,48.994617725945176,0.9012081904632225,48.09340953548195,3.919569418075614,3.843786928588029,0.07578248948758537,50.0
938.0,AUTOMATIC,60.0,59.1138987829551,0.8936299415144617,48.991507626703985,0.8936299415144617,48.09787768518952,3.9193206101363187,3.844033365440704,0.07528724469561476,50.0
939.0,AUTOMATIC,60.0,59.12137824060515,0.886101217044903,48.988409408319654,0.886101217044903,48.10230819127475,3.9190727526655724,3.8442781761650355,0.07479457650053689,50.0
940.0,AUTOMATIC,60.0,59.12880868813596,0.8786217593948535,48.98532305946658,0.8786217593948535,48.10670130007173,3.9188258447573263,3.8445213694491653,0.07430447530816098,50.0
941.0,AUTOMATIC,60.0,59.136190381289346,0.8711913118640382,48.98224856849509,0.8711913118640382,48.11105725663105,3.9185798854796072,3.8447629539457946,0.07381693153381264,50.0
942.0,AUTOMATIC,60.0,59.143523574849596,0.8638096187106541,48.97918592343526,0.8638096187106541,48.115376304724606,3.9183348738748207,3.8450029382722626,0.07333193560255813,50.0
943.0,AUTOMATIC,60.0,59.15080852264454,0.8564764251504045,48.97613511200076,0.8564764251504045,48.11965868685036,3.918090808960061,3.8452413310106297,0.07284947794943131,50.0
944.0,AUTOMATIC,60.0,59.158045477546494,0.8491914773554612,48.97309612159259,0.8491914773554612,48.12390464423713,3.9178476897274073,3.84547814070775,0.07236954901965742,50.0
945.0,AUTOMATIC,60.0,59.16523469147339,0.8419545224535057,48.9700689393029,0.8419545224535057,48.12811441684939,3.9176055151442317,3.8457133758753552,0.0718921392688765,50.0
946.0,AUTOMATIC,60.0,59.172376415389714,0.8347653085266131,48.967053551918646,0.8347653085266131,48.13228824339203,3.9173642841534915,3.8459470449901345,0.07141723916335696,50.0
947.0,AUTOMATIC,60.0,59.17947089930774,0.8276235846102864,48.96404994592537,0.8276235846102864,48.13642636131508,3.9171239956740296,3.8461791564938093,0.07094483918022032,50.0
948.0,AUTOMATIC,60.0,59.18651839228851,0.8205291006922621,48.96105810751081,0.8205291006922621,48.14052900681855,3.9168846486008646,3.8464097187932196,0.07047492980764503,50.0
949.0,AUTOMATIC,60.0,59.193519142443016,0.8134816077114877,48.958078022568586,0.8134816077114877,48.1445964148571,3.916646241805487,3.8466387402604014,0.0700075015450854,50.0
950.0,AUTOMATIC,60.0,59.20047339693336,0.8064808575569842,48.955109676701866,0.8064808575569842,48.14862881914488,3.9164087741361495,3.8468662292326665,0.069542544903483,50.0
951.0,AUTOMATIC,60.0,59.207381401973905,0.7995266030666386,48.95215305522685,0.7995266030666386,48.15262645216021,3.916172244418148,3.847092194012686,0.06908005040546206,50.0
952.0,AUTOMATIC,60.0,59.21424340283246,0.7926185980260954,48.94920814317644,0.7926185980260954,48.15658954515035,3.9159366514541154,3.8473166428685692,0.06862000858554618,50.0
953.0,AUTOMATIC,60.0,59.221059643831495,0.7857565971675413,48.946274925303726,0.7857565971675413,48.160518328136185,3.915701994024298,3.847539584033947,0.06816240999035106,50.0
954.0,AUTOMATIC,60.0,59.22783036834937,0.7789403561685049,48.94335338608554,0.7789403561685049,48.164413029917036,3.9154682708868433,3.8477610257080515,0.0677072451787919,50.0
955.0,AUTOMATIC,60.0,59.2345558188216,0.7721696316506268,48.94044350972592,0.7721696316506268,48.16827387807529,3.9152354807780734,3.8479809760558,0.06725450472227346,50.0
956.0,AUTOMATIC,60.0,59.241236236742076,0.7654441811784025,48.93754528015959,0.7654441811784025,48.17210109898119,3.915003622412767,3.8481994432078754,0.06680417920489168,50.0
957.0,AUTOMATIC,60.0,59.24787186266445,0.7587637632579245,48.9346586810554,0.7587637632579245,48.17589491779748,3.9147726944844323,3.84841643526081,0.06635625922362243,50.0
958.0,AUTOMATIC,60.0,59.25446293620329,0.7521281373355535,48.93178369581971,0.7521281373355535,48.17965555848416,3.9145426956655767,3.8486319602770687,0.065910735388508,50.0
959.0,AUTOMATIC,60.0,59.26100969603557,0.7455370637967107,48.928920307599846,0.7455370637967107,48.183383243803135,3.9143136246079875,3.8488460262851283,0.0654675983228592,50.0
960.0,AUTOMATIC,60.0,59.26751237990192,0.7389903039644281,48.92606849928738,0.7389903039644281,48.187078195322954,3.9140854799429907,3.8490586412795653,0.0650268386634254,50.0
961.0,AUTOMATIC,60.0,59.273971224607976,0.7324876200980768,48.92322825352152,0.7324876200980768,48.190740633423445,3.913858260281722,3.8492698132211363,0.06458844706058553,50.0
962.0,AUTOMATIC,60.0,59.28038646602584,0.7260287753920238,48.92039955269244,0.7260287753920238,48.19437077730041,3.913631964215395,3.849479550036861,0.06415241417853412,50.0
963.0,AUTOMATIC,60.0,59.28675833909539,0.7196135339741616,48.917582378944445,0.7196135339741616,48.19796884497028,3.9134065903155557,3.8496878596201096,0.06371873069544609,50.0
964.0,AUTOMATIC,60.0,59.29308707782577,0.7132416609046075,48.91477671417941,0.7132416609046075,48.2015350532748,3.9131821371343527,3.849894749830682,0.06328738730367078,50.0
965.0,AUTOMATIC,60.0,59.29937291529676,0.706912922174233,48.91198254005991,0.706912922174233,48.20506961788568,3.912958603204793,3.850100228494895,0.06285837470989808,50.0
966.0,AUTOMATIC,60.0,59.30561608366028,0.7006270847032425,48.909199838012434,0.7006270847032425,48.20857275330919,3.912735987040995,3.8503043034056654,0.06243168363532936,50.0
967.0,AUTOMATIC,60.0,59.31181681414187,0.6943839163397172,48.90642858923061,0.6943839163397172,48.21204467289089,3.9125142871384484,3.850506982322597,0.062007304815851594,50.0
968.0,AUTOMATIC,60.0,59.317975337042085,0.6881831858581293,48.9036687746783,0.6881831858581293,48.21548558882017,3.912293501974264,3.8507082729720605,0.06158522900220342,50.0
969.0,AUTOMATIC,60.0,59.32409188173809,0.6820246629579145,48.90092037509288,0.6820246629579145,48.218895712134966,3.9120736300074306,3.8509081830472827,0.06116544696014792,50.0
970.0,AUTOMATIC,60.0,59.33016667668516,0.6759081182619084,48.898183370988185,0.6759081182619084,48.22227525272628,3.911854669679055,3.8511067202084295,0.06074794947062534,50.0
971.0,AUTOMATIC,60.0,59.336199949418166,0.6698333233148404,48.89545774265769,0.6698333233148404,48.22562441934285,3.911636619412615,3.851303892082692,0.06033272732992323,50.0
972.0,AUTOMATIC,60.0,59.342191926553156,0.663800050581834,48.8927434701776,0.663800050581834,48.228943419595765,3.911419477614208,3.851499706264372,0.05991977134983628,50.0
973.0,AUTOMATIC,60.0,59.34814283378894,0.6578080734468443,48.890040533409845,0.6578080734468443,48.232232459963,3.9112032426727876,3.8516941703149654,0.05950907235782221,50.0
974.0,AUTOMATIC,60.0,59.35405289590866,0.6518571662110588,48.88734891200511,0.6518571662110588,48.23549174579405,3.9109879129604086,3.8518872917632514,0.0591006211971572,50.0
975.0,AUTOMATIC,60.0,59.359922336781366,0.6459471040913414,48.88466858540585,0.6459471040913414,48.238721481314506,3.910773486832468,3.852079078105376,0.05869440872709175,50.0
976.0,AUTOMATIC,60.0,59.365751379363665,0.6400776632186336,48.88199953284923,0.6400776632186336,48.241921869630595,3.9105599626279384,3.8522695368049393,0.05829042582299904,50.0
977.0,AUTOMATIC,60.0,59.37154024570132,0.6342486206363347,48.87934173337011,0.6342486206363347,48.24509311273378,3.910347338669609,3.8524586752930805,0.05788866337652854,50.0
978.0,AUTOMATIC,60.0,59.3772891569309,0.6284597542986816,48.87669516580395,0.6284597542986816,48.24823541150527,3.910135613264316,3.8526465009685653,0.05748911229575082,50.0
979.0,AUTOMATIC,60.0,59.382998333281435,0.6227108430691004,48.87405980878971,0.6227108430691004,48.25134896572061,3.909924784703177,3.8528330211978723,0.05709176350530454,50.0
980.0,AUTOMATIC,60.0,59.38866799407608,0.6170016667185649,48.871435640772766,0.6170016667185649,48.2544339740542,3.909714851261821,3.8530182433152786,0.05669660794654252,50.0
981.0,AUTOMATIC,60.0,59.39429835773385,0.61133200592392,48.868822640007735,0.61133200592392,48.257490634083815,3.909505811200619,3.853202174622949,0.0563036365776699,50.0
982.0,AUTOMATIC,60.0,59.39988964177124,0.6057016422661476,48.86622078456129,0.6057016422661476,48.260519142295145,3.9092976627649034,3.853384822391019,0.05591284037388444,50.0
983.0,AUTOMATIC,60.0,59.405442062803985,0.6001103582287612,48.86363005231505,0.6001103582287612,48.26351969408629,3.9090904041852044,3.853566193857686,0.0555242103275182,50.0
984.0,AUTOMATIC,60.0,59.41095583654881,0.594557937196015,48.86105042096829,0.594557937196015,48.266492483772275,3.908884033677463,3.8537462962292937,0.05513773744816941,50.0
985.0,AUTOMATIC,60.0,59.4164311778251,0.5890441634511916,48.85848186804072,0.5890441634511916,48.26943770458953,3.9086785494432577,3.853925136680421,0.05475341276283663,50.0
986.0,AUTOMATIC,60.0,59.421868300556724,0.5835688221748967,48.85592437087529,0.5835688221748967,48.272355548700396,3.9084739496700234,3.8541027223539692,0.05437122731605415,50.0
987.0,AUTOMATIC,60.0,59.42726741777372,0.5781316994432757,48.853377906640894,0.5781316994432757,48.27524620719762,3.9082702325312715,3.8542790603612476,0.053991172170023916,50.0
988.0,AUTOMATIC,60.0,59.4326287416142,0.5727325822262799,48.85084245233503,0.5727325822262799,48.27810987010875,3.9080673961868024,3.854454157782063,0.053613238404739416,50.0
989.0,AUTOMATIC,60.0,59.437952483326015,0.5673712583857977,48.848317984786476,0.5673712583857977,48.28094672640068,3.907865438782918,3.8546280216648077,0.053237417118110475,50.0
990.0,AUTOMATIC,60.0,59.44323885326862,0.5620475166739851,48.84580448065804,0.5620475166739851,48.283756963984054,3.907664358452643,3.8548006590265476,0.05286369942609559,50.0
991.0,AUTOMATIC,60.0,59.448488060914904,0.5567611467313824,48.84330191644909,0.5567611467313824,48.28654076971771,3.9074641533159276,3.8549720768531066,0.05249207646282095,50.0
992.0,AUTOMATIC,60.0,59.45370031485297,0.5515119390850955,48.84081026849824,0.5515119390850955,48.28929832941314,3.907264821479859,3.8551422820991608,0.05212253938069811,50.0
993.0,AUTOMATIC,60.0,59.45887582278802,0.5462996851470265,48.83832951298591,0.5462996851470265,48.29202982783888,3.9070663610388725,3.855311281688321,0.05175507935055146,50.0
994.0,AUTOMATIC,60.0,59.464014791544194,0.5411241772119766,48.83585962593692,0.5411241772119766,48.29473544872494,3.9068687700749534,3.8554790825132237,0.05138968756172968,50.0
995.0,AUTOMATIC,60.0,59.46911742706642,0.5359852084558057,48.83340058322303,0.5359852084558057,48.297415374767226,3.9066720466578424,3.8556456914356185,0.051026355222223874,50.0
996.0,AUTOMATIC,60.0,59.4741839344223,0.530882572933578,48.83095236056547,0.530882572933578,48.30006978763189,3.9064761888452377,3.8558111152864587,0.05066507355877903,50.0
997.0,AUTOMATIC,60.0,59.47921451780399,0.5258160655777004,48.828514933537484,0.5258160655777004,48.30269886795978,3.9062811946829985,3.8559753608659864,0.05030583381701215,50.0
998.0,AUTOMATIC,60.0,59.48420938053014,0.5207854821960112,48.826088277566775,0.5207854821960112,48.305302795370764,3.906087062205342,3.8561384349438232,0.04994862726151883,50.0
999.0,AUTOMATIC,60.0,59.48916872504773,0.5157906194698612,48.82367236793797,0.5157906194698612,48.307881748468105,3.905893789435037,3.8563003442590587,0.04959344517597852,50.0
1000.0,AUTOMATIC,60.0,59.494092752934066,0.5108312749522668,48.821267179795136,0.5108312749522668,48.31043590484287,3.905701374383611,3.8564610955203396,0.049240278863271314,50.0
1001.0,AUTOMATIC,60.0,59.49898166489861,0.5059072470659345,48.81887268814414,0.5059072470659345,48.312965441078205,3.905509815051531,3.8566206954059554,0.04888911964557563,50.0
1002.0,AUTOMATIC,60.0,59.50383566078506,0.5010183351013922,48.8164888678551,0.5010183351013922,48.31547053275371,3.905319109428408,3.8567791505639333,0.04853995886447482,50.0
1003.0,AUTOMATIC,60.0,59.508654939573155,0.49616433921494263,48.814115693664725,0.49616433921494263,48.31795135444978,3.905129255493178,3.8569364676121207,0.048192787881057075,50.0
1004.0,AUTOMATIC,60.0,59.51343969938077,0.4913450604268448,48.81175314017876,0.4913450604268448,48.320408079751914,3.9049402512143008,3.857092653138279,0.04784759807602157,50.0
1005.0,AUTOMATIC,60.0,59.518190137465744,0.4865603006192316,48.80940118187425,0.4865603006192316,48.32284088125502,3.90475209454994,3.85724771370017,0.047504380849769934,50.0
1006.0,AUTOMATIC,60.0,59.52290645022801,0.48180986253425573,48.80705979310194,0.48180986253425573,48.325249930567686,3.9045647834481554,3.8574016558256456,0.04716312762250974,50.0
1007.0,AUTOMATIC,60.0,59.52758883321144,0.47709354977199325,48.804728948088545,0.47709354977199325,48.32763539831655,3.9043783158470835,3.857554486012738,0.04682382983434552,50.0
1008.0,AUTOMATIC,60.0,59.53223748110597,0.4724111667885609,48.80240862093906,0.4724111667885609,48.3299974541505,3.904192689675125,3.857706210729747,0.04648647894537827,50.0
1009.0,AUTOMATIC,60.0,59.53685258774954,0.46776251889402687,48.800098785638994,0.46776251889402687,48.33233626674497,3.9040079028511196,3.8578568364153294,0.046151066435790256,50.0
1010.0,AUTOMATIC,60.0,59.54143434613013,0.4631474122504571,48.797799416056684,0.4631474122504571,48.33465200380623,3.903823953284535,3.858006369478592,0.045817583805942697,50.0
1011.0,AUTOMATIC,60.0,59.545982948387774,0.4585656538698686,48.79551048594544,0.4585656538698686,48.336944832075574,3.9036408388756354,3.8581548162991766,0.04548602257645884,50.0
1012.0,AUTOMATIC,60.0,59.55049858581661,0.45401705161222594,48.793231968945854,0.45401705161222594,48.33921491733363,3.9034585575156684,3.858302183227351,0.0451563742883172,50.0
1013.0,AUTOMATIC,60.0,59.554981448866904,0.44950141418338774,48.790963838587935,0.44950141418338774,48.34146242440455,3.903277107087035,3.8584484765840985,0.044828630502936395,50.0
1014.0,AUTOMATIC,60.0,59.559431727147135,0.44501855113309574,48.7887060682933,0.44501855113309574,48.343687517160205,3.903096485463464,3.858593702661208,0.04450278280225639,50.0
1015.0,AUTOMATIC,60.0,59.56384960942602,0.4405682728528646,48.78645863137733,0.4405682728528646,48.345890358524464,3.902916690510186,3.8587378677213597,0.044178822788826455,50.0
1016.0,AUTOMATIC,60.0,59.56823528363459,0.4361503905739781,48.78422150105132,0.4361503905739781,48.34807111047734,3.902737720084106,3.8588809779982207,0.04385674208588508,50.0
1017.0,AUTOMATIC,60.0,59.57258893686834,0.43176471636540725,48.78199465042458,0.43176471636540725,48.35022993405917,3.9025595720339665,3.85902303969653,0.04353653233743637,50.0
1018.0,AUTOMATIC,60.0,59.576910755389164,0.42741106313165744,48.779778052506494,0.42741106313165744,48.352366989374836,3.9023822442005196,3.859164058992191,0.04321818520832865,50.0
1019.0,AUTOMATIC,60.0,59.58120092462761,0.42308924461083564,48.77757168020872,0.42308924461083564,48.35448243559789,3.902205734416698,3.859304042032358,0.04290169238434016,50.0
1020.0,AUTOMATIC,60.0,59.585459629184825,0.4187990753723909,48.77537550634714,0.4187990753723909,48.35657643097475,3.9020300405077712,3.8594429949355256,0.042587045572245685,50.0
1021.0,AUTOMATIC,60.0,59.589687052834826,0.4145403708151747,48.773189503644,0.4145403708151747,48.35864913282882,3.90185516029152,3.859580923791624,0.042274236499896034,50.0
1022.0,AUTOMATIC,60.0,59.59388337852645,0.4103129471651741,48.77101364472983,0.4103129471651741,48.36070069756465,3.901681091578386,3.859717834662102,0.04196325691628422,50.0
1023.0,AUTOMATIC,60.0,59.598048788385604,0.40611662147355077,48.76884790214557,0.40611662147355077,48.36273128067202,3.901507832171646,3.8598537335800187,0.041654098591627164,50.0
1024.0,AUTOMATIC,60.0,59.60218346371735,0.40195121161439573,48.76669224834449,0.40195121161439573,48.364741036730095,3.901335379867559,3.8599886265501353,0.04134675331742388,50.0
1025.0,AUTOMATIC,60.0,59.606287585008,0.39781653628264735,48.764546655694154,0.39781653628264735,48.36673011941151,3.901163732455532,3.8601225195490025,0.04104121290652962,50.0
1026.0,AUTOMATIC,60.0,59.61036133192732,0.3937124149920024,48.76241109647847,0.3937124149920024,48.36869868148647,3.900992887718278,3.860255418525049,0.04073746919322918,50.0
1027.0,AUTOMATIC,60.0,59.61440488333065,0.3896386680726778,48.76028554289951,0.3896386680726778,48.37064687482683,3.900822843431961,3.860387329398675,0.04043551403328616,50.0
1028.0,AUTOMATIC,60.0,59.618418417261054,0.3855951166693501,48.75816996707953,0.3855951166693501,48.37257485041018,3.9006535973663627,3.860518258062337,0.040135339304025575,50.0
1029.0,AUTOMATIC,60.0,59.6224021109515,0.3815815827389457,48.756064341062824,0.3815815827389457,48.37448275832388,3.900485147285026,3.8606482103806434,0.039836936904382725,50.0
1030.0,AUTOMATIC,60.0,59.626356140827,0.3775978890485021,48.75396863681762,0.3775978890485021,48.376370747769116,3.9003174909454095,3.860777192190437,0.03954029875497245,50.0
1031.0,AUTOMATIC,60.0,59.63028068250682,0.3736438591730007,48.75188282623798,0.3736438591730007,48.37823896706498,3.9001506260990384,3.86090520930089,0.03924541679814819,50.0
1032.0,AUTOMATIC,60.0,59.63417591080662,0.3697193174931783,48.74980688114563,0.3697193174931783,48.38008756365245,3.8999845504916504,3.8610322674935915,0.03895228299805886,50.0
1033.0,AUTOMATIC,60.0,59.638041999740686,0.3658240891933815,48.747740773291795,0.3658240891933815,48.381916684098414,3.899819261863344,3.861158372522637,0.038660889340706994,50.0
1034.0,AUTOMATIC,60.0,59.64187912252409,0.3619580002593139,48.74568447435903,0.3619580002593139,48.38372647409972,3.8996547579487224,3.861283530114717,0.038371227834005595,50.0
1035.0,AUTOMATIC,60.0,59.64568745157487,0.3581208774759119,48.743637955963,0.3581208774759119,48.38551707848709,3.8994910364770403,3.8614077459692107,0.03808329050782966,50.0
1036.0,AUTOMATIC,60.0,59.64946715851628,0.3543125484251277,48.74160118965435,0.3543125484251277,48.38728864122922,3.899328095172348,3.8615310257582705,0.037797069414077455,50.0
1037.0,AUTOMATIC,60.0,59.653218414178944,0.35053284148371944,48.739574146920354,0.35053284148371944,48.389041305436635,3.8991659317536285,3.8616533751269118,0.03751255662671671,50.0
1038.0,AUTOMATIC,60.0,59.65694138860312,0.34678158582105567,48.73755679918679,0.34678158582105567,48.390775213365735,3.8990045439349434,3.861774799693107,0.03722974424183656,50.0
1039.0,AUTOMATIC,60.0,59.6606362510409,0.3430586113968772,48.735549117819595,0.3430586113968772,48.39249050642272,3.8988439294255675,3.86189530504787,0.0369486243776973,50.0
1040.0,AUTOMATIC,60.0,59.66430316995838,0.3393637489591015,48.733551074126616,0.3393637489591015,48.394187325167515,3.8986840859301295,3.8620148967553485,0.036669189174781014,50.0
1041.0,AUTOMATIC,60.0,59.667942313037955,0.3356968300416199,48.73156263935934,0.3356968300416199,48.39586580931772,3.898525011148747,3.862133580352911,0.036391430795835955,50.0
1042.0,AUTOMATIC,60.0,59.67155384718056,0.3320576869620453,48.72958378471458,0.3320576869620453,48.39752609775253,3.898366702777166,3.8622513613512375,0.03611534142592854,50.0
1043.0,AUTOMATIC,60.0,59.67513793850782,0.32844615281943845,48.727614481336076,0.32844615281943845,48.39916832851664,3.898209158506886,3.8623682452344106,0.035840913272475294,50.0
1044.0,AUTOMATIC,60.0,59.67869475236435,0.32486206149218333,48.725654700316284,0.32486206149218333,48.4007926388241,3.8980523760253027,3.8624842374599995,0.035568138565303276,50.0
1045.0,AUTOMATIC,60.0,59.68222445332002,0.3213052476356495,48.72370441269792,0.3213052476356495,48.40239916506227,3.8978963530158337,3.862599343459154,0.035297009556679804,50.0
1046.0,AUTOMATIC,60.0,59.68572720517216,0.3177755466799823,48.72176358947566,0.3177755466799823,48.403988042795675,3.8977410871580527,3.8627135686366914,0.03502751852136132,50.0
1047.0,AUTOMATIC,60.0,59.68920317094781,0.3142727948278434,48.719832201597654,0.3142727948278434,48.40555940676981,3.8975865761278126,3.8628269183711867,0.03475965775662582,50.0
1048.0,AUTOMATIC,60.0,59.692652512906044,0.31079682905218675,48.71791021996725,0.31079682905218675,48.407113390915065,3.8974328175973803,3.86293939801506,0.03449341958232033,50.0
1049.0,AUTOMATIC,60.0,59.69607539254014,0.3073474870939563,48.71599761544449,0.3073474870939563,48.40865012835054,3.8972798092355596,3.8630510128946667,0.03422879634089293,50.0
1050.0,AUTOMATIC,60.0,59.699471970579886,0.3039246074598623,48.7140943588477,0.3039246074598623,48.41016975138784,3.8971275487078163,3.8631617683103867,0.03396578039742959,50.0
1051.0,AUTOMATIC,60.0,59.70284240699385,0.30052802942011425,48.71220042095506,0.30052802942011425,48.41167239153494,3.8969760336764043,3.863271669536712,0.033704364139692355,50.0
1052.0,AUTOMATIC,60.0,59.70618686099167,0.29715759300614764,48.71031577250612,0.29715759300614764,48.41315817949997,3.8968252618004895,3.863380721822334,0.03344453997815533,50.0
1053.0,AUTOMATIC,60.0,59.709505491026285,0.2938131390083285,48.70844038420334,0.2938131390083285,48.414627245195014,3.8966752307362675,3.8634889303902398,0.033186300346027764,50.0
1054.0,AUTOMATIC,60.0,59.71279845479622,0.2904945089737154,48.7065742267136,0.2904945089737154,48.41607971773988,3.896525938137088,3.8635963004377896,0.032929637699298464,50.0
1055.0,AUTOMATIC,60.0,59.71606590924791,0.2872015452037786,48.70471727066968,0.2872015452037786,48.417515725465904,3.8963773816535747,3.8637028371368127,0.032674544516761994,50.0
1056.0,AUTOMATIC,60.0,59.71930801057791,0.28393409075209064,48.70286948667175,0.28393409075209064,48.41893539591966,3.89622955893374,3.8638085456336957,0.03242101330004443,50.0
1057.0,AUTOMATIC,60.0,59.72252491423529,0.2806919894220883,48.70103084528886,0.2806919894220883,48.420338855866774,3.896082467623109,3.8639134310494687,0.03216903657364023,50.0
1058.0,AUTOMATIC,60.0,59.725716774923775,0.27747508576471347,48.699201317060314,0.27747508576471347,48.4217262312956,3.895936105364825,3.8640174984798947,0.03191860688493042,50.0
1059.0,AUTOMATIC,60.0,59.7288837466042,0.2742832250762248,48.697380872497206,0.2742832250762248,48.42309764742098,3.8957904697997763,3.8641207529955564,0.03166971680421993,50.0
1060.0,AUTOMATIC,60.0,59.73202598249667,0.27111625339580314,48.69556948208377,0.27111625339580314,48.424453228687966,3.8956455585667014,3.8642231996419474,0.03142235892475398,50.0
1061.0,AUTOMATIC,60.0,59.73514363508294,0.2679740175033274,48.693767116278806,0.2679740175033274,48.42579309877548,3.8955013693023046,3.864324843439558,0.03117652586274655,50.0
1062.0,AUTOMATIC,60.0,59.738236856108685,0.26485636491705833,48.69197374551712,0.26485636491705833,48.42711738060006,3.8953578996413696,3.8644256893839652,0.030932210257404336,50.0
1063.0,AUTOMATIC,60.0,59.74130579658578,0.26176314389131505,48.69018934021083,0.26176314389131505,48.42842619631951,3.895215147216866,3.8645257424459176,0.030689404770948503,50.0
1064.0,AUTOMATIC,60.0,59.74435060679464,0.25869420341422256,48.68841387075081,0.25869420341422256,48.429719667336585,3.8950731096600646,3.8646250075714264,0.03044810208863824,50.0
1065.0,AUTOMATIC,60.0,59.74737143628652,0.25564939320535984,48.686647307507975,0.25564939320535984,48.430997914302615,3.894931784600638,3.8647234896818503,0.030208294918787626,50.0
1066.0,AUTOMATIC,60.0,59.75036843388579,0.2526285637134791,48.68488962083467,0.2526285637134791,48.43226105712119,3.894791169666773,3.864821193673988,0.02996997599278517,50.0
1067.0,AUTOMATIC,60.0,59.75334174769231,0.24963156611421056,48.683140781065966,0.24963156611421056,48.433509214951755,3.894651262485277,3.8649181244201603,0.029733138065116904,50.0
1068.0,AUTOMATIC,60.0,59.75629152508365,0.24665825230768945,48.68140075852099,0.24665825230768945,48.4347425062133,3.894512060681679,3.8650142867683006,0.029497773913378378,50.0
1069.0,AUTOMATIC,60.0,59.759217912717475,0.24370847491635317,48.67966952350423,0.24370847491635317,48.43596104858788,3.8943735618803386,3.865109685542043,0.029263876338295525,50.0
1070.0,AUTOMATIC,60.0,59.76212105653386,0.24078208728252548,48.67794704630682,0.24078208728252548,48.437164959024294,3.8942357637045455,3.8652043255408075,0.029031438163737988,50.0
1071.0,AUTOMATIC,60.0,59.76500110175752,0.2378789434661428,48.676233297207766,0.2378789434661428,48.43835435374162,3.8940986637766213,3.865298211539889,0.028800452236732443,50.0
1072.0,AUTOMATIC,60.0,59.767858192900256,0.23499889824248044,48.67452824647532,0.23499889824248044,48.43952934823284,3.8939622597180255,3.865391348290543,0.02857091142748258,50.0
1073.0,AUTOMATIC,60.0,59.7706924737632,0.23214180709974386,48.672831864368085,0.23214180709974386,48.44069005726834,3.8938265491494466,3.8654837405200744,0.028342808629372218,50.0
1074.0,AUTOMATIC,60.0,59.7735040874391,0.22930752623680206,48.67114412113633,0.22930752623680206,48.44183659489953,3.8936915296909063,3.865575392931924,0.02811613675898217,50.0
1075.0,AUTOMATIC,60.0,59.77629317631471,0.22649591256089963,48.669464987023225,0.22649591256089963,48.442969074462326,3.893557198961858,3.865666310205755,0.027890888756103127,50.0
1076.0,AUTOMATIC,60.0,59.779059882073085,0.2237068236852906,48.66779443226604,0.2237068236852906,48.44408760858075,3.8934235545812834,3.8657564969975384,0.02766705758374499,50.0
1077.0,AUTOMATIC,60.0,59.781804345695896,0.22094011792691504,48.666132427097295,0.22094011792691504,48.44519230917038,3.893290594167784,3.865845957939642,0.02744463622814175,50.0
1078.0,AUTOMATIC,60.0,59.784526707465766,0.21819565430410393,48.664478941746005,0.21819565430410393,48.4462832874419,3.8931583153396803,3.8659346976409177,0.02722361769876258,50.0
1079.0,AUTOMATIC,60.0,59.7872271069686,0.21547329253423442,48.66283394643881,0.21547329253423442,48.447360653904575,3.893026715715105,3.8660227206867837,0.02700399502832118,50.0
1080.0,AUTOMATIC,60.0,59.78990568309588,0.21277289303139924,48.66119741140113,0.21277289303139924,48.448424518369734,3.892895792912091,3.8661100316393155,0.02678576127277532,50.0
1081.0,AUTOMATIC,60.0,59.792562574047004,0.21009431690411873,48.65956930685837,0.21009431690411873,48.449474989954254,3.89276554454867,3.8661966350373294,0.02656890951134061,50.0
1082.0,AUTOMATIC,60.0,59.795197917331656,0.20743742595299608,48.65794960303702,0.20743742595299608,48.45051217708402,3.8926359682429617,3.8662825353964694,0.026353432846492275,50.0
1083.0,AUTOMATIC,60.0,59.79781184977205,0.2048020826683441,48.656338270165705,0.2048020826683441,48.45153618749736,3.8925070616132564,3.8663677372092935,0.026139324403962938,50.0
1084.0,AUTOMATIC,60.0,59.80040450750532,0.202188150227947,48.654735278476444,0.202188150227947,48.4525471282485,3.8923788222781157,3.8664522449453598,0.02592657733275594,50.0
1085.0,AUTOMATIC,60.0,59.802976025985835,0.19959549249468012,48.65314059820565,0.19959549249468012,48.45354510571097,3.892251247856452,3.866536063051311,0.025715184805141345,50.0
1086.0,AUTOMATIC,60.0,59.8055265399875,0.19702397401416505,48.65155419959521,0.19702397401416505,48.454530225581045,3.8921243359676168,3.8666191959509613,0.025505140016655492,50.0
1087.0,AUTOMATIC,60.0,59.808056183606105,0.1944734600125031,48.649976052893614,0.1944734600125031,48.45550259288111,3.891998084231489,3.8667016480453817,0.02529643618610722,50.0
1088.0,AUTOMATIC,60.0,59.81056509026166,0.1919438163938949,48.648406128356974,0.1919438163938949,48.45646231196308,3.891872490268558,3.866783423712987,0.025089066555571193,50.0
1089.0,AUTOMATIC,60.0,59.8130533927007,0.18943490973833832,48.64684439625011,0.18943490973833832,48.45740948651177,3.891747551700009,3.866864527309615,0.024883024390393693,50.0
1090.0,AUTOMATIC,60.0,59.815521222998626,0.1869466072992978,48.645290826847564,0.1869466072992978,48.458344219548266,3.891623266147805,3.866944963168622,0.024678302979183275,50.0
1091.0,AUTOMATIC,60.0,59.81796871256202,0.18447877700137383,48.64374539043464,0.18447877700137383,48.459266613433265,3.891499631234771,3.8670247356009573,0.024474895633813887,50.0
1092.0,AUTOMATIC,60.0,59.82039599213096,0.18203128743797947,48.64220805730844,0.18203128743797947,48.46017676987046,3.891376644584675,3.8671038488952565,0.024272795689418647,50.0
1093.0,AUTOMATIC,60.0,59.822803191781404,0.17960400786903818,48.64067879777885,0.17960400786903818,48.46107478990981,3.8912543038223077,3.8671823073179183,0.024071996504389404,50.0
1094.0,AUTOMATIC,60.0,59.825190440927436,0.1771968082185964,48.6391575821695,0.1771968082185964,48.461960773950906,3.89113260657356,3.8672601151131984,0.023872491460361633,50.0
1095.0,AUTOMATIC,60.0,59.827557868323666,0.174809559072564,48.63764438081883,0.174809559072564,48.46283482174626,3.8910115504655063,3.8673372765032865,0.023674273962219772,50.0
1096.0,AUTOMATIC,60.0,59.82990560206747,0.17244213167633404,48.63613916408098,0.17244213167633404,48.463697032404646,3.8908911331264786,3.8674137956883947,0.02347733743808389,50.0
1097.0,AUTOMATIC,60.0,59.832233769601395,0.17009439793253023,48.634641902326834,0.17009439793253023,48.464547504394304,3.890771352186147,3.867489676846839,0.023281675339307917,50.0
1098.0,AUTOMATIC,60.0,59.83454249771544,0.1677662303986054,48.633152565944904,0.1677662303986054,48.4653863355463,3.8906522052755923,3.867564924135127,0.023087281140465432,50.0
1099.0,AUTOMATIC,60.0,59.83683191254937,0.16545750228456058,48.63167112534228,0.16545750228456058,48.46621362305772,3.8905336900273824,3.867639541688038,0.022894148339344333,50.0
1100.0,AUTOMATIC,60.0,59.83910213959507,0.16316808745062872,48.6301975509456,0.16316808745062872,48.467029463494974,3.8904158040756482,3.867713533618712,0.02270227045693618,50.0
1101.0,AUTOMATIC,60.0,59.84135330369882,0.16089786040492982,48.62873181320193,0.16089786040492982,48.467833952797,3.8902985450561545,3.8677869040187267,0.022511641037427754,50.0
1102.0,AUTOMATIC,60.0,59.84358552906364,0.158646696301183,48.62727388257969,0.158646696301183,48.46862718627851,3.8901819106063753,3.8678596569581867,0.022322253648188628,50.0
1103.0,AUTOMATIC,60.0,59.8457989392516,0.15641447093636174,48.62582372956955,0.15641447093636174,48.469409258633185,3.8900658983655636,3.867931796485805,0.022134101879758727,50.0
1104.0,AUTOMATIC,60.0,59.847993657186194,0.1542010607483988,48.624381324685324,0.1542010607483988,48.470180263936925,3.889950505974826,3.868003326628986,0.021947179345839896,50.0
1105.0,AUTOMATIC,60.0,59.85016980515452,0.15200634281380587,48.6229466384648,0.15200634281380587,48.470940295651,3.8898357310771843,3.868074251393909,0.021761479683275464,50.0
1106.0,AUTOMATIC,60.0,59.852327504809736,0.1498301948454781,48.621519641470705,0.1498301948454781,48.47168944662523,3.8897215713176565,3.868144574765611,0.02157699655204537,50.0
1107.0,AUTOMATIC,60.0,59.854466877173266,0.14767249519026393,48.62010030429144,0.14767249519026393,48.47242780910118,3.8896080243433153,3.868214300708071,0.021393723635244388,50.0
1108.0,AUTOMATIC,60.0,59.85658804263717,0.14553312282673403,48.61868859754204,0.14553312282673403,48.473155474715306,3.889495087803363,3.868283433164291,0.02121165463907193,50.0
1109.0,AUTOMATIC,60.0,59.858691120966455,0.1434119573628294,48.61728449186494,0.1434119573628294,48.473872534502114,3.8893827593491954,3.868351976056379,0.02103078329281649,50.0
1110.0,AUTOMATIC,60.0,59.86077623130134,0.14130887903354505,48.61588795793083,0.14130887903354505,48.474579078897285,3.8892710366344665,3.868419933285632,0.020851103348834332,50.0
1111.0,AUTOMATIC,60.0,59.8628434921596,0.13922376869866326,48.61449896643944,0.13922376869866326,48.47527519774078,3.889159917315155,3.868487308732618,0.020672608582537055,50.0
1112.0,AUTOMATIC,60.0,59.86489302143884,0.1371565078404018,48.61311748812038,0.1371565078404018,48.47596098027998,3.8890493990496307,3.8685541062572595,0.020495292792371167,50.0
1113.0,AUTOMATIC,60.0,59.86692493641882,0.13510697856116138,48.61174349373395,0.13510697856116138,48.476636515172785,3.8889394794987155,3.868620329698911,0.02031914979980476,50.0
1114.0,AUTOMATIC,60.0,59.86893935376375,0.13307506358118104,48.610376954071874,0.13307506358118104,48.47730189049069,3.88883015632575,3.8686859828764475,0.020144173449302638,50.0
1115.0,AUTOMATIC,60.0,59.87093638952457,0.13106064623625002,48.60901783995812,0.13106064623625002,48.47795719372187,3.8887214271966495,3.8687510695883414,0.01997035760830812,50.0
1116.0,AUTOMATIC,60.0,59.87291615914129,0.12906361047542703,48.60766612224967,0.12906361047542703,48.47860251177424,3.8886132897799737,3.868815593612746,0.019797696167227485,50.0
1117.0,AUTOMATIC,60.0,59.874878777445225,0.1270838408587096,48.606321771837244,0.1270838408587096,48.479237930978535,3.8885057417469797,3.868879558707575,0.019626183039404665,50.0
1118.0,AUTOMATIC,60.0,59.87682435866134,0.12512122255477465,48.60498475964608,0.12512122255477465,48.479863537091305,3.8883987807716864,3.8689429686105874,0.01945581216109904,50.0
1119.0,AUTOMATIC,60.0,59.87875301641048,0.12317564133866199,48.60365505663666,0.12317564133866199,48.480479415298,3.888292404530933,3.869005827039465,0.019286577491468115,50.0
1120.0,AUTOMATIC,60.0,59.88066486371173,0.12124698358952202,48.60233263380547,0.12124698358952202,48.481085650215945,3.8881866107044374,3.869068137691894,0.019118473012543546,50.0
1121.0,AUTOMATIC,60.0,59.882560012984655,0.11933513628827086,48.601017462185666,0.11933513628827086,48.481682325897395,3.888081396974853,3.8691299042456473,0.01895149272920582,50.0
1122.0,AUTOMATIC,60.0,59.884438576051565,0.11743998701534508,48.59970951284782,0.11743998701534508,48.48226952583247,3.8879767610278253,3.869191130358665,0.01878563066916028,50.0
1123.0,AUTOMATIC,60.0,59.88630066413987,0.11556142394843505,48.59840875690065,0.11556142394843505,48.48284733295222,3.887872700552052,3.8692518196691323,0.0186208808829198,50.0
1124.0,AUTOMATIC,60.0,59.88814638788425,0.11369933586013303,48.597115165491644,0.11369933586013303,48.48341582963151,3.8877692132393316,3.8693119757955636,0.018457237443767927,50.0
1125.0,AUTOMATIC,60.0,59.88997585732903,0.11185361211575184,48.59582870980785,0.11185361211575184,48.483975097692095,3.887666296784628,3.8693716023368783,0.01829469444774956,50.0
1126.0,AUTOMATIC,60.0,59.89178918193038,0.11002414267097294,48.59454936107642,0.11002414267097294,48.484525218405444,3.8875639488861133,3.8694307028724855,0.01813324601362787,50.0
1127.0,AUTOMATIC,60.0,59.89358647055867,0.1082108180696224,48.59327709056541,0.1082108180696224,48.485066272495786,3.8874621672452325,3.869489280962359,0.017972886282873635,50.0
1128.0,AUTOMATIC,60.0,59.89536783150062,0.10641352944133331,48.59201186958433,0.10641352944133331,48.485598340143,3.8873609495667467,3.869547340147122,0.017813609419624843,50.0
1129.0,AUTOMATIC,60.0,59.89713337246169,0.10463216849937851,48.59075366948487,0.10463216849937851,48.48612150098549,3.8872602935587897,3.8696048839481216,0.017655409610668027,50.0
1130.0,AUTOMATIC,60.0,59.89888320056823,0.10286662753831166,48.589502461661496,0.10286662753831166,48.486635834123184,3.8871601969329195,3.8696619158675114,0.017498281065408072,50.0
1131.0,AUTOMATIC,60.0,59.90061742236982,0.10111679943177165,48.58825821755211,0.10111679943177165,48.48714141812034,3.887060657404169,3.8697184393883304,0.017342218015838462,50.0
1132.0,AUTOMATIC,60.0,59.90233614384146,0.09938257763018044,48.587020908638664,0.09938257763018044,48.48763833100848,3.886961672691093,3.86977445797458,0.017187214716512855,50.0
1133.0,AUTOMATIC,60.0,59.904039470385904,0.09766385615854034,48.58579050644782,0.09766385615854034,48.48812665028928,3.886863240515826,3.8698299750713034,0.01703326544452244,50.0
1134.0,AUTOMATIC,60.0,59.905727506835845,0.0959605296140964,48.58456698255144,0.0959605296140964,48.48860645293735,3.8867653586041153,3.8698849941046665,0.016880364499448852,50.0
1135.0,AUTOMATIC,60.0,59.907400357456176,0.09427249316415498,48.583350308567326,0.09427249316415498,48.48907781540317,3.886668024685386,3.8699395184820347,0.016728506203351312,50.0
1136.0,AUTOMATIC,60.0,59.909058125946245,0.09259964254382425,48.58214045615971,0.09259964254382425,48.48954081361589,3.886571236492777,3.8699935515920494,0.01657768490072753,50.0
1137.0,AUTOMATIC,60.0,59.910700915442106,0.09094187405375465,48.58093739703991,0.09094187405375465,48.489995522986156,3.8864749917631927,3.8700470968047096,0.01642789495848307,50.0
1138.0,AUTOMATIC,60.0,59.91232882851869,0.0892990845578936,48.57974110296684,0.0892990845578936,48.49044201840895,3.8863792882373476,3.8701001574714478,0.01627913076589982,50.0
1139.0,AUTOMATIC,60.0,59.91394196719215,0.0876711714813112,48.578551545747665,0.0876711714813112,48.490880374266354,3.8862841236598133,3.870152736925207,0.016131386734606235,50.0
1140.0,AUTOMATIC,60.0,59.915540432922,0.0860580328078484,48.57736869723824,0.0860580328078484,48.491310664430394,3.8861894957790595,3.8702048384805217,0.01598465729853782,50.0
1141.0,AUTOMATIC,60.0,59.91712432661339,0.08445956707799951,48.576192529343786,0.08445956707799951,48.491732962265786,3.886095402347503,3.870256465433589,0.015838936913914026,50.0
1142.0,AUTOMATIC,60.0,59.91869374861931,0.08287567338661006,48.57502301401933,0.08287567338661006,48.49214734063272,3.8860018411215465,3.8703076210623557,0.015694220059190744,50.0
1143.0,AUTOMATIC,60.0,59.920248798742804,0.08130625138068837,48.573860123270315,0.08130625138068837,48.492553871889626,3.885908809861625,3.8703583086265834,0.015550501235041647,50.0
1144.0,AUTOMATIC,60.0,59.921789576239235,0.0797512012571957,48.572703829153106,0.0797512012571957,48.49295262789591,3.8858163063322486,3.8704085313679357,0.015407774964312893,50.0
1145.0,AUTOMATIC,60.0,59.92331617981844,0.07821042376076548,48.57155410377548,0.07821042376076548,48.49334368001472,3.8857243283020386,3.8704582925100492,0.015266035791989374,50.0
1146.0,AUTOMATIC,60.0,59.92482870764696,0.0766838201815574,48.57041091929718,0.0766838201815574,48.493727099115624,3.8856328735437744,3.8705075952586125,0.015125278285161858,50.0
1147.0,AUTOMATIC,60.0,59.92632725735025,0.07517129235304054,48.56927424793043,0.07517129235304054,48.49410295557739,3.885541939834434,3.8705564428014405,0.014985497032993678,50.0
1148.0,AUTOMATIC,60.0,59.92781192601492,0.0736727426497481,48.568144061940394,0.0736727426497481,48.494471319290646,3.8854515249552315,3.8706048383085507,0.014846686646680762,50.0
1149.0,AUTOMATIC,60.0,59.92928281019086,0.07218807398508176,48.56702033364565,0.07218807398508176,48.49483225966057,3.885361626691652,3.870652784932243,0.014708841759409008,50.0
1150.0,AUTOMATIC,60.0,59.93074000589349,0.07071718980913744,48.56590303541875,0.07071718980913744,48.49518584560961,3.8852722428335,3.870700285807171,0.014571957026328963,50.0
1151.0,AUTOMATIC,60.0,59.932183608605925,0.06925999410650974,48.56479213968666,0.06925999410650974,48.49553214558015,3.8851833711749326,3.870747344050419,0.01443602712451364,50.0
1152.0,AUTOMATIC,60.0,59.93361371328123,0.06781639139407503,48.5636876189312,0.06781639139407503,48.49587122753712,3.8850950095144956,3.8707939627615784,0.014301046752917213,50.0
1153.0,AUTOMATIC,60.0,59.93503041434447,0.06638628671876745,48.56258944568948,0.06638628671876745,48.496203158970715,3.8850071556551584,3.870840145022823,0.014167010632335497,50.0
1154.0,AUTOMATIC,60.0,59.936433805695,0.06496958565553257,48.561497592554524,0.06496958565553257,48.49652800689899,3.884919807404362,3.8708858938989814,0.014033913505380635,50.0
1155.0,AUTOMATIC,60.0,59.937823980708636,0.06356619430499677,48.56041203217551,0.06356619430499677,48.49684583787052,3.884832962574041,3.8709312124376156,0.013901750136425584,50.0
1156.0,AUTOMATIC,60.0,59.939201032239794,0.06217601929136407,48.55933273725834,0.06217601929136407,48.49715671796697,3.884746618980667,3.8709761036690935,0.013770515311573472,50.0
1157.0,AUTOMATIC,60.0,59.940565052623654,0.060798967760206324,48.55825968056598,0.060798967760206324,48.497460712805776,3.8846607744452784,3.8710205706066647,0.01364020383861364,50.0
1158.0,AUTOMATIC,60.0,59.941916133678355,0.059434947376345804,48.55719283491901,0.059434947376345804,48.49775788754266,3.8845754267935204,3.8710646162465325,0.013510810546987884,50.0
1159.0,AUTOMATIC,60.0,59.94325436670713,0.058083866321645417,48.556132173195905,0.058083866321645417,48.49804830687426,3.8844905738556723,3.8711082435679307,0.013382330287741606,50.0
1160.0,AUTOMATIC,60.0,59.94457984250048,0.05674563329286997,48.5550776683336,0.05674563329286997,48.49833203504073,3.884406213466688,3.8711514555331963,0.013254757933491845,50.0
1161.0,AUTOMATIC,60.0,59.94589265133832,0.05542015749951901,48.55402929332775,0.05542015749951901,48.49860913582823,3.88432234346622,3.8711942550878433,0.013128088378376646,50.0
1162.0,AUTOMATIC,60.0,59.94719288299213,0.05410734866168099,48.55298702123322,0.05410734866168099,48.49887967257154,3.884238961698658,3.8712366451606366,0.013002316538021308,50.0
1163.0,AUTOMATIC,60.0,59.948480626727076,0.05280711700787322,48.551950825164454,0.05280711700787322,48.49914370815658,3.884156066013156,3.871278628663666,0.012877437349490428,50.0
1164.0,AUTOMATIC,60.0,59.94975597130421,0.05151937327292444,48.550920678295874,0.05151937327292444,48.49940130502295,3.88407365426367,3.8713202084924165,0.012753445771253258,50.0
1165.0,AUTOMATIC,60.0,59.95101900498252,0.050244028695793475,48.549896553862226,0.050244028695793475,48.49965252516643,3.883991724308978,3.8713613875258472,0.012630336783130858,50.0
1166.0,AUTOMATIC,60.0,59.95226981552114,0.04898099501748021,48.548878425158996,0.04898099501748021,48.499897430141516,3.88391027401272,3.8714021686264566,0.012508105386263235,50.0
1167.0,AUTOMATIC,60.0,59.95350849018145,0.04773018447885846,48.54786626554277,0.04773018447885846,48.500136081063914,3.8838293012434217,3.8714425546403612,0.012386746603060494,50.0
1168.0,AUTOMATIC,60.0,59.954735115729164,0.046491509818551435,48.546860048431554,0.046491509818551435,48.500368538613,3.8837488038745245,3.871482548397366,0.012266255477158428,50.0
1169.0,AUTOMATIC,60.0,59.955949778436505,0.04526488427083564,48.545859747305194,0.04526488427083564,48.50059486303436,3.8836687797844154,3.8715221527110355,0.012146627073379879,50.0
1170.0,AUTOMATIC,60.0,59.95715256408428,0.04405022156349503,48.54486533570567,0.04405022156349503,48.50081511414218,3.883589226856454,3.8715613703787684,0.01202785647768545,50.0
1171.0,AUTOMATIC,60.0,59.958343557963985,0.042847435915717824,48.54387678723748,0.042847435915717824,48.50102935132176,3.883510142978998,3.8716002041818665,0.011909938797131758,50.0
1172.0,AUTOMATIC,60.0,59.95952284487998,0.041656442036014596,48.54289407556795,0.041656442036014596,48.501237633531936,3.883431526045436,3.871638656885608,0.011792869159827912,50.0
1173.0,AUTOMATIC,60.0,59.96069050915146,0.0404771551200227,48.54191717442756,0.0404771551200227,48.50144001930754,3.883353373954205,3.8716767312393214,0.011676642714883556,50.0
1174.0,AUTOMATIC,60.0,59.9618466346147,0.039309490848538076,48.54094605761032,0.039309490848538076,48.50163656676178,3.8832756846088254,3.87171442997645,0.011561254632375562,50.0
1175.0,AUTOMATIC,60.0,59.96299130462502,0.03815336538529834,48.539980698974006,0.03815336538529834,48.50182733358871,3.8831984559179205,3.871751755814631,0.011446700103289409,50.0
1176.0,AUTOMATIC,60.0,59.964124602058966,0.037008695374979084,48.53902107244056,0.037008695374979084,48.50201237706558,3.883121685795245,3.8717887114557605,0.011332974339484547,50.0
1177.0,AUTOMATIC,60.0,59.96524660931634,0.03587539794103378,48.53806715199633,0.03587539794103378,48.502191754055296,3.8830453721597062,3.8718252995860674,0.011220072573638884,50.0
1178.0,AUTOMATIC,60.0,59.96635740832227,0.03475339068366168,48.537118911692374,0.03475339068366168,48.50236552100871,3.88296951293539,3.871861522876184,0.011107990059205708,50.0
1179.0,AUTOMATIC,60.0,59.96745708052929,0.03364259167773298,48.53617632564484,0.03364259167773298,48.502533733967105,3.882894106051587,3.8718973839812136,0.010996722070373277,50.0
1180.0,AUTOMATIC,60.0,59.968545706919485,0.03254291947070698,48.535239368035164,0.03254291947070698,48.50269644856446,3.8828191494428133,3.8719328855408026,0.01088626390201064,50.0
1181.0,AUTOMATIC,60.0,59.96962336800644,0.03145429308051462,48.534308013110376,0.03145429308051462,48.50285372002986,3.88274464104883,3.8719680301792097,0.010776610869620562,50.0
1182.0,AUTOMATIC,60.0,59.970690143837366,0.030376631993561887,48.533382235183396,0.030376631993561887,48.503005603189834,3.882670578814672,3.8720028205053794,0.010667758309292452,50.0
1183.0,AUTOMATIC,60.0,59.97174611399514,0.029309856162633707,48.53246200863328,0.029309856162633707,48.50315215247065,3.8825969606906625,3.8720372591130037,0.010559701577658842,50.0
1184.0,AUTOMATIC,60.0,59.97279135760033,0.028253886004861783,48.531547307905534,0.028253886004861783,48.50329342190067,3.8825237846324425,3.8720713485805995,0.010452436051842984,50.0
1185.0,AUTOMATIC,60.0,59.973825953313266,0.027208642399671135,48.53063810751234,0.027208642399671135,48.50342946511267,3.882451048600987,3.8721050914715733,0.010345957129413552,50.0
1186.0,AUTOMATIC,60.0,59.9748499793361,0.026174046686733732,48.529734382032835,0.026174046686733732,48.5035603353461,3.882378750562627,3.87213849033429,0.010240260228336684,50.0
1187.0,AUTOMATIC,60.0,59.975863513414794,0.02515002066390082,48.52883610611332,0.02515002066390082,48.50368608544942,3.8823068884890652,3.8721715477021452,0.010135340786920022,50.0
1188.0,AUTOMATIC,60.0,59.976866632841165,0.024136486585206285,48.52794325446755,0.024136486585206285,48.503806767882345,3.8822354603574043,3.872204266093629,0.010031194263775411,50.0
1189.0,AUTOMATIC,60.0,59.97785941445494,0.023133367158834517,48.52705580187697,0.023133367158834517,48.503922434718135,3.8821644641501574,3.8722366480123975,0.009927816137759837,50.0
1190.0,AUTOMATIC,60.0,59.97884193464573,0.02214058554505982,48.526173723190915,0.02214058554505982,48.504033137645855,3.882093897855273,3.872268695947343,0.009825201907930126,50.0
1191.0,AUTOMATIC,60.0,59.97981426935508,0.021158065354271116,48.5252969933269,0.021158065354271116,48.504138927972626,3.882023759466152,3.872300412372655,0.00972334709349676,50.0
1192.0,AUTOMATIC,60.0,59.980776494078455,0.020185730644918465,48.52442558727078,0.020185730644918465,48.50423985662586,3.881954046981662,3.8723317997478945,0.009622247233767478,50.0
1193.0,AUTOMATIC,60.0,59.98172868386726,0.01922350592154487,48.52355948007701,0.01922350592154487,48.50433597415547,3.881884758406161,3.8723628605180602,0.00952189788810065,50.0
1194.0,AUTOMATIC,60.0,59.98267091333085,0.018271316132739912,48.52269864686887,0.018271316132739912,48.50442733073613,3.8818158917495094,3.872393597113653,0.00942229463585642,50.0
1195.0,AUTOMATIC,60.0,59.98360325663848,0.01732908666915023,48.52184306283863,0.01732908666915023,48.50451397616948,3.88174744502709,3.8724240119507463,0.009323433076343868,50.0
1196.0,AUTOMATIC,60.0,59.98452578752135,0.016396743361518418,48.5209927032478,0.016396743361518418,48.50459595988628,3.881679416259824,3.8724541074310515,0.009225308828772594,50.0
1197.0,AUTOMATIC,60.0,59.985438579274565,0.015474212478650884,48.52014754342732,0.015474212478650884,48.50467333094867,3.8816118034741858,3.8724838859419854,0.009127917532200325,50.0
1198.0,AUTOMATIC,60.0,59.98634170475911,0.014561420725435426,48.51930755877773,0.014561420725435426,48.5047461380523,3.881544604702219,3.872513349856736,0.009031254845482728,50.0
1199.0,AUTOMATIC,60.0,59.98723523640385,0.013658295240887242,48.51847272476938,0.013658295240887242,48.504814429528494,3.8814778179815503,3.8725425015343315,0.008935316447218788,50.0
1200.0,AUTOMATIC,60.0,59.98811924620742,0.012764763596152306,48.51764301694263,0.012764763596152306,48.504878253346476,3.8814114413554104,3.872571343319702,0.008840098035708177,50.0
1201.0,AUTOMATIC,60.0,59.98899380574031,0.0118807537925818,48.51681841090802,0.0118807537925818,48.50493765711544,3.881345472872642,3.872599877543748,0.008745595328893963,50.0
1202.0,AUTOMATIC,60.0,59.989858986146736,0.011006194259692847,48.51599888234644,0.011006194259692847,48.504992688086745,3.881279910587715,3.872628106523408,0.0086518040643071,50.0
1203.0,AUTOMATIC,60.0,59.99071485814663,0.010141013853264269,48.51518440700928,0.010141013853264269,48.505043393156015,3.8812147525607426,3.8726560325617205,0.008558719999022024,50.0
1204.0,AUTOMATIC,60.0,59.99156149203759,0.009285141853368373,48.51437496071865,0.009285141853368373,48.50508981886528,3.881149996857492,3.872683657947891,0.00846633890960069,50.0
1205.0,AUTOMATIC,60.0,59.9923989576968,0.008438507962409858,48.513570519367505,0.008438507962409858,48.505132011405095,3.8810856415494004,3.8727109849573593,0.008374656592041063,50.0
1206.0,AUTOMATIC,60.0,59.993227324582975,0.007601042303200245,48.51277105891981,0.007601042303200245,48.50517001661661,3.881021684713585,3.87273801585186,0.008283668861725157,50.0
1207.0,AUTOMATIC,60.0,59.994046661738324,0.006772675417025198,48.511976555410726,0.006772675417025198,48.5052038799937,3.880958124432858,3.8727647528794904,0.008193371553367523,50.0
1208.0,AUTOMATIC,60.0,59.99485703779042,0.005953338261676322,48.511186984946676,0.005953338261676322,48.505233646685,3.880894958795734,3.8727911982747765,0.008103760520957515,50.0
1209.0,AUTOMATIC,60.0,59.99565852095419,0.005142962209582436,48.51040232370563,0.005142962209582436,48.505259361496044,3.88083218589645,3.872817354258732,0.00801483163771799,50.0
1210.0,AUTOMATIC,60.0,59.99645117903379,0.004341479045812946,48.509622547937084,0.004341479045812946,48.50528106889127,3.880769803834967,3.8728432230389274,0.007926580796039584,50.0
1211.0,AUTOMATIC,60.0,59.99723507942454,0.003548820966209121,48.50884763396232,0.003548820966209121,48.50529881299611,3.8807078107169857,3.872868806809553,0.007839003907432751,50.0
1212.0,AUTOMATIC,60.0,59.99801028911479,0.002764920575458518,48.50807755817444,0.002764920575458518,48.50531263759898,3.880646204653955,3.8728941077514802,0.007752096902474914,50.0
1213.0,AUTOMATIC,60.0,59.99877687468788,0.001989710885212048,48.50731229703862,0.001989710885212048,48.505322586153405,3.8805849837630895,3.872919128032329,0.007665855730760285,50.0
1214.0,AUTOMATIC,60.0,59.99953490232397,0.0012231253121228747,48.50655182709209,0.0012231253121228747,48.505328701779966,3.880524146167367,3.872943869806529,0.007580276360838134,50.0
1215.0,AUTOMATIC,60.0,60.000284437802,0.00046509767602742613,48.50579612494437,0.00046509767602742613,48.50533102726834,3.8804636899955494,3.87296833521538,0.007495354780169272,50.0
1216.0,AUTOMATIC,60.0,60.001025546501495,-0.0002844378020014915,48.50504516727733,-0.0002844378020014915,48.50532960507933,3.8804036133821866,3.872992526387122,0.007411086995064764,50.0
1217.0,AUTOMATIC,60.0,60.00175829340455,-0.0010255465014950005,48.50429893084533,-0.0010255465014950005,48.505324477346825,3.8803439144676264,3.8730164454369898,0.007327469030636635,50.0
1218.0,AUTOMATIC,60.0,60.00248274309763,-0.0017582934045492493,48.503557392475244,-0.0017582934045492493,48.50531568587979,3.8802845913980195,3.8730400944672825,0.007244496930737032,50.0
1219.0,AUTOMATIC,60.0,60.00319895977342,-0.002482743097630191,48.50282052906668,-0.002482743097630191,48.50530327216431,3.8802256423253345,3.873063475567423,0.007162166757911592,50.0
1220.0,AUTOMATIC,60.0,60.00390700723275,-0.003198959773420995,48.50208831759202,-0.003198959773420995,48.50528727736544,3.8801670654073614,3.8730865908140184,0.007080474593343045,50.0
1221.0,AUTOMATIC,60.0,60.00460694888643,-0.003907007232747617,48.50136073509653,-0.003907007232747617,48.50526774232928,3.8801088588077226,3.873109442270924,0.006999416536798808,50.0
1222.0,AUTOMATIC,60.0,60.005298847757096,-0.004606948886433315,48.50063775869841,-0.004606948886433315,48.50524470758484,3.880051020695873,3.8731320319893054,0.006918988706567486,50.0
1223.0,AUTOMATIC,60.0,60.00598276648105,-0.0052988477570963255,48.499919365588966,-0.0052988477570963255,48.50521821334606,3.8799935492471174,3.8731543620077002,0.006839187239417122,50.0
1224.0,AUTOMATIC,60.0,60.00665876731009,-0.005982766481047008,48.49920553303261,-0.005982766481047008,48.505188299513655,3.8799364426426086,3.873176434352076,0.006760008290532582,50.0
1225.0,AUTOMATIC,60.0,60.007326912113435,-0.006658767310092628,48.49849623836702,-0.006658767310092628,48.50515500567711,3.8798796990693614,3.873198251035896,0.006681448033465376,50.0
1226.0,AUTOMATIC,60.0,60.00798726237944,-0.007326912113434503,48.49779145900311,-0.007326912113434503,48.505118371116545,3.8798233167202487,3.8732198140601777,0.006603502660071037,50.0
1227.0,AUTOMATIC,60.0,60.00863987921748,-0.007987262379437254,48.49709117242521,-0.007987262379437254,48.505078434804645,3.8797672937940164,3.8732411254135544,0.00652616838046205,50.0
1228.0,AUTOMATIC,60.0,60.00928482335978,-0.008639879217483326,48.49639535619108,-0.008639879217483326,48.50503523540856,3.8797116284952864,3.8732621870723354,0.006449441422951008,50.0
1229.0,AUTOMATIC,60.0,60.009922155163174,-0.00928482335977776,48.49570398793198,-0.00928482335977776,48.50498881129176,3.8796563190345585,3.873283001000565,0.006373318033993325,50.0
1230.0,AUTOMATIC,60.0,60.01055193461098,-0.009922155163174295,48.495017045352775,-0.009922155163174295,48.50493920051595,3.879601363628222,3.873303569150086,0.006297794478135721,50.0
1231.0,AUTOMATIC,60.0,60.011174221314775,-0.01055193461098014,48.494334506231915,-0.01055193461098014,48.504886440842895,3.8795467604985534,3.8733238934605954,0.006222867037958046,50.0
1232.0,AUTOMATIC,60.0,60.01178907451617,-0.011174221314774968,48.49365634842155,-0.011174221314774968,48.50483056973633,3.8794925078737243,3.873343975859709,0.006148532014015551,50.0
1233.0,AUTOMATIC,60.0,60.01239655308866,-0.01178907451617306,48.49298254984757,-0.01178907451617306,48.50477162436374,3.8794386039878055,3.8733638182630155,0.006074785724790033,50.0
1234.0,AUTOMATIC,60.0,60.01299671553932,-0.012396553088656503,48.49231308850964,-0.012396553088656503,48.504709641598296,3.8793850470807714,3.8733834225741406,0.006001624506630776,50.0
1235.0,AUTOMATIC,60.0,60.0135896200107,-0.012996715539323134,48.49164794248127,-0.012996715539323134,48.504644658020595,3.8793318353985016,3.8734027906848043,0.005929044713697262,50.0
1236.0,AUTOMATIC,60.0,60.01417532428249,-0.013589620010698411,48.49098708990985,-0.013589620010698411,48.50457670992055,3.879278967192788,3.8734219244748793,0.005857042717908545,50.0
1237.0,AUTOMATIC,60.0,60.01475388577339,-0.014175324282490465,48.490330509016644,-0.014175324282490465,48.504505833299135,3.8792264407213315,3.8734408258124486,0.005785614908882852,50.0
1238.0,AUTOMATIC,60.0,60.01532536154278,-0.014753885773387765,48.48967817809689,-0.014753885773387765,48.504432063870276,3.879174254247751,3.8734594965538682,0.005714757693882966,50.0
1239.0,AUTOMATIC,60.0,60.015889808292556,-0.015325361542778637,48.48903007551978,-0.015325361542778637,48.50435543706256,3.8791224060415823,3.8734779385438216,0.005644467497760708,50.0
1240.0,AUTOMATIC,60.0,60.016447282368844,-0.01588980829255604,48.48838617972854,-0.01588980829255604,48.5042759880211,3.8790708943782835,3.8734961536153794,0.005574740762904096,50.0
1241.0,AUTOMATIC,60.0,60.016997839763754,-0.016447282368844185,48.48774646924041,-0.016447282368844185,48.50419375160926,3.879019717539233,3.8735141435900564,0.005505573949176501,50.0
1242.0,AUTOMATIC,60.0,60.01754153611715,-0.016997839763753575,48.48711092264668,-0.016997839763753575,48.50410876241043,3.8789688738117345,3.8735319102778716,0.005436963533862915,50.0
1243.0,AUTOMATIC,60.0,60.018078426718304,-0.017541536117150258,48.4864795186127,-0.017541536117150258,48.50402105472985,3.8789183614890157,3.873549455477403,0.005368906011612662,50.0
1244.0,AUTOMATIC,60.0,60.018608566507744,-0.018078426718304286,48.48585223587796,-0.018078426718304286,48.50393066259626,3.8788681788702366,3.8735667809758456,0.005301397894390991,50.0
1245.0,AUTOMATIC,60.0,60.01913201007888,-0.01860856650774423,48.48522905325597,-0.01860856650774423,48.503837619763715,3.8788183242604775,3.8735838885490703,0.005234435711407137,50.0
1246.0,AUTOMATIC,60.0,60.01964881167978,-0.019132010078877215,48.48460994963445,-0.019132010078877215,48.503741959713324,3.8787687959707555,3.873600779961678,0.0051680160090774585,50.0
1247.0,AUTOMATIC,60.0,60.02015902521488,-0.0196488116797795,48.483994903975145,-0.0196488116797795,48.503643715654924,3.8787195923180118,3.873617456967059,0.005102135350952608,50.0
1248.0,AUTOMATIC,60.0,60.020662704246654,-0.020159025214880444,48.48338389531397,-0.020159025214880444,48.50354292052885,3.8786707116251176,3.8736339213074484,0.0050367903176691264,50.0
1249.0,AUTOMATIC,60.0,60.02115990199734,-0.020662704246653618,48.48277690276097,-0.020662704246653618,48.50343960700762,3.8786221522208773,3.8736501747139815,0.004971977506895708,50.0
1250.0,AUTOMATIC,60.0,60.02165067135067,-0.02115990199734341,48.4821739055003,-0.02115990199734341,48.50333380749764,3.878573912440024,3.8736662189067523,0.004907693533271473,50.0
1251.0,AUTOMATIC,60.0,60.0221350648535,-0.021650671350670336,48.48157488279021,-0.021650671350670336,48.50322555414088,3.878525990623217,3.873682055594866,0.004843935028350899,50.0
1252.0,AUTOMATIC,60.0,60.02261313471755,-0.022135064853500808,48.48097981396312,-0.022135064853500808,48.50311487881662,3.8784783851170492,3.8736976864764983,0.004780698640550973,50.0
1253.0,AUTOMATIC,60.0,60.02308493282107,-0.02261313471755244,48.48038867842548,-0.02261313471755244,48.50300181314303,3.8784310942740383,3.8737131132389484,0.004717981035089913,50.0
1254.0,AUTOMATIC,60.0,60.02355051071046,-0.023084932821070936,48.47980145565785,-0.023084932821070936,48.50288638847892,3.878384116452628,3.8737283375586973,0.004655778893930762,50.0
1255.0,AUTOMATIC,60.0,60.02400991960203,-0.023550510710457218,48.47921812521491,-0.023550510710457218,48.50276863592537,3.878337450017193,3.8737433611014573,0.00459408891573565,50.0
1256.0,AUTOMATIC,60.0,60.024463210383615,-0.024009919602029584,48.47863866672533,-0.024009919602029584,48.50264858632736,3.8782910933380266,3.8737581855222336,0.004532907815792964,50.0
1257.0,AUTOMATIC,60.0,60.024910433616206,-0.02446321038361532,48.478063059891824,-0.02446321038361532,48.50252627027544,3.878245044791346,3.873772812465375,0.004472232325970715,50.0
1258.0,AUTOMATIC,60.0,60.02535163953567,-0.024910433616206262,48.47749128449115,-0.024910433616206262,48.50240171810736,3.8781993027592923,3.87378724356463,0.0044120591946623655,50.0
1259.0,AUTOMATIC,60.0,60.02578687805434,-0.02535163953567121,48.47692332037401,-0.02535163953567121,48.502274959909684,3.878153865629921,3.8738014804431984,0.0043523851867224295,50.0
1260.0,AUTOMATIC,60.0,60.02621619876267,-0.025786878054340434,48.476359147465075,-0.025786878054340434,48.502146025519416,3.878108731797206,3.873815524713791,0.004293207083414963,50.0
1261.0,AUTOMATIC,60.0,60.0266396509309,-0.02621619876266834,48.47579874576293,-0.02621619876266834,48.5020149445256,3.8780638996610346,3.8738293779786774,0.004234521682357162,50.0
1262.0,AUTOMATIC,60.0,60.02705728351066,-0.026639650930903258,48.47524209534004,-0.026639650930903258,48.501881746270946,3.8780193676272035,3.873843041829744,0.004176325797459413,50.0
1263.0,AUTOMATIC,60.0,60.02746914513655,-0.027057283510657726,48.474689176342736,-0.027057283510657726,48.50174645985339,3.8779751341074187,3.8738565178485462,0.004118616258872443,50.0
1264.0,AUTOMATIC,60.0,60.02787528412784,-0.027469145136549855,48.47413996899117,-0.027469145136549855,48.50160911412772,3.8779311975192936,3.87386980760636,0.004061389912933588,50.0
1265.0,AUTOMATIC,60.0,60.02827574849006,-0.027875284127837574,48.47359445357924,-0.027875284127837574,48.501469737707076,3.877887556286339,3.8738829126642385,0.004004643622100623,50.0
1266.0,AUTOMATIC,60.0,60.02867058591656,-0.028275748490059982,48.47305261047457,-0.028275748490059982,48.50132835896463,3.877844208837965,3.8738958345730614,0.003948374264903798,50.0
1267.0,AUTOMATIC,60.0,60.02905984379016,-0.02867058591655791,48.47251442011849,-0.02867058591655791,48.50118500603505,3.8778011536094796,3.8739085748735915,0.003892578735888108,50.0
1268.0,AUTOMATIC,60.0,60.029443569184714,-0.029059843790157913,48.47197986302594,-0.029059843790157913,48.5010397068161,3.8777583890420755,3.8739211350965235,0.0038372539455520105,50.0
1269.0,AUTOMATIC,60.0,60.02982180886674,-0.029443569184714136,48.471448919785466,-0.029443569184714136,48.50089248897018,3.877715913582837,3.87393351676254,0.0037823968202972402,50.0
1270.0,AUTOMATIC,60.0,60.030194609296984,-0.029821808866742572,48.4709215710591,-0.029821808866742572,48.500743379925844,3.877673725684728,3.873945721382359,0.003728004302368859,50.0
1271.0,AUTOMATIC,60.0,60.03056201663196,-0.030194609296984254,48.47039779758238,-0.030194609296984254,48.50059240687936,3.87763182380659,3.8739577504567917,0.0036740733497984124,50.0
1272.0,AUTOMATIC,60.0,60.03092407672559,-0.030562016631961342,48.46987758016424,-0.030562016631961342,48.5004395967962,3.877590206413139,3.8739696054767894,0.0036206009363497493,50.0
1273.0,AUTOMATIC,60.0,60.031280835130744,-0.030924076725590055,48.469360899686976,-0.030924076725590055,48.500284976412566,3.877548871974958,3.873981287923497,0.003567584051460848,50.0
1274.0,AUTOMATIC,60.0,60.031632337100774,-0.03128083513074387,48.468847737106174,-0.03128083513074387,48.50012857223692,3.877507818968494,3.873992799268306,0.0035150197001878603,50.0
1275.0,AUTOMATIC,60.0,60.0319786275911,-0.031632337100774066,48.46833807345064,-0.031632337100774066,48.49997041055141,3.877467045876051,3.874004140972902,0.0034629049031491554,50.0
1276.0,AUTOMATIC,60.0,60.03231975126076,-0.03197862759110137,48.467831889822364,-0.03197862759110137,48.499810517413465,3.8774265511857893,3.8740153144893186,0.0034112366964706986,50.0
1277.0,AUTOMATIC,60.0,60.03265575247393,-0.03231975126075781,48.4673291673964,-0.03231975126075781,48.49964891865716,3.877386333391712,3.874026321259987,0.0033600121317252096,50.0
1278.0,AUTOMATIC,60.0,60.0329866753015,-0.0326557524739286,48.466829887420865,-0.0326557524739286,48.49948563989479,3.877346390993669,3.874037162717787,0.0033092282758819813,50.0
1279.0,AUTOMATIC,60.0,60.033312563522635,-0.03298667530150112,48.46633403121678,-0.03298667530150112,48.49932070651828,3.8773067224973428,3.874047840286097,0.003258882211245595,50.0
1280.0,AUTOMATIC,60.0,60.03363346062618,-0.03331256352263523,48.46584158017804,-0.03331256352263523,48.49915414370067,3.877267326414243,3.874058355378847,0.003208971035395969,50.0
1281.0,AUTOMATIC,60.0,60.0339494098123,-0.033633460626177225,48.465352515771364,-0.033633460626177225,48.49898597639754,3.877228201261709,3.8740687094005635,0.0031594918611457246,50.0
1282.0,AUTOMATIC,60.0,60.03426045399396,-0.03394940981230121,48.464866819536184,-0.03394940981230121,48.498816229348485,3.8771893455628947,3.8740789037464216,0.0031104418164731307,50.0
1283.0,AUTOMATIC,60.0,60.034566635798406,-0.034260453993958606,48.46438447308456,-0.034260453993958606,48.498644927078516,3.8771507578467648,3.8740889398022977,0.003061818044467035,50.0
1284.0,AUTOMATIC,60.0,60.03486799756873,-0.0345666357984058,48.46390545810112,-0.0345666357984058,48.49847209389952,3.877112436648089,3.874098818944814,0.003013617703275351,50.0
1285.0,AUTOMATIC,60.0,60.03516458136534,-0.03486799756873182,48.46342975634295,-0.03486799756873182,48.49829775391168,3.8770743805074357,3.874108542541391,0.00296583796604466,50.0
1286.0,AUTOMATIC,60.0,60.035456428967436,-0.035164581365343395,48.4629573496395,-0.035164581365343395,48.498121931004846,3.87703658797116,3.874118111950297,0.0029184760208629257,50.0
1287.0,AUTOMATIC,60.0,60.03574358187451,-0.03545642896743573,48.46248821989257,-0.03545642896743573,48.497944648860006,3.8769990575914055,3.874127528520694,0.0028715290707115315,50.0
1288.0,AUTOMATIC,60.0,60.036026081307845,-0.0357435818745131,48.462022349076115,-0.0357435818745131,48.49776593095063,3.8769617879260894,3.8741367935926876,0.0028249943334017757,50.0
1289.0,AUTOMATIC,60.0,60.036303968212,-0.03602608130784546,48.46155971923624,-0.03602608130784546,48.49758580054409,3.8769247775388993,3.8741459084973764,0.0027788690415229134,50.0
1290.0,AUTOMATIC,60.0,60.03657728325623,-0.03630396821200321,48.46110031249102,-0.03630396821200321,48.49740428070302,3.8768880249992814,3.8741548745569014,0.0027331504423799835,50.0
1291.0,AUTOMATIC,60.0,60.03684606683601,-0.036577283256228554,48.46064411103052,-0.036577283256228554,48.49722139428675,3.8768515288824417,3.8741636930844905,0.002687835797951177,50.0
1292.0,AUTOMATIC,60.0,60.0371103590745,-0.03684606683601288,48.46019109711655,-0.03684606683601288,48.49703716395256,3.876815287769324,3.8741723653845095,0.002642922384814561,50.0
1293.0,AUTOMATIC,60.0,60.03737019982391,-0.03711035907449656,48.45974125308269,-0.03711035907449656,48.49685161215719,3.876779300246615,3.8741808927525083,0.0025984074941067803,50.0
1294.0,AUTOMATIC,60.0,60.03762562866706,-0.03737019982391132,48.45929456133416,-0.03737019982391132,48.49666476115807,3.8767435649067328,3.8741892764752706,0.002554288431462215,50.0
1295.0,AUTOMATIC,60.0,60.03787668491876,-0.03762562866705821,48.45885100434768,-0.03762562866705821,48.49647663301474,3.8767080803478144,3.8741975178308556,0.002510562516958803,50.0
1296.0,AUTOMATIC,60.0,60.03812340762727,-0.037876684918757064,48.45841056467138,-0.037876684918757064,48.49628724959014,3.8766728451737107,3.874205618088654,0.0024672270850567557,50.0
1297.0,AUTOMATIC,60.0,60.038365835575725,-0.038123407627267625,48.45797322492474,-0.038123407627267625,48.49609663255201,3.8766378579939795,3.8742135785094267,0.002424279484552816,50.0
1298.0,AUTOMATIC,60.0,60.03860400728357,-0.038365835575724816,48.457538967798406,-0.038365835575724816,48.49590480337413,3.8766031174238726,3.8742214003453563,0.00238171707851631,50.0
1299.0,AUTOMATIC,60.0,60.038837961008,-0.03860400728356694,48.457107776054144,-0.03860400728356694,48.49571178333771,3.8765686220843314,3.874229084840091,0.0023395372442402973,50.0
1300.0,AUTOMATIC,60.0,60.03906773474532,-0.03883796100799941,48.45667963252467,-0.03883796100799941,48.49551759353267,3.8765343706019735,3.8742366332287963,0.0022977373731771777,50.0
1301.0,AUTOMATIC,60.0,60.039293366232414,-0.039067734745323435,48.45625452011362,-0.039067734745323435,48.49532225485894,3.8765003616090894,3.8742440467381933,0.002256314870896059,50.0
1302.0,AUTOMATIC,60.0,60.03951489294811,-0.03929336623241397,48.45583242179537,-0.03929336623241397,48.495125788027785,3.8764665937436296,3.8742513265866094,0.00221526715702014,50.0
1303.0,AUTOMATIC,60.0,60.039732352114626,-0.03951489294811239,48.45541332061493,-0.03951489294811239,48.49492821356304,3.8764330656491945,3.874258473984025,0.002174591665169423,50.0
1304.0,AUTOMATIC,60.0,60.03994578069892,-0.039732352114626224,48.45499719968785,-0.039732352114626224,48.49472955180248,3.8763997759750284,3.874265490132118,0.0021342858429105327,50.0
1305.0,AUTOMATIC,60.0,60.04015521541408,-0.03994578069892185,48.454584042200054,-0.03994578069892185,48.494529822898976,3.8763667233760044,3.874272376224306,0.002094347151698539,50.0
1306.0,AUTOMATIC,60.0,60.04036069272076,-0.040155215414081624,48.45417383140782,-0.040155215414081624,48.4943290468219,3.8763339065126257,3.8742791334457976,0.0020547730668281083,50.0
1307.0,AUTOMATIC,60.0,60.040562248828486,-0.04036069272076048,48.45376655063754,-0.04036069272076048,48.4941272433583,3.876301324051003,3.874285762973634,0.00201556107736911,50.0
1308.0,AUTOMATIC,60.0,60.040759919697095,-0.04056224882848625,48.45336218328567,-0.04056224882848625,48.493924432114156,3.8762689746628536,3.874292265976732,0.001976708686121764,50.0
1309.0,AUTOMATIC,60.0,60.04095374103804,-0.040759919697094915,48.45296071281857,-0.040759919697094915,48.49372063251567,3.8762368570254857,3.874298643615935,0.0019382134095509151,50.0
1310.0,AUTOMATIC,60.0,60.04114374831582,-0.04095374103803806,48.45256212277244,-0.04095374103803806,48.49351586381048,3.8762049698217953,3.87430489704405,0.0019000727777451765,50.0
1311.0,AUTOMATIC,60.0,60.041329976749246,-0.04114374831581813,48.452166396753086,-0.04114374831581813,48.493310145068904,3.876173311740247,3.874311027405899,0.0018622843343480966,50.0
1312.0,AUTOMATIC,60.0,60.0415124613129,-0.0413299767492461,48.45177351843591,-0.0413299767492461,48.49310349518515,3.8761418814748727,3.8743170358383567,0.0018248456365159704,50.0
1313.0,AUTOMATIC,60.0,60.041691236738394,-0.0415124613128981,48.451383471565684,-0.0415124613128981,48.49289593287858,3.8761106777252547,3.8743229234703995,0.0017877542548552228,50.0
1314.0,AUTOMATIC,60.0,60.04186633751573,-0.041691236738394366,48.450996239956496,-0.041691236738394366,48.49268747669489,3.8760796991965196,3.8743286914231474,0.0017510077733722262,50.0
1315.0,AUTOMATIC,60.0,60.042037797894665,-0.04186633751572799,48.45061180749159,-0.04186633751572799,48.49247814500732,3.876048944599327,3.8743343408099062,0.0017146037894208987,50.0
1316.0,AUTOMATIC,60.0,60.04220565188603,-0.042037797894664664,48.450230158123176,-0.042037797894664664,48.49226795601784,3.876018412649854,3.8743398727362144,0.0016785399136396428,50.0
1317.0,AUTOMATIC,60.0,60.042369933263004,-0.04220565188602876,48.44985127587238,-0.04220565188602876,48.49205692775841,3.875988102069791,3.8743452882998834,0.0016428137699073808,50.0
1318.0,AUTOMATIC,60.0,60.04253067556253,-0.042369933263003645,48.4494751448291,-0.042369933263003645,48.491845078092105,3.875958011586328,3.874350588591042,0.0016074229952862673,50.0
1319.0,AUTOMATIC,60.0,60.04268791208652,-0.04253067556253143,48.44910174915176,-0.04253067556253143,48.49163242471429,3.8759281399321406,3.8743557746921784,0.0015723652399621812,50.0
1320.0,AUTOMATIC,60.0,60.04284167590325,-0.042687912086520896,48.44873107306734,-0.042687912086520896,48.491418985153864,3.8758984858453873,3.874360847678186,0.0015376381672012052,50.0
1321.0,AUTOMATIC,60.0,60.04299199984858,-0.04284167590324728,48.44836310087109,-0.04284167590324728,48.49120477677434,3.875869048069687,3.8743658086164,0.0015032394532870086,50.0
1322.0,AUTOMATIC,60.0,60.043138916527326,-0.042991999848581486,48.44799781692652,-0.042991999848581486,48.4909898167751,3.8758398253541215,3.874370658566646,0.001469166787475551,50.0
1323.0,AUTOMATIC,60.0,60.043282458314515,-0.04313891652732593,48.44763520566514,-0.04313891652732593,48.49077412219246,3.875810816453211,3.8743753985812774,0.0014354178719333532,50.0
1324.0,AUTOMATIC,60.0,60.04342265735668,-0.04328245831451483,48.44727525158637,-0.04328245831451483,48.490557709900884,3.8757820201269095,3.874380029705221,0.001401990421688648,50.0
1325.0,AUTOMATIC,60.0,60.04355954557313,-0.04342265735667894,48.446917939257425,-0.04342265735667894,48.490340596614104,3.875753435140594,3.874384552976017,0.0013688821645767568,50.0
1326.0,AUTOMATIC,60.0,60.04369315465725,-0.043559545573131686,48.44656325331311,-0.043559545573131686,48.49012279888624,3.8757250602650486,3.8743889694238605,0.0013360908411881312,50.0
1327.0,AUTOMATIC,60.0,60.04382351607772,-0.0436931546572481,48.446211178455705,-0.0436931546572481,48.48990433311295,3.8756968942764565,3.874393280071644,0.0013036142048123978,50.0
1328.0,AUTOMATIC,60.0,60.04395066107986,-0.0438235160777225,48.445861699454845,-0.0438235160777225,48.48968521553257,3.8756689359563876,3.8743974859349977,0.0012714500213899527,50.0
1329.0,AUTOMATIC,60.0,60.04407462068681,-0.043950661079861675,48.445514801147304,-0.043950661079861675,48.489465462227166,3.8756411840917844,3.8744015880223315,0.0012395960694528974,50.0
1330.0,AUTOMATIC,60.0,60.04419542570082,-0.04407462068680701,48.44517046843693,-0.04407462068680701,48.489245089123735,3.875613637474954,3.8744055873348753,0.0012080501400788535,50.0
1331.0,AUTOMATIC,60.0,60.04431310670449,-0.04419542570082058,48.444828686294414,-0.04419542570082058,48.489024111995235,3.8755862949035533,3.8744094848667205,0.0011768100368327872,50.0
1332.0,AUTOMATIC,60.0,60.04442769406207,-0.044313106704493066,48.44448943975722,-0.044313106704493066,48.48880254646171,3.8755591551805777,3.8744132816048578,0.0011458735757199356,50.0
1333.0,AUTOMATIC,60.0,60.04453921792059,-0.044427694062072476,48.444152713929334,-0.044427694062072476,48.48858040799141,3.8755322171143467,3.874416978529224,0.0011152385851227464,50.0
1334.0,AUTOMATIC,60.0,60.044647708211166,-0.04453921792058679,48.44381849398121,-0.04453921792058679,48.4883577119018,3.875505479518497,3.8744205766127338,0.0010849029057631299,50.0
1335.0,AUTOMATIC,60.0,60.04475319465023,-0.04464770821116559,48.44348676514958,-0.04464770821116559,48.488134473360745,3.8754789412119663,3.8744240768213265,0.0010548643906398425,50.0
1336.0,AUTOMATIC,60.0,60.04485570674073,-0.044753194650226646,48.443157512737265,-0.044753194650226646,48.48791070738749,3.8754526010189814,3.874427480114005,0.0010251209049765286,50.0
1337.0,AUTOMATIC,60.0,60.04495527377334,-0.044855706740726475,48.44283072211306,-0.044855706740726475,48.487686428853785,3.8754264577690445,3.8744307874428707,0.0009956703261737587,50.0
1338.0,AUTOMATIC,60.0,60.04505192482772,-0.044955273773339854,48.44250637871158,-0.044955273773339854,48.48746165248492,3.875400510296926,3.8744339997531685,0.000966510543757515,50.0
1339.0,AUTOMATIC,60.0,60.04514568877364,-0.04505192482771747,48.44218446803306,-0.04505192482771747,48.48723639286078,3.875374757442645,3.874437117983325,0.0009376394593201276,50.0
1340.0,AUTOMATIC,60.0,60.045236594272275,-0.045145688773637005,48.44186497564328,-0.045145688773637005,48.487010664416914,3.8753491980514623,3.8744401430649833,0.0009090549864789743,50.0
1341.0,AUTOMATIC,60.0,60.04532466977736,-0.045236594272275,48.44154788717327,-0.045236594272275,48.48678448144555,3.8753238309738616,3.874443075923051,0.0008807550508107553,50.0
1342.0,AUTOMATIC,60.0,60.04540994353634,-0.04532466977735794,48.4412331883193,-0.04532466977735794,48.48655785809666,3.875298655065544,3.8744459174757284,0.0008527375898155221,50.0
1343.0,AUTOMATIC,60.0,60.04549244359162,-0.04540994353634176,48.44092086484264,-0.04540994353634176,48.48633080837898,3.8752736691874112,3.8744486686345563,0.0008250005528549487,50.0
1344.0,AUTOMATIC,60.0,60.04557219778172,-0.04549244359161975,48.44061090256941,-0.04549244359161975,48.48610334616103,3.8752488722055527,3.8744513303044474,0.0007975419011052587,50.0
1345.0,AUTOMATIC,60.0,60.04564923374247,-0.04557219778172339,48.4403032873904,-0.04557219778172339,48.48587548517212,3.875224262991232,3.8744539033837313,0.0007703596075008257,50.0
1346.0,AUTOMATIC,60.0,60.04572357890814,-0.04564923374247343,48.43999800526094,-0.04564923374247343,48.48564723900341,3.875199840420875,3.8744563887641856,0.0007434516566893201,50.0
1347.0,AUTOMATIC,60.0,60.045795260512634,-0.04572357890813805,48.439695042200725,-0.04572357890813805,48.48541862110886,3.875175603376058,3.8744587873310814,0.0007168160449766425,50.0
1348.0,AUTOMATIC,60.0,60.04586430559067,-0.04579526051263372,48.43939438429367,-0.04579526051263372,48.485189644806304,3.8751515507434937,3.874461099963214,0.0006904507802798499,50.0
1349.0,AUTOMATIC,60.0,60.04593074097887,-0.04586430559066912,48.43909601768769,-0.04586430559066912,48.48496032327836,3.875127681415015,3.874463327532946,0.0006643538820689798,50.0
1350.0,AUTOMATIC,60.0,60.04599459331701,-0.045930740978867846,48.4387999285946,-0.045930740978867846,48.484730669573466,3.875103994287568,3.874465470906241,0.000638523381327083,50.0
1351.0,AUTOMATIC,60.0,60.04605588904906,-0.045994593317011834,48.438506103289875,-0.045994593317011834,48.48450069660689,3.87508048826319,3.874467530942704,0.0006129573204858296,50.0
1352.0,AUTOMATIC,60.0,60.0461146544244,-0.04605588904905744,48.43821452811259,-0.04605588904905744,48.484270417161646,3.875057162249007,3.8744695084956167,0.0005876537533904269,50.0
1353.0,AUTOMATIC,60.0,60.04617091549892,-0.046114654424400214,48.437925189465126,-0.046114654424400214,48.484039843889526,3.87503401515721,3.874471404411975,0.0005626107452352258,50.0
1354.0,AUTOMATIC,60.0,60.04622469813617,-0.046170915498919385,48.43763807381311,-0.046170915498919385,48.48380898931203,3.875011045905049,3.8744732195325247,0.0005378263725241972,50.0
1355.0,AUTOMATIC,60.0,60.046276028008485,-0.04622469813617158,48.437353167685174,-0.04622469813617158,48.483577865821346,3.874988253414814,3.8744749546918023,0.000513298723011868,50.0
1356.0,AUTOMATIC,60.0,60.04632493059804,-0.04627602800848507,48.43707045767282,-0.04627602800848507,48.4833464856813,3.874965636613825,3.874476610718165,0.0004890258956602445,50.0
1357.0,AUTOMATIC,60.0,60.0463714311981,-0.04632493059803977,48.43678993043028,-0.04632493059803977,48.48311486102832,3.8749431944344224,3.874478188433832,0.00046500600059040664,50.0
1358.0,AUTOMATIC,60.0,60.046415554914,-0.0463714311980965,48.436511572674235,-0.0463714311980965,48.48288300387233,3.8749209258139388,3.8744796886549198,0.0004412371590190034,50.0
1359.0,AUTOMATIC,60.0,60.04645732666432,-0.04641555491399885,48.43623537118376,-0.04641555491399885,48.48265092609776,3.874898829694701,3.8744811121914764,0.00041771750322450174,50.0
1360.0,AUTOMATIC,60.0,60.04649677118198,-0.04645732666431712,48.435961312800124,-0.04645732666431712,48.48241863946444,3.87487690502401,3.8744824598475187,0.00039444517649123156,50.0
1361.0,AUTOMATIC,60.0,60.04653391301529,-0.04649677118197815,48.43568938442655,-0.04649677118197815,48.48218615560853,3.874855150754124,3.8744837324210684,0.00037141833305565086,50.0
1362.0,AUTOMATIC,60.0,60.046568776529085,-0.04653391301528842,48.43541957302817,-0.04653391301528842,48.48195348604346,3.8748335658422537,3.8744849307041864,0.00034863513806726587,50.0
1363.0,AUTOMATIC,60.0,60.04660138590584,-0.0465687765290852,48.435151865631724,-0.0465687765290852,48.48172064216081,3.874812149250538,3.8744860554830067,0.00032609376753134356,50.0
1364.0,AUTOMATIC,60.0,60.046631765146664,-0.046601385905837844,48.434886249325444,-0.046601385905837844,48.48148763523128,3.8747908999460354,3.8744871075377785,0.0003037924082569532,50.0
1365.0,AUTOMATIC,60.0,60.046659938072445,-0.046631765146663895,48.43462271125888,-0.046631765146663895,48.481254476405546,3.8747698169007108,3.874488087642891,0.00028172925781966285,50.0
1366.0,AUTOMATIC,60.0,60.04668592832489,-0.04665993807244462,48.434361238642744,-0.04665993807244462,48.48102117671519,3.8747488990914194,3.8744889965669165,0.0002599025245029196,50.0
1367.0,AUTOMATIC,60.0,60.04670975936761,-0.046685928324890824,48.43410181874867,-0.046685928324890824,48.48078774707356,3.8747281454998936,3.8744898350726413,0.00023831042725230844,50.0
1368.0,AUTOMATIC,60.0,60.046731454487166,-0.04670975936760868,48.43384443890911,-0.04670975936760868,48.48055419827672,3.874707555112729,3.874490603917101,0.00021695119562803455,50.0
1369.0,AUTOMATIC,60.0,60.046751036794134,-0.046731454487165536,48.433589086517124,-0.046731454487165536,48.48032054100429,3.87468712692137,3.8744913038516153,0.0001958230697547414,50.0
1370.0,AUTOMATIC,60.0,60.04676852922416,-0.04675103679413439,48.43333574902618,-0.04675103679413439,48.48008678582031,3.8746668599220944,3.874491935621822,0.00017492430027221673,50.0
1371.0,AUTOMATIC,60.0,60.04678395453899,-0.04676852922415975,48.433084413950034,-0.04676852922415975,48.479852943174194,3.8746467531160027,3.8744924999677104,0.00015425314829231596,50.0
1372.0,AUTOMATIC,60.0,60.046797335327526,-0.04678395453898787,48.432835068862516,-0.04678395453898787,48.479619023401504,3.8746268055090014,3.8744929976236566,0.00013380788534478327,50.0
1373.0,AUTOMATIC,60.0,60.046808694006856,-0.0467973353275255,48.43258770139734,-0.0467973353275255,48.479385036724864,3.874607016111787,3.874493429318455,0.00011358679333195454,50.0
1374.0,AUTOMATIC,60.0,60.04681805282331,-0.046808694006855944,48.43234229924797,-0.046808694006855944,48.47915099325483,3.8745873839398377,3.8744937957753542,9.358816448346019e-05,50.0
1375.0,AUTOMATIC,60.0,60.046825433853435,-0.04681805282331197,48.43209885016739,-0.04681805282331197,48.478916902990704,3.8745679080133915,3.8744940977120907,7.381030130071409e-05,50.0
1376.0,AUTOMATIC,60.0,60.046830859005084,-0.04682543385343507,48.431857341968,-0.04682543385343507,48.47868277582143,3.87454858735744,3.8744943358409185,5.425151652138638e-05,50.0
1377.0,AUTOMATIC,60.0,60.04683435001839,-0.04683085900508388,48.43161776252133,-0.04683085900508388,48.47844862152641,3.8745294210017063,3.8744945108686464,3.491013305989554e-05,50.0
1378.0,AUTOMATIC,60.0,60.04683592846678,-0.04683435001839342,48.43138009975793,-0.04683435001839342,48.478214449776324,3.8745104079806345,3.8744946234966693,1.578448396521992e-05,50.0
1379.0,AUTOMATIC,60.0,60.04683561575801,-0.04683592846677698,48.43114434166722,-0.04683592846677698,48.477980270134,3.8744915473333776,3.8744946744210007,-3.1270876230671263e-06,50.0
1380.0,AUTOMATIC,60.0,60.04683343313517,-0.046835615758013205,48.43091047629719,-0.046835615758013205,48.477746092055206,3.8744728381037756,3.874494664332305,-2.1826228529420177e-05,50.0
1381.0,AUTOMATIC,60.0,60.04682940167761,-0.046833433135169855,48.430678491754364,-0.046833433135169855,48.477511924889534,3.874454279340349,3.874494593915933,-4.031457558406615e-05,50.0
1382.0,AUTOMATIC,60.0,60.04682354230205,-0.046829401677612736,48.430448376203536,-0.046829401677612736,48.47727777788115,3.874435870096283,3.874494463851949,-5.859375566608094e-05,50.0
1383.0,AUTOMATIC,60.0,60.04681587576347,-0.046823542302050214,48.43022011786759,-0.046823542302050214,48.47704366016964,3.874417609429407,3.874494274815168,-7.666538576067694e-05,50.0
1384.0,AUTOMATIC,60.0,60.04680642265616,-0.046815875763471126,48.42999370502735,-0.046815875763471126,48.47680958079082,3.874399496402188,3.8744940274751833,-9.453107299517427e-05,50.0
1385.0,AUTOMATIC,60.0,60.046795203414696,-0.04680642265616086,48.42976912602138,-0.04680642265616086,48.47657554867754,3.87438153008171,3.874493722496404,-0.00011219241469362373,50.0
1386.0,AUTOMATIC,60.0,60.04678223831485,-0.04679520341469612,48.42954636924577,-0.04679520341469612,48.476341572660466,3.8743637095396615,3.874493360538081,-0.0001296509984194394,50.0
1387.0,AUTOMATIC,60.0,60.046767547474644,-0.04678223831484729,48.42932542315405,-0.04678223831484729,48.476107661468895,3.8743460338523237,3.874492942254342,-0.00014690840201847521,50.0
1388.0,AUTOMATIC,60.0,60.04675115085528,-0.04676754747464429,48.42910627625688,-0.04676754747464429,48.475873823731526,3.8743285021005507,3.8744924682942234,-0.00016396619367275989,50.0
1389.0,AUTOMATIC,60.0,60.04673306826208,-0.04675115085527892,48.42888891712197,-0.04675115085527892,48.475640067977245,3.874311113369757,3.8744919393016963,-0.00018082593193913254,50.0
1390.0,AUTOMATIC,60.0,60.046713319345514,-0.04673306826207835,48.42867333437386,-0.04673306826207835,48.47540640263594,3.874293866749909,3.8744913559157053,-0.00019748916579631626,50.0
1391.0,AUTOMATIC,60.0,60.046691923602054,-0.04671331934551404,48.4284595166937,-0.04671331934551404,48.475172836039214,3.874276761335496,3.8744907187701942,-0.00021395743469820871,50.0
1392.0,AUTOMATIC,60.0,60.0466689003752,-0.04669192360205443,48.42824745281914,-0.04669192360205443,48.4749393764212,3.8742597962255316,3.8744900284941393,-0.00023023226860763302,50.0
1393.0,AUTOMATIC,60.0,60.04664426885638,-0.04666890037520233,48.42803713154412,-0.04666890037520233,48.474706031919325,3.8742429705235297,3.8744892857115767,-0.00024631518804696384,50.0
1394.0,AUTOMATIC,60.0,60.04661804808597,-0.046644268856383064,48.42782854171866,-0.046644268856383064,48.474472810575044,3.8742262833374927,3.8744884910416366,-0.0002622077041438686,50.0
1395.0,AUTOMATIC,60.0,60.046590256954104,-0.0466180480859677,48.42762167224865,-0.0466180480859677,48.474239720334616,3.874209733779892,3.874487645098574,-0.00027791131868193375,50.0
1396.0,AUTOMATIC,60.0,60.046560914201685,-0.04659025695410435,48.427416512095746,-0.04659025695410435,48.47400676904985,3.8741933209676596,3.8744867484917958,-0.00029342752413619166,50.0
1397.0,AUTOMATIC,60.0,60.04653003842132,-0.04656091420168451,48.42721305027716,-0.04656091420168451,48.473773964478845,3.874177044022173,3.8744858018258914,-0.000308757803718418,50.0
1398.0,AUTOMATIC,60.0,60.04649764805817,-0.04653003842131653,48.42701127586542,-0.04653003842131653,48.473541314286734,3.8741609020692334,3.8744848057006664,-0.00032390363143308676,50.0
1399.0,AUTOMATIC,60.0,60.04646376141095,-0.04649764805817114,48.42681117798827,-0.04649764805817114,48.47330882604644,3.8741448942390617,3.8744837607111666,-0.00033886647210490395,50.0
1400.0,AUTOMATIC,60.0,60.0464283966328,-0.04646376141094777,48.426612745828436,-0.04646376141094777,48.473076507239384,3.8741290196662748,3.8744826674477117,-0.00035364778143698317,50.0
