time_seconds,true_level_percent,measured_level_percent,setpoint_percent,requested_pump_percent,actual_pump_percent,outlet_valve_percent,inflow_lps,outflow_lps,pump_fault,sensor_bias_fault,emergency_stop,low_alarm,low_low_trip,high_alarm,high_high_trip,shutdown_latched,trip_reason,alarm_status,reset_request,reset_performed
0.0,54.66939007564522,55.0,60.0,5.025,5.025,50.0,0.402,3.7080992435478315,False,False,False,False,False,False,False,False,NONE,NORMAL,False,False
1.0,54.34275442078115,54.66939007564522,60.0,5.382262973976556,5.382262973976556,50.0,0.4305810379181245,3.696937586558813,False,False,False,False,False,False,False,False,NONE,NORMAL,False,False
2.0,54.02006420850584,54.34275442078115,60.0,5.73718485673672,5.73718485673672,50.0,0.4589747885389376,3.6858769112919774,False,False,False,False,False,False,False,False,NONE,NORMAL,False,False
3.0,53.70129069158808,54.02006420850584,60.0,6.0897747479694955,6.0897747479694955,50.0,0.4871819798375596,3.674917149015262,False,False,False,False,False,False,False,False,NONE,NORMAL,False,False
4.0,53.386405203624456,53.70129069158808,60.0,6.440041811429321,6.440041811429321,50.0,0.5152033449143457,3.664058224550617,False,False,False,False,False,False,False,False,NONE,NORMAL,False,False
5.0,53.07537916018769,53.386405203624456,60.0,6.78799527337482,6.78799527337482,50.0,0.5430396218699856,3.653300056237663,False,False,False,False,False,False,False,False,NONE,NORMAL,False,False
6.0,52.76818405996586,53.07537916018769,60.0,7.133644421010651,7.133644421010651,50.0,0.570691553680852,3.6426425558990716,False,False,False,False,False,False,False,False,NONE,NORMAL,False,False
7.0,52.46479148589255,52.76818405996586,60.0,7.476998600932647,7.476998600932647,50.0,0.5981598880746117,3.6320856288077055,False,False,False,False,False,False,False,False,NONE,NORMAL,False,False
8.0,52.165173106267616,52.46479148589255,60.0,7.818067217576498,7.818067217576498,50.0,0.6254453774061198,3.6216291736555712,False,False,False,False,False,False,False,False,NONE,NORMAL,False,False
9.0,51.869300675868516,52.165173106267616,60.0,8.15685973167009,8.15685973167009,50.0,0.6525487785336073,3.6112730825246246,False,False,False,False,False,False,False,False,NONE,NORMAL,False,False
10.0,51.57714603705208,51.869300675868516,60.0,8.49338565868985,8.49338565868985,50.0,0.6794708526951879,3.601017240859467,False,False,False,False,False,False,False,False,NONE,NORMAL,False,False
11.0,51.28868112084645,51.57714603705208,60.0,8.827654567321023,8.827654567321023,50.0,0.7062123653856819,3.59086152744199,False,False,False,False,False,False,False,False,NONE,NORMAL,False,False
12.0,51.00387794803303,51.28868112084645,60.0,9.159676077922425,9.159676077922425,50.0,0.732774086233794,3.580805814367991,False,False,False,False,False,False,False,False,NONE,NORMAL,False,False
13.0,50.722708630218406,51.00387794803303,60.0,9.489459860995678,9.489459860995678,50.0,0.7591567888796543,3.570849967025814,False,False,False,False,False,False,False,False,NONE,NORMAL,False,False
14.0,50.44514537089597,50.722708630218406,60.0,9.817015635659208,9.817015635659208,50.0,0.7853612508527367,3.5609938440770437,False,False,False,False,False,False,False,False,NONE,NORMAL,False,False
15.0,50.17116046649706,50.44514537089597,60.0,10.142353168127164,10.142353168127164,50.0,0.8113882534501731,3.551237297439301,False,False,False,False,False,False,False,False,NONE,NORMAL,False,False
16.0,49.90072630743148,50.17116046649706,60.0,10.465482270193593,10.465482270193593,50.0,0.8372385816154875,3.5415801722711664,False,False,False,False,False,False,False,False,NONE,NORMAL,False,False
17.0,49.63381537911734,49.90072630743148,60.0,10.78641279772201,10.78641279772201,50.0,0.8629130238177608,3.532022306959268,False,False,False,False,False,False,False,False,NONE,NORMAL,False,False
18.0,49.37040026299971,49.63381537911734,60.0,11.10515464914057,11.10515464914057,50.0,0.8884123719312456,3.5225635331075766,False,False,False,False,False,False,False,False,NONE,NORMAL,False,False
19.0,49.110453637558365,49.37040026299971,60.0,11.421717763943198,11.421717763943198,50.0,0.9137374211154559,3.513203675528922,False,False,False,False,False,False,False,False,NONE,NORMAL,False,False
20.0,48.85394827930406,49.110453637558365,60.0,11.73611212119675,11.73611212119675,50.0,0.9388889696957401,3.503942552238777,False,False,False,False,False,False,False,False,NONE,NORMAL,False,False
21.0,48.60085706376337,48.85394827930406,60.0,12.048347738054531,12.048347738054531,50.0,0.9638678190443625,3.494779974451327,False,False,False,False,False,False,False,False,NONE,NORMAL,False,False
22.0,48.35115296645179,48.60085706376337,60.0,12.358434668276407,12.358434668276407,50.0,0.9886747734621126,3.4857157465778594,False,False,False,False,False,False,False,False,NONE,NORMAL,False,False
23.0,48.10480906383509,48.35115296645179,60.0,12.666383000755728,12.666383000755728,50.0,1.0133106400604581,3.4767496662274877,False,False,False,False,False,False,False,False,NONE,NORMAL,False,False
24.0,47.86179853427849,48.10480906383509,60.0,12.972202858053253,12.972202858053253,50.0,1.0377762286442602,3.467881524210245,False,False,False,False,False,False,False,False,NONE,NORMAL,False,False
25.0,47.62209465898374,47.86179853427849,60.0,13.27590439493846,13.27590439493846,50.0,1.0620723515950767,3.459111104542556,False,False,False,False,False,False,False,False,NONE,NORMAL,False,False
26.0,47.38567082291374,47.62209465898374,60.0,13.577497796938292,13.577497796938292,50.0,1.0861998237550634,3.4504381844551184,False,False,False,False,False,False,False,False,NONE,NORMAL,False,False
27.0,47.15250051570457,47.38567082291374,60.0,13.876993278893726,13.876993278893726,50.0,1.110159462311498,3.441862534403202,False,False,False,False,False,False,False,False,NONE,NORMAL,False,False
28.0,46.92255733256482,47.15250051570457,60.0,14.174401083524375,14.174401083524375,50.0,1.13395208668195,3.433383918079384,False,False,False,False,False,False,False,False,NONE,NORMAL,False,False
29.0,46.69581497516196,46.92255733256482,60.0,14.469731480001297,14.469731480001297,50.0,1.1575785184001037,3.425002092428734,False,False,False,False,False,False,False,False,NONE,NORMAL,False,False
30.0,46.472247252495535,46.69581497516196,60.0,14.762994762528349,14.762994762528349,50.0,1.1810395810022678,3.4167168076664605,False,False,False,False,False,False,False,False,NONE,NORMAL,False,False
31.0,46.251828081757196,46.472247252495535,60.0,15.054201248932294,15.054201248932294,50.0,1.2043360999145836,3.408527807298025,False,False,False,False,False,False,False,False,NONE,NORMAL,False,False
32.0,46.03453148917712,46.251828081757196,60.0,15.343361279261847,15.343361279261847,50.0,1.2274689023409477,3.4004348281417336,False,False,False,False,False,False,False,False,NONE,NORMAL,False,False
33.0,45.820331610856904,46.03453148917712,60.0,15.630485214396039,15.630485214396039,50.0,1.2504388171516831,3.392437600353805,False,False,False,False,False,False,False,False,NONE,NORMAL,False,False
34.0,45.60920269358861,45.820331610856904,60.0,15.915583434661968,15.915583434661968,50.0,1.2732466747729574,3.3845358474559295,False,False,False,False,False,False,False,False,NONE,NORMAL,False,False
35.0,45.40111909565977,45.60920269358861,60.0,16.198666338462324,16.198666338462324,50.0,1.295893307076986,3.3767292863653067,False,False,False,False,False,False,False,False,NONE,NORMAL,False,False
36.0,45.196055287644356,45.40111909565977,60.0,16.47974434091286,16.47974434091286,50.0,1.3183795472730286,3.369017627427162,False,False,False,False,False,False,False,False,NONE,NORMAL,False,False
37.0,44.993985853179296,45.196055287644356,60.0,16.758827872490055,16.758827872490055,50.0,1.3407062297992045,3.361400574449747,False,False,False,False,False,False,False,False,NONE,NORMAL,False,False
38.0,44.79488548972663,44.993985853179296,60.0,17.035927377689216,17.035927377689216,50.0,1.3628741902151373,3.3538778247418053,False,False,False,False,False,False,False,False,NONE,NORMAL,False,False
39.0,44.59872900932093,44.79488548972663,60.0,17.31105331369325,17.31105331369325,50.0,1.38488426509546,3.3464490691525035,False,False,False,False,False,False,False,False,NONE,NORMAL,False,False
40.0,44.40549133930197,44.59872900932093,60.0,17.58421614905235,17.58421614905235,50.0,1.4067372919241878,3.339113992113811,False,False,False,False,False,False,False,False,NONE,NORMAL,False,False
41.0,44.215147523032435,44.40549133930197,60.0,17.855426362374796,17.855426362374796,50.0,1.4284341089899837,3.3318722716853193,False,False,False,False,False,False,False,False,NONE,NORMAL,False,False
42.0,44.02767272060052,44.215147523032435,60.0,18.124694441029167,18.124694441029167,50.0,1.4499755552823332,3.3247235796014847,False,False,False,False,False,False,False,False,NONE,NORMAL,False,False
43.0,43.84304220950726,44.02767272060052,60.0,18.39203087985808,18.39203087985808,50.0,1.4713624703886463,3.317667581321271,False,False,False,False,False,False,False,False,NONE,NORMAL,False,False
44.0,43.661231385338475,43.84304220950726,60.0,18.657446179903804,18.657446179903804,50.0,1.4925956943923042,3.3107039360801824,False,False,False,False,False,False,False,False,NONE,NORMAL,False,False
45.0,43.48221576242118,43.661231385338475,60.0,18.920950847145896,18.920950847145896,50.0,1.5136760677716716,3.303832296944659,False,False,False,False,False,False,False,False,NONE,NORMAL,False,False
46.0,43.3059709744643,43.48221576242118,60.0,19.18255539125109,19.18255539125109,50.0,1.534604431300087,3.2970523108688,False,False,False,False,False,False,False,False,NONE,NORMAL,False,False
47.0,43.13247277518364,43.3059709744643,60.0,19.44227032433564,19.44227032433564,50.0,1.5553816259468514,3.290363618753416,False,False,False,False,False,False,False,False,NONE,NORMAL,False,False
48.0,42.96169703891083,43.13247277518364,60.0,19.700106159740383,19.700106159740383,50.0,1.5760084927792306,3.2837658555073492,False,False,False,False,False,False,False,False,NONE,NORMAL,False,False
49.0,42.79361976118627,42.96169703891083,60.0,19.956073410818643,19.956073410818643,50.0,1.5964858728654914,3.2772586501110506,False,False,False,False,False,False,False,False,NONE,NORMAL,False,False
50.0,42.62821705933593,42.79361976118627,60.0,20.21018258973727,20.21018258973727,50.0,1.6168146071789815,3.270841625682382,False,False,False,False,False,False,False,False,NONE,NORMAL,False,False
51.0,42.46546517303181,42.62821705933593,60.0,20.46244420629093,20.46244420629093,50.0,1.6369955365032742,3.2645143995445913,False,False,False,False,False,False,False,False,NONE,NORMAL,False,False
52.0,42.305340464836,42.46546517303181,60.0,20.71286876672989,20.71286876672989,50.0,1.6570295013383913,3.2582765832964444,False,False,False,False,False,False,False,False,NONE,NORMAL,False,False
53.0,42.14781942072837,42.305340464836,60.0,20.961466772601522,20.961466772601522,50.0,1.6769173418081218,3.252127782884461,False,False,False,False,False,False,False,False,NONE,NORMAL,False,False
54.0,41.992878650617484,42.14781942072837,60.0,21.20824871960551,21.20824871960551,50.0,1.6966598975684408,3.24606759867722,False,False,False,False,False,False,False,False,NONE,NORMAL,False,False
55.0,41.840494888835025,41.992878650617484,60.0,21.453225096463306,21.453225096463306,50.0,1.7162580077170646,3.240095625541686,False,False,False,False,False,False,False,False,NONE,NORMAL,False,False
56.0,41.69064499461329,41.840494888835025,60.0,21.69640638380159,21.69640638380159,50.0,1.7357125107041274,3.2342114529215236,False,False,False,False,False,False,False,False,NONE,NORMAL,False,False
57.0,41.54330595254596,41.69064499461329,60.0,21.937803053050263,21.937803053050263,50.0,1.7550242442440211,3.2284146649173366,False,False,False,False,False,False,False,False,NONE,NORMAL,False,False
58.0,41.398454873031916,41.54330595254596,60.0,22.177425565354863,22.177425565354863,50.0,1.774194045228389,3.2227048403687997,False,False,False,False,False,False,False,False,NONE,NORMAL,False,False
59.0,41.25606899270208,41.398454873031916,60.0,22.415284370503745,22.415284370503745,50.0,1.7932227496402995,3.2170815529386227,False,False,False,False,False,False,False,False,NONE,NORMAL,False,False
60.0,41.11612567482921,41.25606899270208,60.0,22.65138990587007,22.65138990587007,50.0,1.8121111924696054,3.2115443711983054,False,False,False,False,False,False,False,False,NONE,NORMAL,False,False
61.0,40.97860240972061,41.11612567482921,60.0,22.885752595368793,22.885752595368793,50.0,1.8308602076295033,3.206092858715621,False,False,False,False,False,False,False,False,NONE,NORMAL,False,False
62.0,40.843476815093666,40.97860240972061,60.0,23.118382848428794,23.118382848428794,50.0,1.8494706278743036,3.2007265741437756,False,False,False,False,False,False,False,False,NONE,NORMAL,False,False
63.0,40.71072663643429,40.843476815093666,60.0,23.349291058980267,23.349291058980267,50.0,1.8679432847184214,3.195445071312198,False,False,False,False,False,False,False,False,NONE,NORMAL,False,False
64.0,40.58032974733806,40.71072663643429,60.0,23.57848760445747,23.57848760445747,50.0,1.8862790083565977,3.190247899318887,False,False,False,False,False,False,False,False,NONE,NORMAL,False,False
65.0,40.452264149834164,40.58032974733806,60.0,23.80598284481701,23.80598284481701,50.0,1.9044786275853607,3.1851346026242777,False,False,False,False,False,False,False,False,NONE,NORMAL,False,False
66.0,40.326507974692085,40.452264149834164,60.0,24.031787121571735,24.031787121571735,50.0,1.9225429697257388,3.1801047211465443,False,False,False,False,False,False,False,False,NONE,NORMAL,False,False
67.0,40.20303948171098,40.326507974692085,60.0,24.255910756840358,24.255910756840358,50.0,1.9404728605472286,3.175157790358303,False,False,False,False,False,False,False,False,NONE,NORMAL,False,False
68.0,40.08183705999182,40.20303948171098,60.0,24.478364052412903,24.478364052412903,50.0,1.9582691241930323,3.1702933413846335,False,False,False,False,False,False,False,False,NONE,NORMAL,False,False
69.0,39.962879228192236,40.08183705999182,60.0,24.699157288832104,24.699157288832104,50.0,1.9759325831065684,3.1655109011023725,False,False,False,False,False,False,False,False,NONE,NORMAL,False,False
70.0,39.8461446347641,39.962879228192236,60.0,24.918300724490727,24.918300724490727,50.0,1.9934640579592582,3.1608099922406057,False,False,False,False,False,False,False,False,NONE,NORMAL,False,False
71.0,39.73161205817382,39.8461446347641,60.0,25.135804594745043,25.135804594745043,50.0,2.0108643675796034,3.1561901334823013,False,False,False,False,False,False,False,False,NONE,NORMAL,False,False
72.0,39.61926040710548,39.73161205817382,60.0,25.35167911104445,25.35167911104445,50.0,2.028134328883556,3.1516508395670124,False,False,False,False,False,False,False,False,NONE,NORMAL,False,False
73.0,39.50906872064664,39.61926040710548,60.0,25.56593446007727,25.56593446007727,50.0,2.0452747568061813,3.1471916213946,False,False,False,False,False,False,False,False,NONE,NORMAL,False,False
74.0,39.40101616845711,39.50906872064664,60.0,25.778580802932876,25.778580802932876,50.0,2.06228646423463,3.142811986129883,False,False,False,False,False,False,False,False,NONE,NORMAL,False,False
75.0,39.29508205092054,39.40101616845711,60.0,25.98962827428012,25.98962827428012,50.0,2.0791702619424095,3.138511437308183,False,False,False,False,False,False,False,False,NONE,NORMAL,False,False
76.0,39.19124579927887,39.29508205092054,60.0,26.199086981562083,26.199086981562083,50.0,2.0959269585249665,3.134289474941671,False,False,False,False,False,False,False,False,NONE,NORMAL,False,False
77.0,39.089486975749885,39.19124579927887,60.0,26.406967004207363,26.406967004207363,50.0,2.1125573603365893,3.1301455956264586,False,False,False,False,False,False,False,False,NONE,NORMAL,False,False
78.0,38.98978527362771,39.089486975749885,60.0,26.613278392857595,26.613278392857595,50.0,2.1290622714286074,3.1260792926503758,False,False,False,False,False,False,False,False,NONE,NORMAL,False,False
79.0,38.89212051736647,38.98978527362771,60.0,26.818031168611633,26.818031168611633,50.0,2.1454424934889307,3.1220900561013494,False,False,False,False,False,False,False,False,NONE,NORMAL,False,False
80.0,38.796472662647126,38.89212051736647,60.0,27.02123532228604,27.02123532228604,50.0,2.1616988257828833,3.1181773729763385,False,False,False,False,False,False,False,False,NONE,NORMAL,False,False
81.0,38.702821796427585,38.796472662647126,60.0,27.22290081369215,27.22290081369215,50.0,2.1778320650953717,3.1143407272907346,False,False,False,False,False,False,False,False,NONE,NORMAL,False,False
82.0,38.6111481369762,38.702821796427585,60.0,27.42303757092955,27.42303757092955,50.0,2.1938430056743643,3.1105796001881862,False,False,False,False,False,False,False,False,NONE,NORMAL,False,False
83.0,38.52143203388869,38.6111481369762,60.0,27.62165548969606,27.62165548969606,50.0,2.209732439175685,3.1068934700507596,False,False,False,False,False,False,False,False,NONE,NORMAL,False,False
84.0,38.43365396808867,38.52143203388869,60.0,27.81876443261412,27.81876443261412,50.0,2.2255011546091295,3.103281812609382,False,False,False,False,False,False,False,False,NONE,NORMAL,False,False
85.0,38.34779455181181,38.43365396808867,60.0,28.0143742285737,28.0143742285737,50.0,2.241149938285896,3.0997441010544997,False,False,False,False,False,False,False,False,NONE,NORMAL,False,False
86.0,38.26383452857385,38.34779455181181,60.0,28.2084946720915,28.2084946720915,50.0,2.25667957376732,3.096279806146879,False,False,False,False,False,False,False,False,NONE,NORMAL,False,False
87.0,38.1817547731225,38.26383452857385,60.0,28.401135522686587,28.401135522686587,50.0,2.272090841814927,3.092888396328497,False,False,False,False,False,False,False,False,NONE,NORMAL,False,False
88.0,38.101536291373336,38.1817547731225,60.0,28.59230650427233,28.59230650427233,50.0,2.2873845203417864,3.0895693378334506,False,False,False,False,False,False,False,False,NONE,NORMAL,False,False
89.0,38.02316022032997,38.101536291373336,60.0,28.782017304564626,28.782017304564626,50.0,2.30256138436517,3.086322094798813,False,False,False,False,False,False,False,False,NONE,NORMAL,False,False
90.0,37.94660782798848,38.02316022032997,60.0,28.97027757450634,28.97027757450634,50.0,2.3176222059605074,3.083146129375397,False,False,False,False,False,False,False,False,NONE,NORMAL,False,False
91.0,37.871860513226316,37.94660782798848,60.0,29.15709692770789,29.15709692770789,50.0,2.3325677542166314,3.0800409018383377,False,False,False,False,False,False,False,False,NONE,NORMAL,False,False
92.0,37.7988998056758,37.871860513226316,60.0,29.342484939903922,29.342484939903922,50.0,2.347398795192314,3.0770058706974512,False,False,False,False,False,False,False,False,NONE,NORMAL,False,False
93.0,37.727707365582475,37.7988998056758,60.0,29.526451148426055,29.526451148426055,50.0,2.3621160918740842,3.074040492807301,False,False,False,False,False,False,False,False,NONE,NORMAL,False,False
94.0,37.658264983648316,37.727707365582475,60.0,29.70900505169147,29.70900505169147,50.0,2.376720404135318,3.071144223476914,False,False,False,False,False,False,False,False,NONE,NORMAL,False,False
95.0,37.59055458086007,37.658264983648316,60.0,29.89015610870739,29.89015610870739,50.0,2.391212488696591,3.068316516579096,False,False,False,False,False,False,False,False,NONE,NORMAL,False,False
96.0,37.52455820830288,37.59055458086007,60.0,30.06991373859133,30.06991373859133,50.0,2.4055930990873065,3.0655568246592684,False,False,False,False,False,False,False,False,NONE,NORMAL,False,False
97.0,37.46025804695936,37.52455820830288,60.0,30.248287320107014,30.248287320107014,50.0,2.419862985608561,3.062864599043797,False,False,False,False,False,False,False,False,NONE,NORMAL,False,False
98.0,37.39763640749431,37.46025804695936,60.0,30.425286191215733,30.425286191215733,50.0,2.4340228952972587,3.060239289947739,False,False,False,False,False,False,False,False,NONE,NORMAL,False,False
99.0,37.33667573002526,37.39763640749431,60.0,30.600919648643313,30.600919648643313,50.0,2.448073571891465,3.05768034658196,False,False,False,False,False,False,False,False,NONE,NORMAL,False,False
100.0,37.27735858387901,37.33667573002526,60.0,30.775196947462234,30.775196947462234,50.0,2.462015755796979,3.0551872172595766,False,False,False,False,False,False,False,False,NONE,NORMAL,False,False
101.0,37.219667667334356,37.27735858387901,60.0,30.948127300689094,30.948127300689094,50.0,2.4758501840551275,3.0527593495016525,False,False,False,False,False,False,False,False,NONE,NORMAL,False,False
102.0,37.16358580735131,37.219667667334356,60.0,31.119719878897072,31.119719878897072,50.0,2.489577590311766,3.0503961901421244,False,False,False,False,False,False,False,False,NONE,NORMAL,False,False
103.0,37.10909595928687,37.16358580735131,60.0,31.289983809843363,31.289983809843363,50.0,2.503198704787469,3.048097185431893,False,False,False,False,False,False,False,False,NONE,NORMAL,False,False
104.0,37.05618120659756,37.10909595928687,60.0,31.45892817811137,31.45892817811137,50.0,2.51671425424891,3.045861781142033,False,False,False,False,False,False,False,False,NONE,NORMAL,False,False
105.0,37.00482476052908,37.05618120659756,60.0,31.626562024767694,31.626562024767694,50.0,2.5301249619814157,3.0436894226660822,False,False,False,False,False,False,False,False,NONE,NORMAL,False,False
106.0,36.955009959793216,37.00482476052908,60.0,31.792894347033524,31.792894347033524,50.0,2.543431547762682,3.041579555121363,False,False,False,False,False,False,False,False,NONE,NORMAL,False,False
107.0,36.90672027023204,36.955009959793216,60.0,31.957934097970423,31.957934097970423,50.0,2.556634727837634,3.0395316234492946,False,False,False,False,False,False,False,False,NONE,NORMAL,False,False
108.0,36.859939284470016,36.90672027023204,60.0,32.12169018618044,32.12169018618044,50.0,2.569735214894435,3.037545072514647,False,False,False,False,False,False,False,False,NONE,NORMAL,False,False
109.0,36.81465072155381,36.859939284470016,60.0,32.28417147552011,32.28417147552011,50.0,2.582733718041609,3.0356193472037143,False,False,False,False,False,False,False,False,NONE,NORMAL,False,False
110.0,36.7708384265803,36.81465072155381,60.0,32.44538678482855,32.44538678482855,50.0,2.595630942786284,3.0337538925213514,False,False,False,False,False,False,False,False,NONE,NORMAL,False,False
111.0,36.728486370312964,36.7708384265803,60.0,32.60534488766916,32.60534488766916,50.0,2.608427591013533,3.031948153686846,False,False,False,False,False,False,False,False,NONE,NORMAL,False,False
112.0,36.68757864878678,36.728486370312964,60.0,32.76405451208493,32.76405451208493,50.0,2.6211243609667947,3.030201576228592,False,False,False,False,False,False,False,False,NONE,NORMAL,False,False
113.0,36.64809948290197,36.68757864878678,60.0,32.92152434036718,32.92152434036718,50.0,2.633721947229374,3.0285136060775253,False,False,False,False,False,False,False,False,NONE,NORMAL,False,False
114.0,36.61003321800674,36.64809948290197,60.0,33.07776300883748,33.07776300883748,50.0,2.6462210407069984,3.026883689659299,False,False,False,False,False,False,False,False,NONE,NORMAL,False,False
115.0,36.57336432346936,36.61003321800674,60.0,33.23277910764268,33.23277910764268,50.0,2.6586223286114143,3.0253112739851558,False,False,False,False,False,False,False,False,NONE,NORMAL,False,False
116.0,36.53807739223972,36.57336432346936,60.0,33.38658118056271,33.38658118056271,50.0,2.6709264944450166,3.023795806741477,False,False,False,False,False,False,False,False,NONE,NORMAL,False,False
117.0,36.50415714040057,36.53807739223972,60.0,33.53917772483115,33.53917772483115,50.0,2.683134217986492,3.0223367363779854,False,False,False,False,False,False,False,False,NONE,NORMAL,False,False
118.0,36.47158840670886,36.50415714040057,60.0,33.6905771909683,33.6905771909683,50.0,2.6952461752774637,3.0209335121945573,False,False,False,False,False,False,False,False,NONE,NORMAL,False,False
119.0,36.44035615212721,36.47158840670886,60.0,33.840787982626466,33.840787982626466,50.0,2.707263038610117,3.019585584426647,False,False,False,False,False,False,False,False,NONE,NORMAL,False,False
120.0,36.410445459345866,36.44035615212721,60.0,33.98981845644748,33.98981845644748,50.0,2.7191854765157983,3.0182924043292756,False,False,False,False,False,False,False,False,NONE,NORMAL,False,False
121.0,36.38184153229536,36.410445459345866,60.0,34.1376769219321,34.1376769219321,50.0,2.731014153754568,3.0170534242595815,False,False,False,False,False,False,False,False,NONE,NORMAL,False,False
122.0,36.35452969565014,36.38184153229536,60.0,34.28437164132112,34.28437164132112,50.0,2.7427497313056897,3.015868097757898,False,False,False,False,False,False,False,False,NONE,NORMAL,False,False
123.0,36.32849539432331,36.35452969565014,60.0,34.429910829488094,34.429910829488094,50.0,2.7543928663590473,3.014735879627357,False,False,False,False,False,False,False,False,NONE,NORMAL,False,False
124.0,36.303724192952856,36.32849539432331,60.0,34.574302653843304,34.574302653843304,50.0,2.7659442123074642,3.0136562260119897,False,False,False,False,False,False,False,False,NONE,NORMAL,False,False
125.0,36.28020177537952,36.303724192952856,60.0,34.717555234249,34.717555234249,50.0,2.77740441873992,3.0126285944733073,False,False,False,False,False,False,False,False,NONE,NORMAL,False,False
126.0,36.257913944116545,36.28020177537952,60.0,34.85967664294544,34.85967664294544,50.0,2.788774131435635,3.011652444065364,False,False,False,False,False,False,False,False,NONE,NORMAL,False,False
127.0,36.23684661981162,36.257913944116545,60.0,35.00067490448782,35.00067490448782,50.0,2.8000539923590257,3.010727235408272,False,False,False,False,False,False,False,False,NONE,NORMAL,False,False
128.0,36.216985840701156,36.23684661981162,60.0,35.14055799569369,35.14055799569369,50.0,2.811244639655495,3.00985243076017,False,False,False,False,False,False,False,False,NONE,NORMAL,False,False
129.0,36.1983177620572,36.216985840701156,60.0,35.279333845600654,35.279333845600654,50.0,2.822346707648052,3.009027494087631,False,False,False,False,False,False,False,False,NONE,NORMAL,False,False
130.0,36.18082865562723,36.1983177620572,60.0,35.41701033543432,35.41701033543432,50.0,2.8333608268347454,3.008251891134501,False,False,False,False,False,False,False,False,NONE,NORMAL,False,False
131.0,36.164504909067006,36.18082865562723,60.0,35.55359529858616,35.55359529858616,50.0,2.844287623886893,3.0075250894891647,False,False,False,False,False,False,False,False,NONE,NORMAL,False,False
132.0,36.14933302536679,36.164504909067006,60.0,35.68909652060105,35.68909652060105,50.0,2.855127721648084,3.0068465586502335,False,False,False,False,False,False,False,False,NONE,NORMAL,False,False
133.0,36.13529962227113,36.14933302536679,60.0,35.823521739174424,35.823521739174424,50.0,2.865881739133954,3.006215770090646,False,False,False,False,False,False,False,False,NONE,NORMAL,False,False
134.0,36.12239143169238,36.13529962227113,60.0,35.956878644158735,35.956878644158735,50.0,2.876550291532699,3.005632197320188,False,False,False,False,False,False,False,False,NONE,NORMAL,False,False
135.0,36.110595299118366,36.12239143169238,60.0,36.08917487757902,36.08917487757902,50.0,2.8871339902063213,3.0050953159464164,False,False,False,False,False,False,False,False,NONE,NORMAL,False,False
136.0,36.099898183014226,36.110595299118366,60.0,36.22041803365744,36.22041803365744,50.0,2.897633442692595,3.0046046037340073,False,False,False,False,False,False,False,False,NONE,NORMAL,False,False
137.0,36.09028715421874,36.099898183014226,60.0,36.35061565884651,36.35061565884651,50.0,2.9080492527077206,3.0041595406625055,False,False,False,False,False,False,False,False,NONE,NORMAL,False,False
138.0,36.081749395335464,36.09028715421874,60.0,36.4797752518709,36.4797752518709,50.0,2.918382020149672,3.0037596089824974,False,False,False,False,False,False,False,False,NONE,NORMAL,False,False
139.0,36.07427220011866,36.081749395335464,60.0,36.6079042637775,36.6079042637775,50.0,2.9286323411021997,3.0034042932701994,False,False,False,False,False,False,False,False,NONE,NORMAL,False,False
140.0,36.06784297285457,36.07427220011866,60.0,36.73501009799371,36.73501009799371,50.0,2.9388008078394967,3.003093080480468,False,False,False,False,False,False,False,False,NONE,NORMAL,False,False
141.0,36.0624492277379,36.06784297285457,60.0,36.86110011039352,36.86110011039352,50.0,2.948888008831482,3.00282545999824,False,False,False,False,False,False,False,False,NONE,NORMAL,False,False
142.0,36.05807858824404,36.0624492277379,60.0,36.986181609371506,36.986181609371506,50.0,2.9588945287497204,3.0026009236884073,False,False,False,False,False,False,False,False,NONE,NORMAL,False,False
143.0,36.05471878649703,36.05807858824404,60.0,37.11026185592415,37.11026185592415,50.0,2.968820948473932,3.0024189659441287,False,False,False,False,False,False,False,False,NONE,NORMAL,False,False
144.0,36.052357662633575,36.05471878649703,60.0,37.233348063738674,37.233348063738674,50.0,2.978667845099094,3.002279083733599,False,False,False,False,False,False,False,False,NONE,NORMAL,False,False
145.0,36.05098316416336,36.052357662633575,60.0,37.355447399288956,37.355447399288956,50.0,2.9884357919431164,3.0021807766452695,False,False,False,False,False,False,False,False,NONE,NORMAL,False,False
146.0,36.05058334532571,36.05098316416336,60.0,37.476566981938355,37.476566981938355,50.0,2.9981253585550682,3.002123546931545,False,False,False,False,False,False,False,False,NONE,NORMAL,False,False
147.0,36.051146366443014,36.05058334532571,60.0,37.59671388404937,37.59671388404937,50.0,3.0077371107239497,3.002106899550952,False,False,False,False,False,False,False,False,NONE,NORMAL,False,False
148.0,36.05266049327093,36.051146366443014,60.0,37.715895131099856,37.715895131099856,50.0,3.0172716104879886,3.0021303422088046,False,False,False,False,False,False,False,False,NONE,NORMAL,False,False
149.0,36.05511409634573,36.05266049327093,60.0,37.83411770180559,37.83411770180559,50.0,3.026729416144447,3.0021933853963723,False,False,False,False,False,False,False,False,NONE,NORMAL,False,False
150.0,36.058495650328865,36.05511409634573,60.0,37.951388528249055,37.951388528249055,50.0,3.036111082259924,3.0022955424285653,False,False,False,False,False,False,False,False,NONE,NORMAL,False,False
151.0,36.06279373334896,36.058495650328865,60.0,38.067714496014275,38.067714496014275,50.0,3.045417159681142,3.0024363294801466,False,False,False,False,False,False,False,False,NONE,NORMAL,False,False
152.0,36.06799702634153,36.06279373334896,60.0,38.18310244432744,38.18310244432744,50.0,3.054648195546195,3.002615265620496,False,False,False,False,False,False,False,False,NONE,NORMAL,False,False
153.0,36.07409431238647,36.06799702634153,60.0,38.29755916620316,38.29755916620316,50.0,3.063804733296253,3.0028318728469268,False,False,False,False,False,False,False,False,NONE,NORMAL,False,False
154.0,36.08107447604358,36.07409431238647,60.0,38.41109140859629,38.41109140859629,50.0,3.0728873126877034,3.003085676116587,False,False,False,False,False,False,False,False,NONE,NORMAL,False,False
155.0,36.08892650268636,36.08107447604358,60.0,38.523705872558956,38.523705872558956,50.0,3.0818964698047164,3.003376203376942,False,False,False,False,False,False,False,False,NONE,NORMAL,False,False
156.0,36.0976394778341,36.08892650268636,60.0,38.635409213402745,38.635409213402745,50.0,3.0908327370722195,3.003702985594879,False,False,False,False,False,False,False,False,NONE,NORMAL,False,False
157.0,36.107202586482586,36.0976394778341,60.0,38.74620804086584,38.74620804086584,50.0,3.099696643269267,3.004065556784426,False,False,False,False,False,False,False,False,NONE,NORMAL,False,False
158.0,36.11760511243355,36.107202586482586,60.0,38.856108919284935,38.856108919284935,50.0,3.108488713542795,3.0044634540331234,False,False,False,False,False,False,False,False,NONE,NORMAL,False,False
159.0,36.12883643762302,36.11760511243355,60.0,38.96511836777181,38.96511836777181,50.0,3.1172094694217445,3.004896217527053,False,False,False,False,False,False,False,False,NONE,NORMAL,False,False
160.0,36.140886041448724,36.12883643762302,60.0,39.07324286039422,39.07324286039422,50.0,3.1258594288315376,3.0053633905745505,False,False,False,False,False,False,False,False,NONE,NORMAL,False,False
161.0,36.153743500096745,36.140886041448724,60.0,39.18048882636128,39.18048882636128,50.0,3.134439106108902,3.005864519628618,False,False,False,False,False,False,False,False,NONE,NORMAL,False,False
162.0,36.16739848586764,36.153743500096745,60.0,39.28686265021277,39.28686265021277,50.0,3.1429490120170214,3.006399154308055,False,False,False,False,False,False,False,False,NONE,NORMAL,False,False
163.0,36.18184076650201,36.16739848586764,60.0,39.39237067201253,39.39237067201253,50.0,3.1513896537610027,3.006966847417329,False,False,False,False,False,False,False,False,NONE,NORMAL,False,False
164.0,36.19706020450585,36.18184076650201,60.0,39.49701918754565,39.49701918754565,50.0,3.159761535003652,3.007567154965206,False,False,False,False,False,False,False,False,NONE,NORMAL,False,False
165.0,36.2130467564758,36.19706020450585,60.0,39.60081444851929,39.60081444851929,50.0,3.168065155881543,3.008199636182157,False,False,False,False,False,False,False,False,NONE,NORMAL,False,False
166.0,36.229790472424284,36.2130467564758,60.0,39.70376266276696,39.70376266276696,50.0,3.176301013021357,3.008863853536572,False,False,False,False,False,False,False,False,NONE,NORMAL,False,False
167.0,36.24728149510496,36.229790472424284,60.0,39.80586999445636,39.80586999445636,50.0,3.184469599556509,3.009559372749784,False,False,False,False,False,False,False,False,NONE,NORMAL,False,False
168.0,36.26551005933837,36.24728149510496,60.0,39.90714256430016,39.90714256430016,50.0,3.1925714051440126,3.010285762809943,False,False,False,False,False,False,False,False,NONE,NORMAL,False,False
169.0,36.28446649133805,36.26551005933837,60.0,40.00758644977006,40.00758644977006,50.0,3.200606915981605,3.0110425959847515,False,False,False,False,False,False,False,False,NONE,NORMAL,False,False
170.0,36.30414120803726,36.28446649133805,60.0,40.10720768531368,40.10720768531368,50.0,3.2085766148250947,3.0118294478330796,False,False,False,False,False,False,False,False,NONE,NORMAL,False,False
171.0,36.324524716416306,36.30414120803726,60.0,40.20601226257429,40.20601226257429,50.0,3.2164809810059434,3.0126458972154886,False,False,False,False,False,False,False,False,NONE,NORMAL,False,False
172.0,36.34560761283085,36.324524716416306,60.0,40.30400613061316,40.30400613061316,50.0,3.224320490449053,3.013491526303679,False,False,False,False,False,False,False,False,NONE,NORMAL,False,False
173.0,36.367380582341035,36.34560761283085,60.0,40.401195196134466,40.401195196134466,50.0,3.232095615690757,3.014365920588891,False,False,False,False,False,False,False,False,NONE,NORMAL,False,False
174.0,36.389834398041806,36.367380582341035,60.0,40.49758532371257,40.49758532371257,50.0,3.2398068258970056,3.0152686688892683,False,False,False,False,False,False,False,False,NONE,NORMAL,False,False
175.0,36.412959920394364,36.389834398041806,60.0,40.59318233602159,40.59318233602159,50.0,3.2474545868817275,3.0161993633562174,False,False,False,False,False,False,False,False,NONE,NORMAL,False,False
176.0,36.43674809655892,36.412959920394364,60.0,40.68799201406706,40.68799201406706,50.0,3.255039361125365,3.0171575994797806,False,False,False,False,False,False,False,False,NONE,NORMAL,False,False
177.0,36.461189959728976,36.43674809655892,60.0,40.782020097419704,40.782020097419704,50.0,3.262561607793576,3.0181429760930363,False,False,False,False,False,False,False,False,NONE,NORMAL,False,False
178.0,36.486276628467024,36.461189959728976,60.0,40.875272284451015,40.875272284451015,50.0,3.270021782756081,3.0191550953755666,False,False,False,False,False,False,False,False,NONE,NORMAL,False,False
179.0,36.511999306041986,36.486276628467024,60.0,40.96775423257063,40.96775423257063,50.0,3.27742033860565,3.0201935628559893,False,False,False,False,False,False,False,False,NONE,NORMAL,False,False
180.0,36.53834927976835,36.511999306041986,60.0,41.05947155846546,41.05947155846546,50.0,3.284757724677237,3.021257987413603,False,False,False,False,False,False,False,False,NONE,NORMAL,False,False
181.0,36.56531792034716,36.53834927976835,60.0,41.15042983834026,41.15042983834026,50.0,3.2920343870672206,3.0223479812791387,False,False,False,False,False,False,False,False,NONE,NORMAL,False,False
182.0,36.59289668120897,36.56531792034716,60.0,41.2406346081597,41.2406346081597,50.0,3.2992507686527763,3.023463160034663,False,False,False,False,False,False,False,False,NONE,NORMAL,False,False
183.0,36.62107709785884,36.59289668120897,60.0,41.33009136389185,41.33009136389185,50.0,3.306407309111348,3.024603142612637,False,False,False,False,False,False,False,False,NONE,NORMAL,False,False
184.0,36.64985078722345,36.62107709785884,60.0,41.41880556175269,41.41880556175269,50.0,3.3135044449402153,3.025767551294169,False,False,False,False,False,False,False,False,NONE,NORMAL,False,False
185.0,36.679209447000424,36.64985078722345,60.0,41.506782618451965,41.506782618451965,50.0,3.320542609476157,3.026956011706457,False,False,False,False,False,False,False,False,NONE,NORMAL,False,False
186.0,36.70914485501,36.679209447000424,60.0,41.59402791143998,41.59402791143998,50.0,3.3275222329151983,3.0281681528194744,False,False,False,False,False,False,False,False,NONE,NORMAL,False,False
187.0,36.739648868549054,36.70914485501,60.0,41.68054677915535,41.68054677915535,50.0,3.334443742332428,3.0294036069418846,False,False,False,False,False,False,False,False,NONE,NORMAL,False,False
188.0,36.77071342374762,36.739648868549054,60.0,41.76634452127355,41.76634452127355,50.0,3.341307561701884,3.030662009716237,False,False,False,False,False,False,False,False,NONE,NORMAL,False,False
189.0,36.80233053492793,36.77071342374762,60.0,41.85142639895625,41.85142639895625,50.0,3.3481141119165,3.0319430001134435,False,False,False,False,False,False,False,False,NONE,NORMAL,False,False
190.0,36.834492293966086,36.80233053492793,60.0,41.9357976351013,41.9357976351013,50.0,3.354863810808104,3.0332462204265553,False,False,False,False,False,False,False,False,NONE,NORMAL,False,False
191.0,36.86719086965644,36.834492293966086,60.0,42.01946341459332,42.01946341459332,50.0,3.3615570731674653,3.0345713162638837,False,False,False,False,False,False,False,False,NONE,NORMAL,False,False
192.0,36.90041850707873,36.86719086965644,60.0,42.10242888455468,42.10242888455468,50.0,3.3681943107643746,3.0359179365414524,False,False,False,False,False,False,False,False,NONE,NORMAL,False,False
193.0,36.93416752696803,36.90041850707873,60.0,42.184699154597,42.184699154597,50.0,3.37477593236776,3.037285733474821,False,False,False,False,False,False,False,False,NONE,NORMAL,False,False
194.0,36.96843032508759,36.93416752696803,60.0,42.266279297072856,42.266279297072856,50.0,3.3813023437658285,3.0386743625702985,False,False,False,False,False,False,False,False,NONE,NORMAL,False,False
195.0,37.00319937160466,36.96843032508759,60.0,42.347174347327865,42.347174347327865,50.0,3.387773947786229,3.040083482615551,False,False,False,False,False,False,False,False,NONE,NORMAL,False,False
196.0,37.038467210469314,37.00319937160466,60.0,42.427389303952765,42.427389303952765,50.0,3.3941911443162214,3.041512755669646,False,False,False,False,False,False,False,False,NONE,NORMAL,False,False
197.0,37.074226458796346,37.038467210469314,60.0,42.50692912903577,42.50692912903577,50.0,3.4005543303228616,3.0429618470525273,False,False,False,False,False,False,False,False,NONE,NORMAL,False,False
198.0,37.110469806250265,37.074226458796346,60.0,42.58579874841475,42.58579874841475,50.0,3.4068638998731804,3.044430425333955,False,False,False,False,False,False,False,False,NONE,NORMAL,False,False
199.0,37.147190014433505,37.110469806250265,60.0,42.66400305192958,42.66400305192958,50.0,3.4131202441543667,3.045918162321924,False,False,False,False,False,False,False,False,NONE,NORMAL,False,False
200.0,37.18437991627784,37.147190014433505,60.0,42.741546893674176,42.741546893674176,50.0,3.419323751493934,3.0474247330505766,False,False,False,False,False,False,False,False,NONE,NORMAL,False,False
201.0,37.22203241543907,37.18437991627784,60.0,42.81843509224845,42.81843509224845,50.0,3.425474807379876,3.0489498157676294,False,False,False,False,False,False,False,False,NONE,NORMAL,False,False
202.0,37.26014048569502,37.22203241543907,60.0,42.89467243101003,42.89467243101003,50.0,3.4315737944808022,3.050493091921332,False,False,False,False,False,False,False,False,NONE,NORMAL,False,False
203.0,37.29869717034692,37.26014048569502,60.0,42.97026365832561,42.97026365832561,50.0,3.4376210926660486,3.052054246146971,False,False,False,False,False,False,False,False,NONE,NORMAL,False,False
204.0,37.3376955816242,37.29869717034692,60.0,43.04521348782197,43.04521348782197,50.0,3.4436170790257576,3.05363296625294,False,False,False,False,False,False,False,False,NONE,NORMAL,False,False
205.0,37.37712890009266,37.3376955816242,60.0,43.11952659863656,43.11952659863656,50.0,3.4495621278909248,3.0552289432063926,False,False,False,False,False,False,False,False,NONE,NORMAL,False,False
206.0,37.41699037406615,37.37712890009266,60.0,43.19320763566765,43.19320763566765,50.0,3.4554566108534117,3.0568418711184857,False,False,False,False,False,False,False,False,NONE,NORMAL,False,False
207.0,37.45727331902182,37.41699037406615,60.0,43.266261209823824,43.266261209823824,50.0,3.461300896785906,3.0584714472292425,False,False,False,False,False,False,False,False,NONE,NORMAL,False,False
208.0,37.4979711170188,37.45727331902182,60.0,43.33869189827304,43.33869189827304,50.0,3.4670953518618433,3.0601173718920416,False,False,False,False,False,False,False,False,NONE,NORMAL,False,False
209.0,37.53907721612055,37.4979711170188,60.0,43.41050424469097,43.41050424469097,50.0,3.4728403395752774,3.0617793485577467,False,False,False,False,False,False,False,False,NONE,NORMAL,False,False
210.0,37.58058512982077,37.53907721612055,60.0,43.481702759508615,43.481702759508615,50.0,3.4785362207606894,3.0634570837585007,False,False,False,False,False,False,False,False,NONE,NORMAL,False,False
211.0,37.62248843647292,37.58058512982077,60.0,43.55229192015929,43.55229192015929,50.0,3.4841833536127433,3.0651502870911878,False,False,False,False,False,False,False,False,NONE,NORMAL,False,False
212.0,37.66478077872346,37.62248843647292,60.0,43.62227617132478,43.62227617132478,50.0,3.489782093705982,3.066858671200587,False,False,False,False,False,False,False,False,NONE,NORMAL,False,False
213.0,37.707455862948684,37.66478077872346,60.0,43.691659925180616,43.691659925180616,50.0,3.495332794014449,3.0685819517622246,False,False,False,False,False,False,False,False,NONE,NORMAL,False,False
214.0,37.75050745869532,37.707455862948684,60.0,43.76044756164066,43.76044756164066,50.0,3.5008358049312527,3.0703198474649462,False,False,False,False,False,False,False,False,NONE,NORMAL,False,False
215.0,37.793929398124796,37.75050745869532,60.0,43.82864342860054,43.82864342860054,50.0,3.5062914742880436,3.0720720799932133,False,False,False,False,False,False,False,False,NONE,NORMAL,False,False
216.0,37.83771557546133,37.793929398124796,60.0,43.89625184218045,43.89625184218045,50.0,3.5117001473744356,3.0738383740091475,False,False,False,False,False,False,False,False,NONE,NORMAL,False,False
217.0,37.88185994644363,37.83771557546133,60.0,43.9632770869666,43.9632770869666,50.0,3.517062166957328,3.0756184571343264,False,False,False,False,False,False,False,False,NONE,NORMAL,False,False
218.0,37.92635652778051,37.88185994644363,60.0,44.02972341625208,44.02972341625208,50.0,3.5223778733001665,3.0774120599313495,False,False,False,False,False,False,False,False,NONE,NORMAL,False,False
219.0,37.9711993966102,37.92635652778051,60.0,44.095595052276295,44.095595052276295,50.0,3.5276476041821034,3.079218915885184,False,False,False,False,False,False,False,False,NONE,NORMAL,False,False
220.0,38.01638268996348,37.9711993966102,60.0,44.16089618646356,44.16089618646356,50.0,3.532871694917085,3.0810387613843075,False,False,False,False,False,False,False,False,NONE,NORMAL,False,False
221.0,38.061900604230594,38.01638268996348,60.0,44.225630979660465,44.225630979660465,50.0,3.538050478372837,3.082871335701649,False,False,False,False,False,False,False,False,NONE,NORMAL,False,False
222.0,38.10774739463203,38.061900604230594,60.0,44.2898035623722,44.2898035623722,50.0,3.543184284989776,3.084716380975348,False,False,False,False,False,False,False,False,NONE,NORMAL,False,False
223.0,38.15391737469307,38.10774739463203,60.0,44.3534180349976,44.3534180349976,50.0,3.5482734427998084,3.0865736421893466,False,False,False,False,False,False,False,False,NONE,NORMAL,False,False
224.0,38.2004049157222,38.15391737469307,60.0,44.41647846806309,44.41647846806309,50.0,3.5533182774450474,3.0884428671538133,False,False,False,False,False,False,False,False,NONE,NORMAL,False,False
225.0,38.2472044462933,38.2004049157222,60.0,44.478988902455356,44.478988902455356,50.0,3.5583191121964286,3.0903238064854226,False,False,False,False,False,False,False,False,NONE,NORMAL,False,False
226.0,38.29431045173178,38.2472044462933,60.0,44.54095334965279,44.54095334965279,50.0,3.563276267972223,3.092216213587485,False,False,False,False,False,False,False,False,NONE,NORMAL,False,False
227.0,38.34171747360443,38.29431045173178,60.0,44.60237579195565,44.60237579195565,50.0,3.568190063356452,3.094119844629963,False,False,False,False,False,False,False,False,NONE,NORMAL,False,False
228.0,38.38942010921322,38.34171747360443,60.0,44.66326018271498,44.66326018271498,50.0,3.5730608146171985,3.096034458529347,False,False,False,False,False,False,False,False,NONE,NORMAL,False,False
229.0,38.43741301109286,38.38942010921322,60.0,44.72361044656013,44.72361044656013,50.0,3.5778888357248104,3.0979598169284417,False,False,False,False,False,False,False,False,NONE,NORMAL,False,False
230.0,38.48569088651226,38.43741301109286,60.0,44.783430479625025,44.783430479625025,50.0,3.582674438370002,3.099895684176036,False,False,False,False,False,False,False,False,NONE,NORMAL,False,False
231.0,38.53424849697979,38.48569088651226,60.0,44.84272414977306,44.84272414977306,50.0,3.587417931981845,3.1018418273064903,False,False,False,False,False,False,False,False,NONE,NORMAL,False,False
232.0,38.58308065775243,38.53424849697979,60.0,44.90149529682063,44.90149529682063,50.0,3.59211962374565,3.1037980160192364,False,False,False,False,False,False,False,False,NONE,NORMAL,False,False
233.0,38.63218223734869,38.58308065775243,60.0,44.959747732759226,44.959747732759226,50.0,3.596779818620738,3.10576402265821,False,False,False,False,False,False,False,False,NONE,NORMAL,False,False
234.0,38.68154815706537,38.63218223734869,60.0,45.01748524197623,45.01748524197623,50.0,3.6013988193580984,3.107739622191211,False,False,False,False,False,False,False,False,NONE,NORMAL,False,False
235.0,38.73117339049825,38.68154815706537,60.0,45.07471158147422,45.07471158147422,50.0,3.6059769265179376,3.109724592189209,False,False,False,False,False,False,False,False,NONE,NORMAL,False,False
236.0,38.7810529630664,38.73117339049825,60.0,45.13143048108885,45.13143048108885,50.0,3.6105144384871077,3.1117187128056036,False,False,False,False,False,False,False,False,NONE,NORMAL,False,False
237.0,38.8311819515405,38.7810529630664,60.0,45.187645643705366,45.187645643705366,50.0,3.6150116514964292,3.113721766755437,False,False,False,False,False,False,False,False,NONE,NORMAL,False,False
238.0,38.88155548357483,38.8311819515405,60.0,45.24336074547357,45.24336074547357,50.0,3.6194688596378852,3.115733539294579,False,False,False,False,False,False,False,False,NONE,NORMAL,False,False
239.0,38.93216873724312,38.88155548357483,60.0,45.29857943602137,45.29857943602137,50.0,3.6238863548817095,3.1177538181988824,False,False,False,False,False,False,False,False,NONE,NORMAL,False,False
240.0,38.983016940578125,38.93216873724312,60.0,45.35330533866686,45.35330533866686,50.0,3.6282644270933484,3.119782393743317,False,False,False,False,False,False,False,False,NONE,NORMAL,False,False
241.0,39.03409537111504,38.983016940578125,60.0,45.40754205062896,45.40754205062896,50.0,3.632603364050317,3.121819058681097,False,False,False,False,False,False,False,False,NONE,NORMAL,False,False
242.0,39.08539935543865,39.03409537111504,60.0,45.461293143236475,45.461293143236475,50.0,3.636903451458918,3.1238636082227984,False,False,False,False,False,False,False,False,NONE,NORMAL,False,False
243.0,39.13692426873419,39.08539935543865,60.0,45.514562162135675,45.514562162135675,50.0,3.641164972970854,3.1259158400154767,False,False,False,False,False,False,False,False,NONE,NORMAL,False,False
244.0,39.18866553434198,39.13692426873419,60.0,45.56735262749646,45.56735262749646,50.0,3.645388210199717,3.127975554121795,False,False,False,False,False,False,False,False,NONE,NORMAL,False,False
245.0,39.24061862331579,39.18866553434198,60.0,45.619668034216964,45.619668034216964,50.0,3.649573442737357,3.1300425529991593,False,False,False,False,False,False,False,False,NONE,NORMAL,False,False
246.0,39.292779053984916,39.24061862331579,60.0,45.67151185212657,45.67151185212657,50.0,3.653720948170126,3.1321166414788815,False,False,False,False,False,False,False,False,NONE,NORMAL,False,False
247.0,39.345142391519886,39.292779053984916,60.0,45.72288752618752,45.72288752618752,50.0,3.657831002095002,3.134197626745357,False,False,False,False,False,False,False,False,NONE,NORMAL,False,False
248.0,39.39770424750191,39.345142391519886,60.0,45.77379847669495,45.77379847669495,50.0,3.661903878135596,3.1362853183152795,False,False,False,False,False,False,False,False,NONE,NORMAL,False,False
249.0,39.45046027949603,39.39770424750191,60.0,45.82424809947541,45.82424809947541,50.0,3.665939847958033,3.1383795280168836,False,False,False,False,False,False,False,False,NONE,NORMAL,False,False
250.0,39.50340619062778,39.45046027949603,60.0,45.87423976608382,45.87423976608382,50.0,3.6699391812867055,3.140480069969241,False,False,False,False,False,False,False,False,NONE,NORMAL,False,False
251.0,39.55653772916361,39.50340619062778,60.0,45.92377682399893,45.92377682399893,50.0,3.6739021459199144,3.142586760561583,False,False,False,False,False,False,False,False,NONE,NORMAL,False,False
252.0,39.60985068809488,39.55653772916361,60.0,45.97286259681728,45.97286259681728,50.0,3.677829007745382,3.1446994184326904,False,False,False,False,False,False,False,False,NONE,NORMAL,False,False
253.0,39.66334090472541,39.60985068809488,60.0,46.02150038444553,46.02150038444553,50.0,3.6817200307556424,3.1468178644503277,False,False,False,False,False,False,False,False,NONE,NORMAL,False,False
254.0,39.71700426026267,39.66334090472541,60.0,46.06969346329138,46.06969346329138,50.0,3.6855754770633102,3.1489419216907373,False,False,False,False,False,False,False,False,NONE,NORMAL,False,False
255.0,39.770836679412476,39.71700426026267,60.0,46.117445086452804,46.117445086452804,50.0,3.689395606916224,3.151071415418201,False,False,False,False,False,False,False,False,NONE,NORMAL,False,False
256.0,39.824834129977255,39.770836679412476,60.0,46.16475848390594,46.16475848390594,50.0,3.6931806787124755,3.1532061730646666,False,False,False,False,False,False,False,False,NONE,NORMAL,False,False
257.0,39.878992622457844,39.824834129977255,60.0,46.21163686269128,46.21163686269128,50.0,3.6969309490153024,3.1553460242094387,False,False,False,False,False,False,False,False,NONE,NORMAL,False,False
258.0,39.93330820965873,39.878992622457844,60.0,46.2580834070984,46.2580834070984,50.0,3.700646672567872,3.1574908005589597,False,False,False,False,False,False,False,False,NONE,NORMAL,False,False
259.0,39.98777698629686,39.93330820965873,60.0,46.30410127884921,46.30410127884921,50.0,3.7043281023079366,3.159640335926652,False,False,False,False,False,False,False,False,NONE,NORMAL,False,False
260.0,40.04239508861381,39.98777698629686,60.0,46.3496936172796,46.3496936172796,50.0,3.7079754893823678,3.1617944662128523,False,False,False,False,False,False,False,False,NONE,NORMAL,False,False
261.0,40.09715869399149,40.04239508861381,60.0,46.394863539519584,46.394863539519584,50.0,3.7115890831615665,3.1639530293848317,False,False,False,False,False,False,False,False,NONE,NORMAL,False,False
262.0,40.152064020571174,40.09715869399149,60.0,46.43961414067195,46.43961414067195,50.0,3.715169131253756,3.166115865456896,False,False,False,False,False,False,False,False,NONE,NORMAL,False,False
263.0,40.20710732687603,40.152064020571174,60.0,46.4839484939894,46.4839484939894,50.0,3.718715879519152,3.1682828164705867,False,False,False,False,False,False,False,False,NONE,NORMAL,False,False
264.0,40.262284911436936,40.20710732687603,60.0,46.52786965105017,46.52786965105017,50.0,3.7222295720840135,3.170453726474967,False,False,False,False,False,False,False,False,NONE,NORMAL,False,False
265.0,40.3175931124217,40.262284911436936,60.0,46.57138064193208,46.57138064193208,50.0,3.7257104513545665,3.1726284415070154,False,False,False,False,False,False,False,False,NONE,NORMAL,False,False
266.0,40.37302830726757,40.3175931124217,60.0,46.61448447538521,46.61448447538521,50.0,3.7291587580308168,3.174806809572108,False,False,False,False,False,False,False,False,NONE,NORMAL,False,False
267.0,40.42858691231713,40.37302830726757,60.0,46.65718413900301,46.65718413900301,50.0,3.7325747311202404,3.176988680624609,False,False,False,False,False,False,False,False,NONE,NORMAL,False,False
268.0,40.4842653824574,40.42858691231713,60.0,46.69948259939186,46.69948259939186,50.0,3.7359586079513485,3.1791739065485682,False,False,False,False,False,False,False,False,NONE,NORMAL,False,False
269.0,40.54006021076227,40.4842653824574,60.0,46.7413828023393,46.7413828023393,50.0,3.7393106241871443,3.181362341138518,False,False,False,False,False,False,False,False,NONE,NORMAL,False,False
270.0,40.59596792813808,40.54006021076227,60.0,46.78288767298062,46.78288767298062,50.0,3.7426310138384498,3.1835538400803856,False,False,False,False,False,False,False,False,NONE,NORMAL,False,False
271.0,40.651985102972546,40.59596792813808,60.0,46.824000115964125,46.824000115964125,50.0,3.74592000927713,3.1857482609325114,False,False,False,False,False,False,False,False,NONE,NORMAL,False,False
272.0,40.70810834078679,40.651985102972546,60.0,46.86472301561479,46.86472301561479,50.0,3.7491778412491836,3.1879454631067854,False,False,False,False,False,False,False,False,NONE,NORMAL,False,False
273.0,40.76433428389056,40.70810834078679,60.0,46.90505923609662,46.90505923609662,50.0,3.7524047388877295,3.1901453078498943,False,False,False,False,False,False,False,False,NONE,NORMAL,False,False
274.0,40.820659611040675,40.76433428389056,60.0,46.945011621573386,46.945011621573386,50.0,3.755600929725871,3.192347658224687,False,False,False,False,False,False,False,False,NONE,NORMAL,False,False
275.0,40.87708103710245,40.820659611040675,60.0,46.984582996368076,46.984582996368076,50.0,3.758766639709446,3.1945523790916575,False,False,False,False,False,False,False,False,NONE,NORMAL,False,False
276.0,40.93359531271435,40.87708103710245,60.0,47.02377616512079,47.02377616512079,50.0,3.7619020932096636,3.1967593370905503,False,False,False,False,False,False,False,False,NONE,NORMAL,False,False
277.0,40.990199223955706,40.93359531271435,60.0,47.06259391294531,47.06259391294531,50.0,3.765007513035625,3.1989684006220798,False,False,False,False,False,False,False,False,NONE,NORMAL,False,False
278.0,41.04688959201741,40.990199223955706,60.0,47.101039005584184,47.101039005584184,50.0,3.7680831204467347,3.201179439829783,False,False,False,False,False,False,False,False,NONE,NORMAL,False,False
279.0,41.103663272875714,41.04688959201741,60.0,47.13911418956239,47.13911418956239,50.0,3.7711291351649914,3.2033923265819864,False,False,False,False,False,False,False,False,NONE,NORMAL,False,False
280.0,41.16051715696904,41.103663272875714,60.0,47.176822192339706,47.176822192339706,50.0,3.7741457753871765,3.2056069344538995,False,False,False,False,False,False,False,False,NONE,NORMAL,False,False
281.0,41.21744816887775,41.16051715696904,60.0,47.21416572246153,47.21416572246153,50.0,3.7771332577969225,3.2078231387098417,False,False,False,False,False,False,False,False,NONE,NORMAL,False,False
282.0,41.27445326700686,41.21744816887775,60.0,47.25114746970843,47.25114746970843,50.0,3.780091797576674,3.210040816285587,False,False,False,False,False,False,False,False,NONE,NORMAL,False,False
283.0,41.33152944327174,41.27445326700686,60.0,47.28777010524429,47.28777010524429,50.0,3.7830216084195434,3.2122598457708422,False,False,False,False,False,False,False,False,NONE,NORMAL,False,False
284.0,41.38867372278666,41.33152944327174,60.0,47.32403628176306,47.32403628176306,50.0,3.7859229025410444,3.2144801073918527,False,False,False,False,False,False,False,False,NONE,NORMAL,False,False
285.0,41.445883163556324,41.38867372278666,60.0,47.3599486336342,47.3599486336342,50.0,3.7887958906907357,3.216701482994135,False,False,False,False,False,False,False,False,NONE,NORMAL,False,False
286.0,41.50315485617016,41.445883163556324,60.0,47.395509777046755,47.395509777046755,50.0,3.7916407821637406,3.218923856025346,False,False,False,False,False,False,False,False,NONE,NORMAL,False,False
287.0,41.56048592349955,41.50315485617016,60.0,47.43072231015206,47.43072231015206,50.0,3.794457784812165,3.221147111518277,False,False,False,False,False,False,False,False,NONE,NORMAL,False,False
288.0,41.61787352039779,41.56048592349955,60.0,47.46558881320518,47.46558881320518,50.0,3.7972471050564143,3.2233711360739843,False,False,False,False,False,False,False,False,NONE,NORMAL,False,False
289.0,41.67531483340292,41.61787352039779,60.0,47.500111848704954,47.500111848704954,50.0,3.800008947896396,3.2255958178450452,False,False,False,False,False,False,False,False,NONE,NORMAL,False,False
290.0,41.732807080443294,41.67531483340292,60.0,47.5342939615328,47.5342939615328,50.0,3.8027435169226242,3.2278210465189563,False,False,False,False,False,False,False,False,NONE,NORMAL,False,False
291.0,41.79034751054585,41.732807080443294,60.0,47.56813767909021,47.56813767909021,50.0,3.805451014327217,3.2300467133016553,False,False,False,False,False,False,False,False,NONE,NORMAL,False,False
292.0,41.84793340354721,41.79034751054585,60.0,47.60164551143493,47.60164551143493,50.0,3.8081316409147945,3.23227271090118,False,False,False,False,False,False,False,False,NONE,NORMAL,False,False
293.0,41.90556206980738,41.84793340354721,60.0,47.634819951415835,47.634819951415835,50.0,3.810785596113267,3.234498933511465,False,False,False,False,False,False,False,False,NONE,NORMAL,False,False
294.0,41.963230849926205,41.90556206980738,60.0,47.66766347480663,47.66766347480663,50.0,3.8134130779845306,3.236725276796263,False,False,False,False,False,False,False,False,NONE,NORMAL,False,False
295.0,42.02093711446239,41.963230849926205,60.0,47.70017854043817,47.70017854043817,50.0,3.816014283235054,3.2389516378732104,False,False,False,False,False,False,False,False,NONE,NORMAL,False,False
296.0,42.07867826365523,42.02093711446239,60.0,47.73236759032967,47.73236759032967,50.0,3.8185894072263737,3.241177915298017,False,False,False,False,False,False,False,False,NONE,NORMAL,False,False
297.0,42.1364517271489,42.07867826365523,60.0,47.764233049818564,47.764233049818564,50.0,3.8211386439854853,3.2434040090487963,False,False,False,False,False,False,False,False,NONE,NORMAL,False,False
298.0,42.19425496371937,42.1364517271489,60.0,47.79577732768915,47.79577732768915,50.0,3.8236621862151323,3.2456298205105316,False,False,False,False,False,False,False,False,NONE,NORMAL,False,False
299.0,42.2520854610038,42.19425496371937,60.0,47.82700281630008,47.82700281630008,50.0,3.8261602253040063,3.247855252459666,False,False,False,False,False,False,False,False,NONE,NORMAL,False,False
300.0,41.92707744009891,42.2520854610038,60.0,47.85791189171063,0.0,50.0,0.0,3.25008020904884,True,False,False,False,False,False,False,False,NONE,PUMP FAULT,False,False
301.0,41.60332183227065,41.92707744009891,60.0,48.27328452541502,0.0,50.0,0.0,3.2375560782826183,True,False,False,False,False,False,False,False,NONE,PUMP FAULT,False,False
302.0,41.28081864688999,41.60332183227065,60.0,48.68902352408193,0.0,50.0,0.0,3.2250318538066662,True,False,False,False,False,False,False,False,NONE,PUMP FAULT,False,False
303.0,40.95956789340103,41.28081864688999,60.0,49.105122616228144,0.0,50.0,0.0,3.2125075348896064,True,False,False,False,False,False,False,False,NONE,PUMP FAULT,False,False
304.0,40.63956958132188,40.95956789340103,60.0,49.5215755302501,0.0,50.0,0.0,3.199983120791461,True,False,False,False,False,False,False,False,NONE,PUMP FAULT,False,False
305.0,40.32082372024553,40.63956958132188,60.0,49.938375994422636,0.0,50.0,0.0,3.187458610763514,True,False,False,False,False,False,False,False,NONE,PUMP FAULT,False,False
306.0,40.003330319840714,40.32082372024553,60.0,50.35551773689777,0.0,50.0,0.0,3.174934004048176,True,False,False,False,False,False,False,False,NONE,PUMP FAULT,False,False
307.0,39.68708938985283,40.003330319840714,60.0,50.77299448570337,0.0,50.0,0.0,3.1624092998788407,True,False,False,False,False,False,False,False,NONE,PUMP FAULT,False,False
308.0,39.37210094010486,39.68708938985283,60.0,51.19079996874199,0.0,50.0,0.0,3.1498844974797424,True,False,False,False,False,False,False,False,NONE,PUMP FAULT,False,False
309.0,39.058364980498276,39.37210094010486,60.0,51.60892791378944,0.0,50.0,0.0,3.137359596065809,True,False,False,False,False,False,False,False,NONE,PUMP FAULT,False,False
310.0,38.74588152101403,39.058364980498276,60.0,52.02737204849353,0.0,50.0,0.0,3.124834594842513,True,False,False,False,False,False,False,False,NONE,PUMP FAULT,False,False
311.0,38.434650571713455,38.74588152101403,60.0,52.44612610037271,0.0,50.0,0.0,3.112309493005718,True,False,False,False,False,False,False,False,NONE,PUMP FAULT,False,False
312.0,38.1246721427393,38.434650571713455,60.0,52.86518379681472,0.0,50.0,0.0,3.0997842897415238,True,False,False,False,False,False,False,False,NONE,PUMP FAULT,False,False
313.0,37.81594624431669,38.1246721427393,60.0,53.28453886507517,0.0,50.0,0.0,3.087258984226109,True,False,False,False,False,False,False,False,NONE,PUMP FAULT,False,False
314.0,37.50847288675414,37.81594624431669,60.0,53.7041850322762,0.0,50.0,0.0,3.074733575625565,True,False,False,False,False,False,False,False,NONE,PUMP FAULT,False,False
315.0,37.202252080444566,37.50847288675414,60.0,54.12411602540497,0.0,50.0,0.0,3.0622080630957353,True,False,False,False,False,False,False,False,NONE,PUMP FAULT,False,False
316.0,36.89728383586636,37.202252080444566,60.0,54.54432557131233,0.0,50.0,0.0,3.0496824457820426,True,False,False,False,False,False,False,False,NONE,PUMP FAULT,False,False
317.0,36.59356816358443,36.89728383586636,60.0,54.964807396711194,0.0,50.0,0.0,3.0371567228193195,True,False,False,False,False,False,False,False,NONE,PUMP FAULT,False,False
318.0,36.29110507425127,36.59356816358443,60.0,55.38555522817521,0.0,50.0,0.0,3.0246308933316324,True,False,False,False,False,False,False,False,NONE,PUMP FAULT,False,False
319.0,35.98989457860806,36.29110507425127,60.0,55.80656279213711,0.0,50.0,0.0,3.0121049564320987,True,False,False,False,False,False,False,False,NONE,PUMP FAULT,False,False
320.0,35.68993668748578,35.98989457860806,60.0,56.22782381488728,0.0,50.0,0.0,2.9995789112227094,True,False,False,False,False,False,False,False,NONE,PUMP FAULT,False,False
321.0,35.39123141180637,35.68993668748578,60.0,56.649332022572125,0.0,50.0,0.0,2.9870527567941356,True,False,False,False,False,False,False,False,NONE,PUMP FAULT,False,False
322.0,35.09377876258382,35.39123141180637,60.0,57.07108114119251,0.0,50.0,0.0,2.974526492225543,True,False,False,False,False,False,False,False,NONE,PUMP FAULT,False,False
323.0,34.797578750925375,35.09377876258382,60.0,57.49306489660214,0.0,50.0,0.0,2.9620001165843926,True,False,False,False,False,False,False,False,NONE,PUMP FAULT,False,False
324.0,34.50263138803275,34.797578750925375,60.0,57.91527701450596,0.0,50.0,0.0,2.9494736289262438,True,False,False,True,False,False,False,False,NONE,PUMP FAULT,False,False
325.0,34.2089366852033,34.50263138803275,60.0,58.33771122045842,0.0,50.0,0.0,2.9369470282945502,True,False,False,True,False,False,False,False,NONE,PUMP FAULT,False,False
326.0,33.91649465383125,34.2089366852033,60.0,58.76036123986186,0.0,50.0,0.0,2.924420313720452,True,False,False,True,False,False,False,False,NONE,PUMP FAULT,False,False
327.0,33.62530530540899,33.91649465383125,60.0,59.183220797964744,0.0,50.0,0.0,2.9118934842225626,True,False,False,True,False,False,False,False,NONE,PUMP FAULT,False,False
328.0,33.33536865152831,33.62530530540899,60.0,59.60628361985996,0.0,50.0,0.0,2.8993665388067527,True,False,False,True,False,False,False,False,NONE,PUMP FAULT,False,False
329.0,33.046684703881716,33.33536865152831,60.0,60.029543430482995,0.0,50.0,0.0,2.886839476465929,True,False,False,True,False,False,False,False,NONE,PUMP FAULT,False,False
330.0,32.75925347426373,33.046684703881716,60.0,60.452993954610186,0.0,50.0,0.0,2.874312296179806,True,False,False,True,False,False,False,False,NONE,PUMP FAULT,False,False
331.0,32.47307497457226,32.75925347426373,60.0,60.87662891685686,0.0,50.0,0.0,2.861784996914676,True,False,False,True,False,False,False,False,NONE,PUMP FAULT,False,False
332.0,32.18814921680994,32.47307497457226,60.0,61.30044204167546,0.0,50.0,0.0,2.849257577623172,True,False,False,True,False,False,False,False,NONE,PUMP FAULT,False,False
333.0,31.904476213085537,32.18814921680994,60.0,61.724427053353736,0.0,50.0,0.0,2.8367300372440245,True,False,False,True,False,False,False,False,NONE,PUMP FAULT,False,False
334.0,31.622055975615353,31.904476213085537,60.0,62.148577676012714,0.0,50.0,0.0,2.8242023747018177,True,False,False,True,False,False,False,False,NONE,PUMP FAULT,False,False
335.0,31.34088851672468,31.622055975615353,60.0,62.57288763360482,0.0,50.0,0.0,2.811674588906732,True,False,False,True,False,False,False,False,NONE,PUMP FAULT,False,False
336.0,31.060973848849244,31.34088851672468,60.0,62.997350649911866,0.0,50.0,0.0,2.7991466787542896,True,False,False,True,False,False,False,False,NONE,PUMP FAULT,False,False
337.0,30.78231198453673,31.060973848849244,60.0,63.42196044854306,0.0,50.0,0.0,2.786618643125089,True,False,False,True,False,False,False,False,NONE,PUMP FAULT,False,False
338.0,30.504902936448275,30.78231198453673,60.0,63.84671075293289,0.0,50.0,0.0,2.7740904808845332,True,False,False,True,False,False,False,False,NONE,PUMP FAULT,False,False
339.0,30.228746717360018,30.504902936448275,60.0,64.2715952863391,0.0,50.0,0.0,2.7615621908825574,True,False,False,True,False,False,False,False,NONE,PUMP FAULT,False,False
340.0,29.953843340164678,30.228746717360018,60.0,64.69660777184056,0.0,50.0,0.0,2.7490337719533393,True,False,False,True,False,False,False,False,NONE,PUMP FAULT,False,False
341.0,29.680192817873174,29.953843340164678,60.0,65.12174193233507,0.0,50.0,0.0,2.7365052229150173,True,False,False,True,False,False,False,False,NONE,PUMP FAULT,False,False
342.0,29.40779516361623,29.680192817873174,60.0,65.54699149053721,0.0,50.0,0.0,2.723976542569391,True,False,False,True,False,False,False,False,NONE,PUMP FAULT,False,False
343.0,29.136650390646068,29.40779516361623,60.0,65.97235016897608,0.0,50.0,0.0,2.7114477297016175,True,False,False,True,False,False,False,False,NONE,PUMP FAULT,False,False
344.0,28.86675851233807,29.136650390646068,60.0,66.397811689993,0.0,50.0,0.0,2.6989187830799057,True,False,False,True,False,False,False,False,NONE,PUMP FAULT,False,False
345.0,28.598119542192553,28.86675851233807,60.0,66.82336977573932,0.0,50.0,0.0,2.6863897014551923,True,False,False,True,False,False,False,False,NONE,PUMP FAULT,False,False
346.0,28.33073349383647,28.598119542192553,60.0,67.24901814817387,0.0,50.0,0.0,2.6738604835608264,True,False,False,True,False,False,False,False,NONE,PUMP FAULT,False,False
347.0,28.064600381025244,28.33073349383647,60.0,67.67475052906077,0.0,50.0,0.0,2.6613311281122303,True,False,False,True,False,False,False,False,NONE,PUMP FAULT,False,False
348.0,27.79972021764459,28.064600381025244,60.0,68.10056063996687,0.0,50.0,0.0,2.6488016338065616,True,False,False,True,False,False,False,False,NONE,PUMP FAULT,False,False
349.0,27.536093017712354,27.79972021764459,60.0,68.52644220225929,0.0,50.0,0.0,2.6362719993223664,True,False,False,True,False,False,False,False,NONE,PUMP FAULT,False,False
350.0,27.273718795380432,27.536093017712354,60.0,68.95238893710297,0.0,50.0,0.0,2.623742223319221,True,False,False,True,False,False,False,False,NONE,PUMP FAULT,False,False
351.0,27.012597564936698,27.273718795380432,60.0,69.378394565458,0.0,50.0,0.0,2.6112123044373674,True,False,False,True,False,False,False,False,NONE,PUMP FAULT,False,False
352.0,26.75272934080696,27.012597564936698,60.0,69.80445280807704,0.0,50.0,0.0,2.5986822412973414,True,False,False,True,False,False,False,False,NONE,PUMP FAULT,False,False
353.0,26.494114137557006,26.75272934080696,60.0,70.23055738550275,0.0,50.0,0.0,2.5861520324995864,True,False,False,True,False,False,False,False,NONE,PUMP FAULT,False,False
354.0,26.236751969894602,26.494114137557006,60.0,70.65670201806492,0.0,50.0,0.0,2.5736216766240627,True,False,False,True,False,False,False,False,NONE,PUMP FAULT,False,False
355.0,25.980642852671615,26.236751969894602,60.0,71.08288042587785,0.0,50.0,0.0,2.5610911722298466,True,False,False,True,False,False,False,False,NONE,PUMP FAULT,False,False
356.0,25.725786800886148,25.980642852671615,60.0,71.50908632883747,0.0,50.0,0.0,2.548560517854717,True,False,False,True,False,False,False,False,NONE,PUMP FAULT,False,False
357.0,25.472183829684674,25.725786800886148,60.0,71.93531344661852,0.0,50.0,0.0,2.5360297120147344,True,False,False,True,False,False,False,False,NONE,PUMP FAULT,False,False
358.0,25.219833954364297,25.472183829684674,60.0,72.36155549867156,0.0,50.0,0.0,2.5234987532038073,True,False,False,True,False,False,False,False,NONE,PUMP FAULT,False,False
359.0,24.968737190374977,25.219833954364297,60.0,72.78780620422012,0.0,50.0,0.0,2.510967639893249,True,False,False,True,False,False,False,False,NONE,PUMP FAULT,False,False
360.0,24.71889355332185,24.968737190374977,60.0,73.21405928225755,0.0,50.0,0.0,2.4984363705313255,True,False,False,True,False,False,False,False,NONE,PUMP FAULT,False,False
361.0,24.470303058967573,24.71889355332185,60.0,73.64030845154409,0.0,50.0,0.0,2.485904943542786,True,False,False,True,False,False,False,False,NONE,PUMP FAULT,False,False
362.0,24.222965723234733,24.470303058967573,60.0,74.06654743060352,0.0,50.0,0.0,2.4733733573283865,True,False,False,True,False,False,False,False,NONE,PUMP FAULT,False,False
363.0,23.976881562208295,24.222965723234733,60.0,74.49276993772018,0.0,50.0,0.0,2.4608416102643997,True,False,False,True,False,False,False,False,NONE,PUMP FAULT,False,False
364.0,23.732050592138084,23.976881562208295,60.0,74.9189696909356,0.0,50.0,0.0,2.4483097007021137,True,False,False,True,False,False,False,False,NONE,PUMP FAULT,False,False
365.0,23.48847282944135,23.732050592138084,60.0,75.34514040804511,0.0,50.0,0.0,2.4357776269673144,True,False,False,True,False,False,False,False,NONE,PUMP FAULT,False,False
366.0,23.246148290705378,23.48847282944135,60.0,75.77127580659464,0.0,50.0,0.0,2.423245387359757,True,False,False,True,False,False,False,False,NONE,PUMP FAULT,False,False
367.0,23.005076992690118,23.246148290705378,60.0,76.19736960387708,0.0,50.0,0.0,2.410712980152624,True,False,False,True,False,False,False,False,NONE,PUMP FAULT,False,False
368.0,22.765258952330917,23.005076992690118,60.0,76.62341551692889,0.0,50.0,0.0,2.398180403591967,True,False,False,True,False,False,False,False,NONE,PUMP FAULT,False,False
369.0,22.526694186741302,22.765258952330917,60.0,77.04940726252643,0.0,50.0,0.0,2.385647655896136,True,False,False,True,False,False,False,False,NONE,PUMP FAULT,False,False
370.0,22.28938271321578,22.526694186741302,60.0,77.47533855718234,0.0,50.0,0.0,2.3731147352551933,True,False,False,True,False,False,False,False,NONE,PUMP FAULT,False,False
371.0,22.053324549232748,22.28938271321578,60.0,77.90120311714179,0.0,50.0,0.0,2.3605816398303077,True,False,False,True,False,False,False,False,NONE,PUMP FAULT,False,False
372.0,21.818519712457434,22.053324549232748,60.0,78.32699465837865,0.0,50.0,0.0,2.3480483677531403,True,False,False,True,False,False,False,False,NONE,PUMP FAULT,False,False
373.0,21.584968220744912,21.818519712457434,60.0,78.75270689659169,0.0,50.0,0.0,2.3355149171252063,True,False,False,True,False,False,False,False,NONE,PUMP FAULT,False,False
374.0,21.352670092143192,21.584968220744912,60.0,79.17833354720048,0.0,50.0,0.0,2.3229812860172223,True,False,False,True,False,False,False,False,NONE,PUMP FAULT,False,False
375.0,21.121625344896348,21.352670092143192,60.0,79.6038683253415,0.0,50.0,0.0,2.310447472468439,True,False,False,True,False,False,False,False,NONE,PUMP FAULT,False,False
376.0,20.891833997447755,21.121625344896348,60.0,80.02930494586386,0.0,50.0,0.0,2.297913474485949,True,False,False,True,False,False,False,False,NONE,PUMP FAULT,False,False
377.0,20.663296068443355,20.891833997447755,60.0,80.4546371233252,0.0,50.0,0.0,2.2853792900439824,True,False,False,True,False,False,False,False,NONE,PUMP FAULT,False,False
378.0,20.436011576735037,20.663296068443355,60.0,80.87985857198738,0.0,50.0,0.0,2.272844917083178,True,False,False,True,False,False,False,False,NONE,PUMP FAULT,False,False
379.0,20.209980541384056,20.436011576735037,60.0,81.30496300581203,0.0,50.0,0.0,2.260310353509836,True,False,False,True,False,False,False,False,NONE,PUMP FAULT,False,False
380.0,20.63904253477219,20.209980541384056,60.0,81.72994413845609,81.72994413845609,50.0,6.538395531076487,2.24777559719515,False,False,False,True,False,False,False,False,NONE,LOW LEVEL,False,False
381.0,21.063872965217485,20.63904253477219,60.0,81.49768693239409,81.49768693239409,50.0,6.519814954591527,2.271510650138592,False,False,False,True,False,False,False,False,NONE,LOW LEVEL,False,False
382.0,21.484536286534667,21.063872965217485,60.0,81.2675371371227,81.2675371371227,50.0,6.501402970969816,2.2947697577980173,False,False,False,True,False,False,False,False,NONE,LOW LEVEL,False,False
383.0,21.901094822974663,21.484536286534667,60.0,81.03945113437285,81.03945113437285,50.0,6.483156090749828,2.3175707263498273,False,False,False,True,False,False,False,False,NONE,LOW LEVEL,False,False
384.0,22.313608892168574,21.901094822974663,60.0,80.81338712381798,80.81338712381798,50.0,6.465070969905438,2.339930277966347,False,False,False,True,False,False,False,False,NONE,LOW LEVEL,False,False
385.0,22.722136918096943,22.313608892168574,60.0,80.58930501016323,80.58930501016323,50.0,6.447144400813058,2.3618641415293435,False,False,False,True,False,False,False,False,NONE,LOW LEVEL,False,False
386.0,23.12673553511492,22.722136918096943,60.0,80.36716629964437,80.36716629964437,50.0,6.429373303971549,2.3833871337917882,False,False,False,True,False,False,False,False,NONE,LOW LEVEL,False,False
387.0,23.527459683935486,23.12673553511492,60.0,80.14693400495082,80.14693400495082,50.0,6.411754720396066,2.4045132321904013,False,False,False,True,False,False,False,False,NONE,LOW LEVEL,False,False
388.0,23.92436270036352,23.527459683935486,60.0,79.92857255771057,79.92857255771057,50.0,6.394285804616845,2.4252556403364722,False,False,False,True,False,False,False,False,NONE,LOW LEVEL,False,False
389.0,24.317496397479147,23.92436270036352,60.0,79.71204772778071,79.71204772778071,50.0,6.376963818222457,2.4456268470661833,False,False,False,True,False,False,False,False,NONE,LOW LEVEL,False,False
390.0,24.706911141887677,24.317496397479147,60.0,79.49732654867769,79.49732654867769,50.0,6.3597861238942155,2.4656386798089023,False,False,False,True,False,False,False,False,NONE,LOW LEVEL,False,False
391.0,25.09265592458331,24.706911141887677,60.0,79.28437724855974,79.28437724855974,50.0,6.342750179884779,2.485302352928496,False,False,False,True,False,False,False,False,NONE,LOW LEVEL,False,False
392.0,25.474778426912714,25.09265592458331,60.0,79.07316918624116,79.07316918624116,50.0,6.325853534899292,2.504628511605229,False,False,False,True,False,False,False,False,NONE,LOW LEVEL,False,False
393.0,25.85332508207178,25.474778426912714,60.0,78.8636727917772,78.8636727917772,50.0,6.3090938233421765,2.5236272717515513,False,False,False,True,False,False,False,False,NONE,LOW LEVEL,False,False
394.0,26.228341132522264,25.85332508207178,60.0,78.65585951120778,78.65585951120778,50.0,6.2924687608966225,2.542308256391806,False,False,False,True,False,False,False,False,NONE,LOW LEVEL,False,False
395.0,26.599870683674844,26.228341132522264,60.0,78.44970175509468,78.44970175509468,50.0,6.2759761404075745,2.5606806288818147,False,False,False,True,False,False,False,False,NONE,LOW LEVEL,False,False
396.0,26.967956754149235,26.599870683674844,60.0,78.24517285052373,78.24517285052373,50.0,6.259613828041898,2.5787531232979073,False,False,False,True,False,False,False,False,NONE,LOW LEVEL,False,False
397.0,27.33264132289096,26.967956754149235,60.0,78.04224699627859,78.04224699627859,50.0,6.243379759702288,2.596534072285074,False,False,False,True,False,False,False,False,NONE,LOW LEVEL,False,False
398.0,27.693965373396395,27.33264132289096,60.0,77.84089922092241,77.84089922092241,50.0,6.227271937673793,2.614031432619497,False,False,False,True,False,False,False,False,NONE,LOW LEVEL,False,False
399.0,28.051968935273702,27.693965373396395,60.0,77.64110534354998,77.64110534354998,50.0,6.211288427483998,2.6312528087109186,False,False,False,True,False,False,False,False,NONE,LOW LEVEL,False,False
400.0,28.406691123345222,28.051968935273702,60.0,77.44284193699632,77.44284193699632,50.0,6.195427354959706,2.6482054742444787,False,False,False,True,False,False,False,False,NONE,LOW LEVEL,False,False
401.0,28.75817017447777,28.406691123345222,60.0,77.24608629330807,77.24608629330807,50.0,6.1796869034646456,2.664896392139159,False,False,False,True,False,False,False,False,NONE,LOW LEVEL,False,False
402.0,29.10644348231016,28.75817017447777,60.0,77.05081639130313,77.05081639130313,50.0,6.164065311304251,2.6813322329803597,False,False,False,True,False,False,False,False,NONE,LOW LEVEL,False,False
403.0,29.451547630031932,29.10644348231016,60.0,76.8570108660592,76.8570108660592,50.0,6.1485608692847356,2.6975193920670044,False,False,False,True,False,False,False,False,NONE,LOW LEVEL,False,False
404.0,29.793518421353582,29.451547630031932,60.0,76.66464898018727,76.66464898018727,50.0,6.133171918414981,2.713464005198518,False,False,False,True,False,False,False,False,NONE,LOW LEVEL,False,False
405.0,30.132390909796264,29.793518421353582,60.0,76.47371059675885,76.47371059675885,50.0,6.117896847740708,2.729171963313854,False,False,False,True,False,False,False,False,NONE,LOW LEVEL,False,False
406.0,30.468199426418096,30.132390909796264,60.0,76.28417615376719,76.28417615376719,50.0,6.102734092301375,2.7446489260830913,False,False,False,True,False,False,False,False,NONE,LOW LEVEL,False,False
407.0,30.80097760608401,30.468199426418096,60.0,76.09602664001326,76.09602664001326,50.0,6.087682131201061,2.759900334541906,False,False,False,True,False,False,False,False,NONE,LOW LEVEL,False,False
408.0,31.130758412377535,30.80097760608401,60.0,75.90924357231694,75.90924357231694,50.0,6.072739485785355,2.774931422850122,False,False,False,True,False,False,False,False,NONE,LOW LEVEL,False,False
409.0,31.457574161244466,31.130758412377535,60.0,75.72380897396152,75.72380897396152,50.0,6.057904717916922,2.78974722924755,False,False,False,True,False,False,False,False,NONE,LOW LEVEL,False,False
410.0,31.78145654345145,31.457574161244466,60.0,75.53970535428837,75.53970535428837,50.0,6.04317642834307,2.804352606273169,False,False,False,True,False,False,False,False,NONE,LOW LEVEL,False,False
411.0,32.102436645935626,31.78145654345145,60.0,75.35691568936413,75.35691568936413,50.0,6.028553255149131,2.818752230307386,False,False,False,True,False,False,False,False,NONE,LOW LEVEL,False,False
412.0,32.420544972115685,32.102436645935626,60.0,75.17542340365029,75.17542340365029,50.0,6.014033872292023,2.832950610491455,False,False,False,True,False,False,False,False,NONE,LOW LEVEL,False,False
413.0,32.73581146122925,32.420544972115685,60.0,74.99521235260964,74.99521235260964,50.0,5.999616988208771,2.8469520970730997,False,False,False,True,False,False,False,False,NONE,LOW LEVEL,False,False
414.0,33.04826550675648,32.73581146122925,60.0,74.81626680618993,74.81626680618993,50.0,5.985301344495195,2.8607608892228855,False,False,False,True,False,False,False,False,NONE,LOW LEVEL,False,False
415.0,33.35793597398533,33.04826550675648,60.0,74.63857143312892,74.63857143312892,50.0,5.971085714650314,2.8743810423618372,False,False,False,True,False,False,False,False,NONE,LOW LEVEL,False,False
416.0,33.66485121676985,33.35793597398533,60.0,74.46211128603014,74.46211128603014,50.0,5.956968902882411,2.8878164750372095,False,False,False,True,False,False,False,False,NONE,LOW LEVEL,False,False
417.0,33.96903909352914,33.66485121676985,60.0,74.28687178716177,74.28687178716177,50.0,5.942949742972941,2.901070975380034,False,False,False,True,False,False,False,False,NONE,LOW LEVEL,False,False
418.0,34.2705269825311,33.96903909352914,60.0,74.11283871493484,74.11283871493484,50.0,5.929027097194787,2.9141482071751748,False,False,False,True,False,False,False,False,NONE,LOW LEVEL,False,False
419.0,34.56934179650207,34.2705269825311,60.0,73.93999819102022,73.93999819102022,50.0,5.915199855281617,2.927051715571964,False,False,False,True,False,False,False,False,NONE,LOW LEVEL,False,False
420.0,34.865509996600494,34.56934179650207,60.0,73.76833666806675,73.76833666806675,50.0,5.90146693344534,2.9397849324611345,False,False,False,True,False,False,False,False,NONE,LOW LEVEL,False,False
421.0,35.15905760579021,34.865509996600494,60.0,73.59784091798532,73.59784091798532,50.0,5.887827273438826,2.952351181541607,False,False,False,True,False,False,False,False,NONE,LOW LEVEL,False,False
422.0,35.450010221646465,35.15905760579021,60.0,73.42849802076665,73.42849802076665,50.0,5.874279841661332,2.9647536830987415,False,False,False,False,False,False,False,False,NONE,NORMAL,False,False
423.0,35.73839302862549,35.450010221646465,60.0,73.26029535380218,73.26029535380218,50.0,5.860823628304174,2.976995558513922,False,False,False,False,False,False,False,False,NONE,NORMAL,False,False
424.0,36.024230809826555,35.73839302862549,60.0,73.09322058168001,73.09322058168001,50.0,5.8474576465344015,2.9890798345237233,False,False,False,False,False,False,False,False,NONE,NORMAL,False,False
425.0,36.307547958273446,36.024230809826555,60.0,72.92726164642983,72.92726164642983,50.0,5.8341809317143865,3.001009447245483,False,False,False,False,False,False,False,False,NONE,NORMAL,False,False
426.0,36.58836848774051,36.307547958273446,60.0,72.76240675819157,72.76240675819157,50.0,5.820992540655326,3.0127872459847476,False,False,False,False,False,False,False,False,NONE,NORMAL,False,False
427.0,36.86671604314691,36.58836848774051,60.0,72.5986443862858,72.5986443862858,50.0,5.8078915509028635,3.024415996838915,False,False,False,False,False,False,False,False,NONE,NORMAL,False,False
428.0,37.14261391054119,36.86671604314691,60.0,72.43596325066366,72.43596325066366,50.0,5.794877060053093,3.0358983861102344,False,False,False,False,False,False,False,False,NONE,NORMAL,False,False
429.0,37.41608502669689,37.14261391054119,60.0,72.27435231371669,72.27435231371669,50.0,5.7819481850973355,3.0472370235403905,False,False,False,False,False,False,False,False,NONE,NORMAL,False,False
430.0,37.68715198833852,37.41608502669689,60.0,72.11380077242751,72.11380077242751,50.0,5.7691040617942,3.058434445377933,False,False,False,False,False,False,False,False,NONE,NORMAL,False,False
431.0,37.955837061016375,37.68715198833852,60.0,71.95429805084419,71.95429805084419,50.0,5.756343844067535,3.0694931172890145,False,False,False,False,False,False,False,False,NONE,NORMAL,False,False
432.0,38.22216218764715,37.955837061016375,60.0,71.79583379286125,71.79583379286125,50.0,5.743666703428899,3.080415437121119,False,False,False,False,False,False,False,False,NONE,NORMAL,False,False
433.0,38.48614899673661,38.22216218764715,60.0,71.63839785529224,71.63839785529224,50.0,5.731071828423379,3.091203737528762,False,False,False,False,False,False,False,False,NONE,NORMAL,False,False
434.0,38.747818810299414,38.48614899673661,60.0,71.4819803012191,71.4819803012191,50.0,5.718558424097528,3.10186028846951,False,False,False,False,False,False,False,False,NONE,NORMAL,False,False
435.0,39.00719265149045,38.747818810299414,60.0,71.3265713936048,71.3265713936048,50.0,5.706125711488384,3.1123872995780673,False,False,False,False,False,False,False,False,NONE,NORMAL,False,False
436.0,39.26429125196114,39.00719265149045,60.0,71.1721615891563,71.1721615891563,50.0,5.693772927132504,3.1227869224256417,False,False,False,False,False,False,False,False,NONE,NORMAL,False,False
437.0,39.51913505895342,39.26429125196114,60.0,71.01874153242582,71.01874153242582,50.0,5.681499322594066,3.133061252671305,False,False,False,False,False,False,False,False,NONE,NORMAL,False,False
438.0,39.77174424214337,39.51913505895342,60.0,70.86630205013876,70.86630205013876,50.0,5.6693041640111,3.1432123321115855,False,False,False,False,False,False,False,False,NONE,NORMAL,False,False
439.0,40.02213870024586,39.77174424214337,60.0,70.7148341457381,70.7148341457381,50.0,5.657186731659047,3.153242150634144,False,False,False,False,False,False,False,False,NONE,NORMAL,False,False
440.0,40.27033806739084,40.02213870024586,60.0,70.56432899413437,70.56432899413437,50.0,5.64514631953075,3.16315264808094,False,False,False,False,False,False,False,False,NONE,NORMAL,False,False
441.0,40.516361719281456,40.27033806739084,60.0,70.41477793665246,70.41477793665246,50.0,5.633182234932196,3.1729457160259944,False,False,False,False,False,False,False,False,NONE,NORMAL,False,False
442.0,40.76022877914354,40.516361719281456,60.0,70.26617247616542,70.26617247616542,50.0,5.621293798093234,3.1826231994724674,False,False,False,False,False,False,False,False,NONE,NORMAL,False,False
443.0,41.001958123475454,40.76022877914354,60.0,70.11850427240762,70.11850427240762,50.0,5.60948034179261,3.192186898473503,False,False,False,False,False,False,False,False,NONE,NORMAL,False,False
444.0,41.24156838760702,41.001958123475454,60.0,69.97176513745833,69.97176513745833,50.0,5.597741210996666,3.2016385696809784,False,False,False,False,False,False,False,False,NONE,NORMAL,False,False
445.0,41.479077971075526,41.24156838760702,60.0,69.82594703138872,69.82594703138872,50.0,5.586075762511098,3.2109799278260454,False,False,False,False,False,False,False,False,NONE,NORMAL,False,False
446.0,41.71450504282653,41.479077971075526,60.0,69.68104205806485,69.68104205806485,50.0,5.574483364645188,3.220212647135105,False,False,False,False,False,False,False,False,NONE,NORMAL,False,False
447.0,41.94786754624687,41.71450504282653,60.0,69.5370424610997,69.5370424610997,50.0,5.562963396887977,3.229338362684628,False,False,False,False,False,False,False,False,NONE,NORMAL,False,False
448.0,42.179183204036654,41.94786754624687,60.0,69.39394061994814,69.39394061994814,50.0,5.551515249595851,3.2383586716980126,False,False,False,False,False,False,False,False,NONE,NORMAL,False,False
449.0,42.408469522927014,42.179183204036654,60.0,69.25172904613817,69.25172904613817,50.0,5.540138323691053,3.2472751347874977,False,False,False,False,False,False,False,False,NONE,NORMAL,False,False
450.0,42.635743798249685,42.408469522927014,60.0,69.11040037963318,69.11040037963318,50.0,5.528832030370654,3.256089277143941,False,False,False,False,False,False,False,False,NONE,NORMAL,False,False
451.0,42.86102311836453,42.635743798249685,60.0,68.96994738531926,68.96994738531926,50.0,5.517595790825541,3.2648025896771187,False,False,False,False,False,False,False,False,NONE,NORMAL,False,False
452.0,43.08432436895052,42.86102311836453,60.0,68.83036294961259,68.83036294961259,50.0,5.506429035969007,3.2734165301090434,False,False,False,False,False,False,False,False,NONE,NORMAL,False,False
453.0,43.305664237165715,43.08432436895052,60.0,68.69164007718186,68.69164007718186,50.0,5.495331206174549,3.281932524022642,False,False,False,False,False,False,False,False,NONE,NORMAL,False,False
454.0,43.52505921568116,43.305664237165715,60.0,68.55377188778083,68.55377188778083,50.0,5.484301751022466,3.2903519658680027,False,False,False,False,False,False,False,False,NONE,NORMAL,False,False
455.0,43.74252560659383,43.52505921568116,60.0,68.41675161318699,68.41675161318699,50.0,5.473340129054959,3.298676219928274,False,False,False,False,False,False,False,False,NONE,NORMAL,False,False
456.0,43.95807952522304,43.74252560659383,60.0,68.28057259424133,68.28057259424133,50.0,5.462445807539307,3.3069066212471827,False,False,False,False,False,False,False,False,NONE,NORMAL,False,False
457.0,44.17173690379493,43.95807952522304,60.0,68.145228277986,68.145228277986,50.0,5.45161826223888,3.31504447652,False,False,False,False,False,False,False,False,NONE,NORMAL,False,False
458.0,44.38351349501912,44.17173690379493,60.0,68.01071221489516,68.01071221489516,50.0,5.440856977191613,3.3230910649497303,False,False,False,False,False,False,False,False,NONE,NORMAL,False,False
459.0,44.593424875561674,44.38351349501912,60.0,67.87701805619587,67.87701805619587,50.0,5.43016144449567,3.331047639070144,False,False,False,False,False,False,False,False,NONE,NORMAL,False,False
460.0,44.80148644941815,44.593424875561674,60.0,67.74413955127551,67.74413955127551,50.0,5.4195311641020405,3.3389154255372233,False,False,False,False,False,False,False,False,NONE,NORMAL,False,False
461.0,45.00771345119048,44.80148644941815,60.0,67.61207054517195,67.61207054517195,50.0,5.408965643613755,3.3466956258904896,False,False,False,False,False,False,False,False,NONE,NORMAL,False,False
462.0,45.212120949271075,45.00771345119048,60.0,67.48080497614366,67.48080497614366,50.0,5.398464398091493,3.3543894172855993,False,False,False,False,False,False,False,False,NONE,NORMAL,False,False
463.0,45.41472384893766,45.212120949271075,60.0,67.3503368733167,67.3503368733167,50.0,5.388026949865337,3.3619979531995208,False,False,False,False,False,False,False,False,NONE,NORMAL,False,False
464.0,45.61553689536195,45.41472384893766,60.0,67.22066035440544,67.22066035440544,50.0,5.377652828352435,3.3695223641095504,False,False,False,False,False,False,False,False,NONE,NORMAL,False,False
465.0,45.81457467653525,45.61553689536195,60.0,67.09176962350435,67.09176962350435,50.0,5.367341569880348,3.376963758147322,False,False,False,False,False,False,False,False,NONE,NORMAL,False,False
466.0,46.011851626113945,45.81457467653525,60.0,66.96365896894837,66.96365896894837,50.0,5.35709271751587,3.384323221728949,False,False,False,False,False,False,False,False,NONE,NORMAL,False,False
467.0,46.207382026187624,46.011851626113945,60.0,66.8363227612391,66.8363227612391,50.0,5.346905820899128,3.391601820162338,False,False,False,False,False,False,False,False,NONE,NORMAL,False,False
468.0,46.401180009972634,46.207382026187624,60.0,66.70975545103448,66.70975545103448,50.0,5.336780436082758,3.398800598232692,False,False,False,False,False,False,False,False,NONE,NORMAL,False,False
469.0,46.59325956443352,46.401180009972634,60.0,66.5839515671996,66.5839515671996,50.0,5.3267161253759685,3.4059205807671384,False,False,False,False,False,False,False,False,NONE,NORMAL,False,False
470.0,46.7836345328349,46.59325956443352,60.0,66.45890571491657,66.45890571491657,50.0,5.316712457193326,3.4129627731793937,False,False,False,False,False,False,False,False,NONE,NORMAL,False,False
471.0,46.972318617226186,46.7836345328349,60.0,66.334612573851,66.334612573851,50.0,5.30676900590808,3.4199281619953252,False,False,False,False,False,False,False,False,NONE,NORMAL,False,False
472.0,47.159325380861155,46.972318617226186,60.0,66.21106689637358,66.21106689637358,50.0,5.296885351709887,3.426817715360207,False,False,False,False,False,False,False,False,NONE,NORMAL,False,False
473.0,47.34466825055498,47.159325380861155,60.0,66.0882635058343,66.0882635058343,50.0,5.287061080466745,3.4336323835284537,False,False,False,False,False,False,False,False,NONE,NORMAL,False,False
474.0,47.52836051898043,47.34466825055498,60.0,65.9661972948877,65.9661972948877,50.0,5.277295783591017,3.4403730993365746,False,False,False,False,False,False,False,False,NONE,NORMAL,False,False
475.0,47.710415346905364,47.52836051898043,60.0,65.84486322386738,65.84486322386738,50.0,5.26758905790939,3.4470407786600243,False,False,False,False,False,False,False,False,NONE,NORMAL,False,False
476.0,47.89084576537356,47.710415346905364,60.0,65.72425631920791,65.72425631920791,50.0,5.257940505536633,3.4536363208546357,False,False,False,False,False,False,False,False,NONE,NORMAL,False,False
477.0,48.06966467783054,47.89084576537356,60.0,65.60437167191284,65.60437167191284,50.0,5.248349733753027,3.460160609183249,False,False,False,False,False,False,False,False,NONE,NORMAL,False,False
478.0,48.246884862196254,48.06966467783054,60.0,65.48520443606671,65.48520443606671,50.0,5.238816354885337,3.466614511228157,False,False,False,False,False,False,False,False,NONE,NORMAL,False,False
479.0,48.42251897288638,48.246884862196254,60.0,65.36674982739001,65.36674982739001,50.0,5.229339986191201,3.4729988792899236,False,False,False,False,False,False,False,False,NONE,NORMAL,False,False
480.0,48.59657954278374,48.42251897288638,60.0,65.24900312183547,65.24900312183547,50.0,5.2199202497468375,3.4793145507731253,False,False,False,False,False,False,False,False,NONE,NORMAL,False,False
481.0,48.76907898516159,48.59657954278374,60.0,65.13195965422418,65.13195965422418,50.0,5.2105567723379345,3.4855623485595455,False,False,False,False,False,False,False,False,NONE,NORMAL,False,False
482.0,48.94002959556003,48.76907898516159,60.0,65.01561481692052,65.01561481692052,50.0,5.201249185353642,3.4917430813693033,False,False,False,False,False,False,False,False,NONE,NORMAL,False,False
483.0,49.109443553617346,48.94002959556003,60.0,64.89996405854428,64.89996405854428,50.0,5.191997124683542,3.4978575441103956,False,False,False,False,False,False,False,False,NONE,NORMAL,False,False
484.0,49.27733292485739,49.109443553617346,60.0,64.78500288271889,64.78500288271889,50.0,5.182800230617511,3.503906518217108,False,False,False,False,False,False,False,False,NONE,NORMAL,False,False
485.0,49.44370966243446,49.27733292485739,60.0,64.67072684685454,64.67072684685454,50.0,5.1736581477483625,3.509890771977719,False,False,False,False,False,False,False,False,NONE,NORMAL,False,False
486.0,49.60858560883699,49.44370966243446,60.0,64.5571315609653,64.5571315609653,50.0,5.164570524877224,3.5158110608519073,False,False,False,False,False,False,False,False,NONE,NORMAL,False,False
487.0,49.77197249755132,49.60858560883699,60.0,64.44421268651858,64.44421268651858,50.0,5.155537014921487,3.5216681277782618,False,False,False,False,False,False,False,False,NONE,NORMAL,False,False
488.0,49.93388195468662,49.77197249755132,60.0,64.3319659353165,64.3319659353165,50.0,5.14655727482532,3.5274627034722608,False,False,False,False,False,False,False,False,NONE,NORMAL,False,False
489.0,50.09432550056238,49.93388195468662,60.0,64.22038706840777,64.22038706840777,50.0,5.1376309654726215,3.5331955067150833,False,False,False,False,False,False,False,False,NONE,NORMAL,False,False
490.0,50.25331455125925,50.09432550056238,60.0,64.1094718950292,64.1094718950292,50.0,5.128757751602336,3.5388672446335976,False,False,False,False,False,False,False,False,NONE,NORMAL,False,False
491.0,50.410860420134675,50.25331455125925,60.0,63.99921627157603,63.99921627157603,50.0,5.1199373017260825,3.5444786129718446,False,False,False,False,False,False,False,False,NONE,NORMAL,False,False
492.0,50.56697431930404,50.410860420134675,60.0,63.88961610059993,63.88961610059993,50.0,5.111169288047995,3.550030296354338,False,False,False,False,False,False,False,False,NONE,NORMAL,False,False
493.0,50.72166736108856,50.56697431930404,60.0,63.78066732983404,63.78066732983404,50.0,5.102453386386723,3.5555229685414784,False,False,False,False,False,False,False,False,NONE,NORMAL,False,False
494.0,50.87495055943078,50.72166736108856,60.0,63.67236595124407,63.67236595124407,50.0,5.093789276099526,3.5609572926773696,False,False,False,False,False,False,False,False,NONE,NORMAL,False,False
495.0,51.02683483127859,50.87495055943078,60.0,63.564708000104694,63.564708000104694,50.0,5.085176640008376,3.5663339215303007,False,False,False,False,False,False,False,False,NONE,NORMAL,False,False
496.0,51.177330997938775,51.02683483127859,60.0,63.45768955410049,63.45768955410049,50.0,5.0766151643280395,3.571653497726179,False,False,False,False,False,False,False,False,NONE,NORMAL,False,False
497.0,51.32644978640087,51.177330997938775,60.0,63.35130673245062,63.35130673245062,50.0,5.0681045385960495,3.5769166539751374,False,False,False,False,False,False,False,False,NONE,NORMAL,False,False
498.0,51.47420183063216,51.32644978640087,60.0,63.24555569505652,63.24555569505652,50.0,5.059644455604522,3.582124013291586,False,False,False,False,False,False,False,False,NONE,NORMAL,False,False
499.0,51.620597672844745,51.47420183063216,60.0,63.14043264167207,63.14043264167207,50.0,5.051234611333766,3.5872761892079117,False,False,False,False,False,False,False,False,NONE,NORMAL,False,False
500.0,51.7656477647353,51.620597672844745,60.0,63.03593381109526,63.03593381109526,50.0,5.042874704887621,3.592373785982075,False,False,False,False,False,False,False,False,NONE,NORMAL,False,False
501.0,51.90936246869842,51.7656477647353,60.0,62.93205548038103,62.93205548038103,50.0,5.034564438430483,3.597417398799286,False,False,False,False,False,False,False,False,NONE,NORMAL,False,False
502.0,52.05175205901421,51.90936246869842,60.0,62.828793964074414,62.828793964074414,50.0,5.026303517125953,3.6024076139679977,False,False,False,False,False,False,False,False,NONE,NORMAL,False,False
503.0,52.19282672301089,52.05175205901421,60.0,62.726145613463544,62.726145613463544,50.0,5.018091649077084,3.6073450091103783,False,False,False,False,False,False,False,False,NONE,NORMAL,False,False
504.0,52.33259656220296,52.19282672301089,60.0,62.62410681585182,62.62410681585182,50.0,5.009928545268146,3.612230153347475,False,False,False,False,False,False,False,False,NONE,NORMAL,False,False
505.0,52.471071593405824,52.33259656220296,60.0,62.522673993848734,62.522673993848734,50.0,5.0018139195078986,3.6170636074792406,False,False,False,False,False,False,False,False,NONE,NORMAL,False,False
506.0,52.60826174982729,52.471071593405824,60.0,62.42184360467884,62.42184360467884,50.0,4.993747488374307,3.621845924159593,False,False,False,False,False,False,False,False,NONE,NORMAL,False,False
507.0,52.74417688213669,52.60826174982729,60.0,62.32161213950824,62.32161213950824,50.0,4.985728971160659,3.626577648066676,False,False,False,False,False,False,False,False,NONE,NORMAL,False,False
508.0,52.87882675951215,52.74417688213669,60.0,62.221976122788156,62.221976122788156,50.0,4.977758089823053,3.631259316068487,False,False,False,False,False,False,False,False,NONE,NORMAL,False,False
509.0,53.01222107066666,52.87882675951215,60.0,62.122932111615135,62.122932111615135,50.0,4.969834568929211,3.6358914573840124,False,False,False,False,False,False,False,False,NONE,NORMAL,False,False
510.0,53.14436942485352,53.01222107066666,60.0,62.02447669510729,62.02447669510729,50.0,4.961958135608583,3.6404745937400342,False,False,False,False,False,False,False,False,NONE,NORMAL,False,False
511.0,53.27528135285152,53.14436942485352,60.0,61.926606493796164,61.926606493796164,50.0,4.954128519503693,3.645009239523733,False,False,False,False,False,False,False,False,NONE,NORMAL,False,False
512.0,53.40496630793067,53.27528135285152,60.0,61.8293181590339,61.8293181590339,50.0,4.946345452722713,3.649495901931235,False,False,False,False,False,False,False,False,NONE,NORMAL,False,False
513.0,53.53343366679877,53.40496630793067,60.0,61.7326083724151,61.7326083724151,50.0,4.938608669793208,3.653935081112234,False,False,False,False,False,False,False,False,NONE,NORMAL,False,False
514.0,53.660692730529405,53.53343366679877,60.0,61.636473845213004,61.636473845213004,50.0,4.93091790761704,3.6583272703108034,False,False,False,False,False,False,False,False,NONE,NORMAL,False,False
515.0,53.7867527254718,53.660692730529405,60.0,61.540911317829725,61.540911317829725,50.0,4.923272905426378,3.6626729560025355,False,False,False,False,False,False,False,False,NONE,NORMAL,False,False
516.0,53.911622804143065,53.7867527254718,60.0,61.445917559259975,61.445917559259975,50.0,4.915673404740798,3.6669726180281126,False,False,False,False,False,False,False,False,NONE,NORMAL,False,False
517.0,54.035312046103265,53.911622804143065,60.0,61.35148936656799,61.35148936656799,50.0,4.908119149325439,3.671226729723427,False,False,False,False,False,False,False,False,NONE,NORMAL,False,False
518.0,54.157829458813644,54.035312046103265,60.0,61.25762356437727,61.25762356437727,50.0,4.900609885150182,3.6754357580463592,False,False,False,False,False,False,False,False,NONE,NORMAL,False,False
519.0,54.2791839784786,54.157829458813644,60.0,61.16431700437282,61.16431700437282,50.0,4.893145360349825,3.6796001637003184,False,False,False,False,False,False,False,False,NONE,NORMAL,False,False
520.0,54.39938447087167,54.2791839784786,60.0,61.07156656481547,61.07156656481547,50.0,4.885725325185238,3.6837204012546403,False,False,False,False,False,False,False,False,NONE,NORMAL,False,False
521.0,54.51843973214602,54.39938447087167,60.0,60.97936915006805,60.97936915006805,50.0,4.878349532005444,3.687796919261949,False,False,False,False,False,False,False,False,NONE,NORMAL,False,False
522.0,54.636358489629835,54.51843973214602,60.0,60.88772169013296,60.88772169013296,50.0,4.871017735210637,3.6918301603725627,False,False,False,False,False,False,False,False,NONE,NORMAL,False,False
523.0,54.75314940260684,54.636358489629835,60.0,60.796621140201,60.796621140201,50.0,4.86372969121608,3.695820561446058,False,False,False,False,False,False,False,False,NONE,NORMAL,False,False
524.0,54.86882106308252,54.75314940260684,60.0,60.70606448021097,60.70606448021097,50.0,4.856485158416877,3.6997685536600406,False,False,False,False,False,False,False,False,NONE,NORMAL,False,False
525.0,54.98338199653625,54.86882106308252,60.0,60.61604871441987,60.61604871441987,50.0,4.849283897153589,3.703674562616244,False,False,False,False,False,False,False,False,NONE,NORMAL,False,False
526.0,55.096840662659716,54.98338199653625,60.0,60.526570870983456,60.526570870983456,50.0,4.842125669678676,3.7075390084440194,False,False,False,False,False,False,False,False,NONE,NORMAL,False,False
527.0,55.20920545608197,55.096840662659716,60.0,60.43762800154669,60.43762800154669,50.0,4.835010240123736,3.7113623059012886,False,False,False,False,False,False,False,False,NONE,NORMAL,False,False
528.0,55.32048470708142,55.20920545608197,60.0,60.34921718084403,60.34921718084403,50.0,4.827937374467522,3.715144864473052,False,False,False,False,False,False,False,False,NONE,NORMAL,False,False
529.0,55.43068668228515,55.32048470708142,60.0,60.26133550630917,60.26133550630917,50.0,4.820906840504734,3.7188870884675103,False,False,False,False,False,False,False,False,NONE,NORMAL,False,False
530.0,55.53981958535571,55.43068668228515,60.0,60.17398009769402,60.17398009769402,50.0,4.813918407815522,3.722589377109875,False,False,False,False,False,False,False,False,NONE,NORMAL,False,False
531.0,55.647891557665886,55.53981958535571,60.0,60.08714809669669,60.08714809669669,50.0,4.806971847735735,3.726252124633937,False,False,False,False,False,False,False,False,NONE,NORMAL,False,False
532.0,55.75491067896154,55.647891557665886,60.0,60.000836666598175,60.000836666598175,50.0,4.800066933327854,3.729875720371454,False,False,False,False,False,False,False,False,NONE,NORMAL,False,False
533.0,55.86088496801286,55.75491067896154,60.0,59.91504299190772,59.91504299190772,50.0,4.7932034393526175,3.733460548839425,False,False,False,False,False,False,False,False,NONE,NORMAL,False,False
534.0,55.96582238325446,55.86088496801286,60.0,59.82976427801633,59.82976427801633,50.0,4.786381142241306,3.737006989825309,False,False,False,False,False,False,False,False,NONE,NORMAL,False,False
535.0,56.06973082341431,55.96582238325446,60.0,59.74499775085846,59.74499775085846,50.0,4.779599820068677,3.7405154184702427,False,False,False,False,False,False,False,False,NONE,NORMAL,False,False
536.0,56.17261812813194,56.06973082341431,60.0,59.66074065658154,59.66074065658154,50.0,4.772859252526523,3.743986205350332,False,False,False,False,False,False,False,False,NONE,NORMAL,False,False
537.0,56.27449207856612,56.17261812813194,60.0,59.57699026122325,59.57699026122325,50.0,4.76615922089786,3.747419716556044,False,False,False,False,False,False,False,False,NONE,NORMAL,False,False
538.0,56.37536039799231,56.27449207856612,60.0,59.49374385039624,59.49374385039624,50.0,4.759499508031699,3.750816313769781,False,False,False,False,False,False,False,False,NONE,NORMAL,False,False
539.0,56.47523075238997,56.37536039799231,60.0,59.41099872898008,59.41099872898008,50.0,4.752879898318406,3.7541763543416655,False,False,False,False,False,False,False,False,NONE,NORMAL,False,False
540.0,56.57411075102017,56.47523075238997,60.0,59.328752220820476,59.328752220820476,50.0,4.746300177665638,3.7575001913636004,False,False,False,False,False,False,False,False,NONE,NORMAL,False,False
541.0,56.67200794699349,56.57411075102017,60.0,59.24700166843517,59.24700166843517,50.0,4.739760133474814,3.7607881737416484,False,False,False,False,False,False,False,False,NONE,NORMAL,False,False
542.0,56.76892983782863,56.67200794699349,60.0,59.16574443272688,59.16574443272688,50.0,4.733259554618151,3.764040646266771,False,False,False,False,False,False,False,False,NONE,NORMAL,False,False
543.0,56.86488386600186,56.76892983782863,60.0,59.0849778927026,59.0849778927026,50.0,4.726798231416208,3.7672579496839815,False,False,False,False,False,False,False,False,NONE,NORMAL,False,False
544.0,56.95987741948745,56.86488386600186,60.0,59.004699445199364,59.004699445199364,50.0,4.720375955615949,3.7704404207599493,False,False,False,False,False,False,False,False,NONE,NORMAL,False,False
545.0,57.05391783228947,56.95987741948745,60.0,58.92490650461634,58.92490650461634,50.0,4.713992520369307,3.7735883923491,False,False,False,False,False,False,False,False,NONE,NORMAL,False,False
546.0,57.14701238496487,57.05391783228947,60.0,58.845596502652874,58.845596502652874,50.0,4.70764772021223,3.7767021934582514,False,False,False,False,False,False,False,False,NONE,NORMAL,False,False
547.0,57.2391683051383,57.14701238496487,60.0,58.76676688805265,58.76676688805265,50.0,4.701341351044212,3.779782149309827,False,False,False,False,False,False,False,False,NONE,NORMAL,False,False
548.0,57.33039276800875,57.2391683051383,60.0,58.688415126353526,58.688415126353526,50.0,4.695073210108282,3.7828285814036793,False,False,False,False,False,False,False,False,NONE,NORMAL,False,False
549.0,57.42069289684814,57.33039276800875,60.0,58.61053869964303,58.61053869964303,50.0,4.688843095971443,3.785841807577568,False,False,False,False,False,False,False,False,NONE,NORMAL,False,False
550.0,57.51007576349206,57.42069289684814,60.0,58.5331351063194,58.5331351063194,50.0,4.682650808505552,3.788822142066322,False,False,False,False,False,False,False,False,NONE,NORMAL,False,False
551.0,57.59854838882295,57.51007576349206,60.0,58.456201860858016,58.456201860858016,50.0,4.676496148868641,3.7917698955597263,False,False,False,False,False,False,False,False,NONE,NORMAL,False,False
552.0,57.6861177432457,57.59854838882295,60.0,58.37973649358301,58.37973649358301,50.0,4.670378919486641,3.7946853752591583,False,False,False,False,False,False,False,False,NONE,NORMAL,False,False
553.0,57.77279074715595,57.6861177432457,60.0,58.30373655044403,58.30373655044403,50.0,4.664298924035522,3.7975688849330207,False,False,False,False,False,False,False,False,NONE,NORMAL,False,False
554.0,57.85857427140124,57.77279074715595,60.0,58.228199592798,58.228199592798,50.0,4.65825596742384,3.8004207249709854,False,False,False,False,False,False,False,False,NONE,NORMAL,False,False
555.0,57.94347513773508,57.85857427140124,60.0,58.15312319719571,58.15312319719571,50.0,4.652249855775657,3.803241192437092,False,False,False,False,False,False,False,False,NONE,NORMAL,False,False
556.0,58.02750011926429,57.94347513773508,60.0,58.078504955173194,58.078504955173194,50.0,4.6462803964138555,3.8060305811217243,False,False,False,False,False,False,False,False,NONE,NORMAL,False,False
557.0,58.11065594088942,58.02750011926429,60.0,58.004342473047664,58.004342473047664,50.0,4.640347397843813,3.8087891815925006,False,False,False,False,False,False,False,False,NONE,NORMAL,False,False
558.0,58.19294927973875,58.11065594088942,60.0,57.93063337171808,57.93063337171808,50.0,4.634450669737446,3.8115172812440923,False,False,False,False,False,False,False,False,NONE,NORMAL,False,False
559.0,58.27438676559581,58.19294927973875,60.0,57.85737528647007,57.85737528647007,50.0,4.628590022917606,3.8142151643470097,False,False,False,False,False,False,False,False,NONE,NORMAL,False,False
560.0,58.35497498132055,58.27438676559581,60.0,57.78456586678503,57.78456586678503,50.0,4.6227652693428025,3.8168831120953852,False,False,False,False,False,False,False,False,NONE,NORMAL,False,False
561.0,58.4347204632644,58.35497498132055,60.0,57.712202776153674,57.712202776153674,50.0,4.616976222092294,3.8195214026537587,False,False,False,False,False,False,False,False,NONE,NORMAL,False,False
562.0,58.51362970167926,58.4347204632644,60.0,57.64028369189351,57.64028369189351,50.0,4.611222695351481,3.822130311202916,False,False,False,False,False,False,False,False,NONE,NORMAL,False,False
563.0,58.59170914112054,58.51362970167926,60.0,57.56880630497025,57.56880630497025,50.0,4.60550450439762,3.8247101099847836,False,False,False,False,False,False,False,False,NONE,NORMAL,False,False
564.0,58.66896518084449,58.59170914112054,60.0,57.49776831982336,57.49776831982336,50.0,4.599821465585869,3.8272610683464143,False,False,False,False,False,False,False,False,NONE,NORMAL,False,False
565.0,58.74540417519973,58.66896518084449,60.0,57.42716745419519,57.42716745419519,50.0,4.5941733963356155,3.8297834527830843,False,False,False,False,False,False,False,False,NONE,NORMAL,False,False
566.0,58.82103243401339,58.74540417519973,60.0,57.35700143896395,57.35700143896395,50.0,4.588560115117116,3.8322775269805205,False,False,False,False,False,False,False,False,NONE,NORMAL,False,False
567.0,58.8958562229716,58.82103243401339,60.0,57.28726801798023,57.28726801798023,50.0,4.5829814414384185,3.834743551856284,False,False,False,False,False,False,False,False,NONE,NORMAL,False,False
568.0,58.96988176399483,58.8958562229716,60.0,57.21796494790716,57.21796494790716,50.0,4.577437195832573,3.8371817856003254,False,False,False,False,False,False,False,False,NONE,NORMAL,False,False
569.0,59.04311523560787,58.96988176399483,60.0,57.149089998063964,57.149089998063964,50.0,4.571927199845117,3.8395924837147373,False,False,False,False,False,False,False,False,NONE,NORMAL,False,False
570.0,59.11556277330479,59.04311523560787,60.0,57.08064095027288,57.08064095027288,50.0,4.56645127602183,3.8419758990527213,False,False,False,False,False,False,False,False,NONE,NORMAL,False,False
571.0,59.18723046990878,59.11556277330479,60.0,57.01261559870944,57.01261559870944,50.0,4.561009247896755,3.8443322818567847,False,False,False,False,False,False,False,False,NONE,NORMAL,False,False
572.0,59.258124375927224,59.18723046990878,60.0,56.945011749755906,56.945011749755906,50.0,4.555600939980472,3.846661879796195,False,False,False,False,False,False,False,False,NONE,NORMAL,False,False
573.0,59.32825049990173,59.258124375927224,60.0,56.87782722185783,56.87782722185783,50.0,4.550226177748626,3.8489649380036974,False,False,False,False,False,False,False,False,NONE,NORMAL,False,False
574.0,59.39761480875364,59.32825049990173,60.0,56.81105984538381,56.81105984538381,50.0,4.544884787630704,3.8512416991115255,False,False,False,False,False,False,False,False,NONE,NORMAL,False,False
575.0,59.46622322812486,59.39761480875364,60.0,56.74470746248814,56.74470746248814,50.0,4.539576596999051,3.8534924032867135,False,False,False,False,False,False,False,False,NONE,NORMAL,False,False
576.0,59.5340816427141,59.46622322812486,60.0,56.67876792697629,56.67876792697629,50.0,4.534301434158103,3.8557172882657276,False,False,False,False,False,False,False,False,NONE,NORMAL,False,False
577.0,59.60119589660864,59.5340816427141,60.0,56.61323910417348,56.61323910417348,50.0,4.529059128333879,3.857916589388439,False,False,False,False,False,False,False,False,NONE,NORMAL,False,False
578.0,59.66757179361185,59.60119589660864,60.0,56.5481188707959,56.5481188707959,50.0,4.523849509663672,3.860090539631442,False,False,False,False,False,False,False,False,NONE,NORMAL,False,False
579.0,59.73321509756637,59.66757179361185,60.0,56.48340511482463,56.48340511482463,50.0,4.51867240918597,3.862239369640748,False,False,False,False,False,False,False,False,NONE,NORMAL,False,False
580.0,59.79813153267305,59.73321509756637,60.0,56.41909573538227,56.41909573538227,50.0,4.513527658830582,3.864363307763854,False,False,False,False,False,False,False,False,NONE,NORMAL,False,False
581.0,59.86232678380583,59.79813153267305,60.0,56.355188642612234,56.355188642612234,50.0,4.5084150914089784,3.866462580081212,False,False,False,False,False,False,False,False,NONE,NORMAL,False,False
582.0,59.925806496822595,59.86232678380583,60.0,56.29168175756042,56.29168175756042,50.0,4.5033345406048335,3.8685374104371095,False,False,False,False,False,False,False,False,NONE,NORMAL,False,False
583.0,59.988576278872074,59.925806496822595,60.0,56.228573012059535,56.228573012059535,50.0,4.498285840964763,3.870588020469971,False,False,False,False,False,False,False,False,NONE,NORMAL,False,False
584.0,60.05064169869679,59.988576278872074,60.0,56.165860348615695,56.165860348615695,50.0,4.493268827889255,3.8726146296421,False,False,False,False,False,False,False,False,NONE,NORMAL,False,False
585.0,60.11200828693228,60.05064169869679,60.0,56.103541720297486,56.103541720297486,50.0,4.488283337623799,3.8746174552688677,False,False,False,False,False,False,False,False,NONE,NORMAL,False,False
586.0,60.172681536402564,60.11200828693228,60.0,56.04161509062734,56.04161509062734,50.0,4.483329207250187,3.8765967125473693,False,False,False,False,False,False,False,False,NONE,NORMAL,False,False
587.0,60.2326669024119,60.172681536402564,60.0,55.98007843347504,55.98007843347504,50.0,4.478406274678004,3.878552614584549,False,False,False,False,False,False,False,False,NONE,NORMAL,False,False
588.0,60.29196980303304,60.2326669024119,60.0,55.91892973295365,55.91892973295365,50.0,4.473514378636292,3.880485372424818,False,False,False,False,False,False,False,False,NONE,NORMAL,False,False
589.0,60.35059561939187,60.29196980303304,60.0,55.858166983317346,55.858166983317346,50.0,4.468653358665388,3.882395195077165,False,False,False,False,False,False,False,False,NONE,NORMAL,False,False
590.0,60.40854969594858,60.35059561939187,60.0,55.79778818886156,55.79778818886156,50.0,4.463823055108925,3.8842822895417846,False,False,False,False,False,False,False,False,NONE,NORMAL,False,False
591.0,60.46583734077555,60.40854969594858,60.0,55.73779136382511,55.73779136382511,50.0,4.4590233091060085,3.886146860836212,False,False,False,False,False,False,False,False,NONE,NORMAL,False,False
592.0,60.52246382583179,60.46583734077555,60.0,55.678174532294264,55.678174532294264,50.0,4.454253962583541,3.887989112021006,False,False,False,False,False,False,False,False,NONE,NORMAL,False,False
593.0,60.57843438723417,60.52246382583179,60.0,55.618935728108866,55.618935728108866,50.0,4.449514858248709,3.8898092442249594,False,False,False,False,False,False,False,False,NONE,NORMAL,False,False
594.0,60.63375422552534,60.57843438723417,60.0,55.560072994770316,55.560072994770316,50.0,4.444805839581625,3.8916074566698713,False,False,False,False,False,False,False,False,NONE,NORMAL,False,False
595.0,60.68842850593865,60.63375422552534,60.0,55.501584385351514,55.501584385351514,50.0,4.440126750828121,3.893383946694872,False,False,False,False,False,False,False,False,NONE,NORMAL,False,False
596.0,60.7424623586599,60.68842850593865,60.0,55.443467962408505,55.443467962408505,50.0,4.435477436992681,3.895138909780326,False,False,False,False,False,False,False,False,NONE,NORMAL,False,False
597.0,60.79586087908591,60.7424623586599,60.0,55.385721797893964,55.385721797893964,50.0,4.430857743831517,3.896872539571313,False,False,False,False,False,False,False,False,NONE,NORMAL,False,False
598.0,60.84862912808041,60.79586087908591,60.0,55.32834397307253,55.32834397307253,50.0,4.426267517845802,3.8985850279006966,False,False,False,False,False,False,False,False,NONE,NORMAL,False,False
599.0,60.900772132226734,60.84862912808041,60.0,55.27133257843762,55.27133257843762,50.0,4.42170660627501,3.900276564811796,False,False,False,False,False,False,False,False,NONE,NORMAL,False,False
600.0,60.95229488407771,60.900772132226734,60.0,55.21468571363017,55.21468571363017,50.0,4.417174857090413,3.9019473385806585,False,False,False,False,False,False,False,False,NONE,NORMAL,False,False
601.0,61.00320234240277,60.95229488407771,60.0,55.1584014873588,55.1584014873588,50.0,4.412672118988704,3.903597535737954,False,False,False,False,False,False,False,False,NONE,NORMAL,False,False
602.0,61.05349943243229,61.00320234240277,60.0,55.10247801732172,55.10247801732172,50.0,4.408198241385738,3.905227341090489,False,False,False,False,False,False,False,False,NONE,NORMAL,False,False
603.0,61.10319104609909,61.05349943243229,60.0,55.04691343013005,55.04691343013005,50.0,4.403753074410404,3.906836937742356,False,False,False,False,False,False,False,False,NONE,NORMAL,False,False
604.0,61.152282042277385,61.10319104609909,60.0,54.99170586123275,54.99170586123275,50.0,4.39933646889862,3.9084265071157183,False,False,False,False,False,False,False,False,NONE,NORMAL,False,False
605.0,61.200777247019,61.152282042277385,60.0,54.93685345484307,54.93685345484307,50.0,4.394948276387446,3.9099962289712438,False,False,False,False,False,False,False,False,NONE,NORMAL,False,False
606.0,61.2486814537871,61.200777247019,60.0,54.88235436386636,54.88235436386636,50.0,4.390588349109309,3.9115462814281967,False,False,False,False,False,False,False,False,NONE,NORMAL,False,False
607.0,61.29599942368732,61.2486814537871,60.0,54.82820674982932,54.82820674982932,50.0,4.386256539986346,3.913076840984186,False,False,False,False,False,False,False,False,NONE,NORMAL,False,False
608.0,61.34273588569634,61.29599942368732,60.0,54.77440878281066,54.77440878281066,50.0,4.381952702624853,3.914588082534589,False,False,False,False,False,False,False,False,NONE,NORMAL,False,False
609.0,61.388895536888164,61.34273588569634,60.0,54.72095864137315,54.72095864137315,50.0,4.377676691309852,3.9160801793916433,False,False,False,False,False,False,False,False,NONE,NORMAL,False,False
610.0,61.43448304265782,61.388895536888164,60.0,54.667854512496895,54.667854512496895,50.0,4.3734283609997515,3.917553303303229,False,False,False,False,False,False,False,False,NONE,NORMAL,False,False
611.0,61.47950303694279,61.43448304265782,60.0,54.61509459151395,54.61509459151395,50.0,4.369207567321116,3.9190076244713348,False,False,False,False,False,False,False,False,NONE,NORMAL,False,False
612.0,61.52396012244212,61.47950303694279,60.0,54.56267708204427,54.56267708204427,50.0,4.365014166563541,3.920443311570223,False,False,False,False,False,False,False,False,NONE,NORMAL,False,False
613.0,61.56785887083315,61.52396012244212,60.0,54.510600195932724,54.510600195932724,50.0,4.360848015674618,3.9218605317642963,False,False,False,False,False,False,False,False,NONE,NORMAL,False,False
614.0,61.61120382298609,61.56785887083315,60.0,54.45886215318753,54.45886215318753,50.0,4.356708972255003,3.92325945072567,False,False,False,False,False,False,False,False,NONE,NORMAL,False,False
615.0,61.6539994891763,61.61120382298609,60.0,54.407461181919665,54.407461181919665,50.0,4.352596894553574,3.9246402326514622,False,False,False,False,False,False,False,False,NONE,NORMAL,False,False
616.0,61.69625034929449,61.6539994891763,60.0,54.35639551828358,54.35639551828358,50.0,4.348511641462686,3.926003040280799,False,False,False,False,False,False,False,False,NONE,NORMAL,False,False
617.0,61.73796085305467,61.69625034929449,60.0,54.305663406418915,54.305663406418915,50.0,4.344453072513513,3.9273480349115513,False,False,False,False,False,False,False,False,NONE,NORMAL,False,False
618.0,61.77913542020015,61.73796085305467,60.0,54.255263098393456,54.255263098393456,50.0,4.340421047871477,3.9286753764167983,False,False,False,False,False,False,False,False,NONE,NORMAL,False,False
619.0,61.81977844070722,61.77913542020015,60.0,54.20519285414698,54.20519285414698,50.0,4.336415428331758,3.9299852232610286,False,False,False,False,False,False,False,False,NONE,NORMAL,False,False
620.0,61.85989427498709,61.81977844070722,60.0,54.15545094143637,54.15545094143637,50.0,4.332436075314909,3.931277732516084,False,False,False,False,False,False,False,False,NONE,NORMAL,False,False
621.0,61.89948725408566,61.85989427498709,60.0,54.106035635781566,54.106035635781566,50.0,4.3284828508625255,3.9325530598768497,False,False,False,False,False,False,False,False,NONE,NORMAL,False,False
622.0,61.938561679881296,61.89948725408566,60.0,54.056945220412565,54.056945220412565,50.0,4.324555617633005,3.933811359676696,False,False,False,False,False,False,False,False,NONE,NORMAL,False,False
623.0,61.97712182528077,61.938561679881296,60.0,54.008177986217525,54.008177986217525,50.0,4.320654238897402,3.9350527849026786,False,False,False,False,False,False,False,False,NONE,NORMAL,False,False
624.0,62.015171934413246,61.97712182528077,60.0,53.959732231691646,53.959732231691646,50.0,4.316778578535332,3.9362774872104977,False,False,False,False,False,False,False,False,NONE,NORMAL,False,False
625.0,62.05271622282241,62.015171934413246,60.0,53.9116062628871,53.9116062628871,50.0,4.312928501030968,3.93748561693923,False,False,False,False,False,False,False,False,NONE,NORMAL,False,False
626.0,62.08975887765674,62.05271622282241,60.0,53.86379839336382,53.86379839336382,50.0,4.309103871469106,3.9386773231258236,False,False,False,False,False,False,False,False,NONE,NORMAL,False,False
627.0,62.12630405785793,62.08975887765674,60.0,53.8163069441412,53.8163069441412,50.0,4.305304555531296,3.939852753519373,False,False,False,False,False,False,False,False,NONE,NORMAL,False,False
628.0,62.16235589434762,62.12630405785793,60.0,53.76913024365073,53.76913024365073,50.0,4.3015304194920585,3.941012054595175,False,False,False,False,False,False,False,False,NONE,NORMAL,False,False
629.0,62.19791849021227,62.16235589434762,60.0,53.7222666276893,53.7222666276893,50.0,4.297781330215144,3.942155371568567,False,False,False,False,False,False,False,False,NONE,NORMAL,False,False
630.0,62.23299592088639,62.19791849021227,60.0,53.67571443937359,53.67571443937359,50.0,4.294057155149887,3.9432828484085523,False,False,False,False,False,False,False,False,NONE,NORMAL,False,False
631.0,62.267592234334025,62.23299592088639,60.0,53.62947202909504,53.62947202909504,50.0,4.290357762327603,3.9443946278512243,False,False,False,False,False,False,False,False,NONE,NORMAL,False,False
632.0,62.301711451228535,62.267592234334025,60.0,53.583537754475735,53.583537754475735,50.0,4.286683020358058,3.945490851412978,False,False,False,False,False,False,False,False,NONE,NORMAL,False,False
633.0,62.33535756513079,62.301711451228535,60.0,53.53790998032509,53.53790998032509,50.0,4.2830327984260075,3.94657165940353,False,False,False,False,False,False,False,False,NONE,NORMAL,False,False
634.0,62.368534542665685,62.33535756513079,60.0,53.492587078597175,53.492587078597175,50.0,4.279406966287774,3.947637190938739,False,False,False,False,False,False,False,False,NONE,NORMAL,False,False
635.0,62.40124632369716,62.368534542665685,60.0,53.447567428348954,53.447567428348954,50.0,4.275805394267916,3.948687583953233,False,False,False,False,False,False,False,False,NONE,NORMAL,False,False
636.0,62.433496821501464,62.40124632369716,60.0,53.402849415698995,53.402849415698995,50.0,4.2722279532559195,3.9497229752128553,False,False,False,False,False,False,False,False,NONE,NORMAL,False,False
637.0,62.46528992293907,62.433496821501464,60.0,53.35843143378719,53.35843143378719,50.0,4.268674514702975,3.950743500326915,False,False,False,False,False,False,False,False,NONE,NORMAL,False,False
638.0,62.49662948862492,62.46528992293907,60.0,53.314311882734884,53.314311882734884,50.0,4.265144950618791,3.9517492937602667,False,False,False,False,False,False,False,False,NONE,NORMAL,False,False
639.0,62.52751935309725,62.49662948862492,60.0,53.27048916960591,53.27048916960591,50.0,4.2616391335684725,3.952740488845205,False,False,False,False,False,False,False,False,NONE,NORMAL,False,False
640.0,62.55796332498487,62.52751935309725,60.0,53.226961708368094,53.226961708368094,50.0,4.258156936669447,3.9537172177931885,False,False,False,False,False,False,False,False,NONE,NORMAL,False,False
641.0,62.587965187173076,62.55796332498487,60.0,53.18372791985554,53.18372791985554,50.0,4.254698233588443,3.9546796117063914,False,False,False,False,False,False,False,False,NONE,NORMAL,False,False
642.0,62.617528696968016,62.587965187173076,60.0,53.140786231731475,53.140786231731475,50.0,4.251262898538518,3.955627800589088,False,False,False,False,False,False,False,False,NONE,NORMAL,False,False
643.0,62.64665758625975,62.617528696968016,60.0,53.09813507845169,53.09813507845169,50.0,4.247850806276135,3.95656191335887,False,False,False,False,False,False,False,False,NONE,NORMAL,False,False
644.0,62.67535556168382,62.64665758625975,60.0,53.055772901228664,53.055772901228664,50.0,4.244461832098293,3.957482077857705,False,False,False,False,False,False,False,False,NONE,NORMAL,False,False
645.0,62.7036263047815,62.67535556168382,60.0,53.01369814799617,53.01369814799617,50.0,4.2410958518396935,3.9583884208628333,False,False,False,False,False,False,False,False,NONE,NORMAL,False,False
646.0,62.73147347215875,62.7036263047815,60.0,52.971909273374585,52.971909273374585,50.0,4.237752741869967,3.9592810680975123,False,False,False,False,False,False,False,False,NONE,NORMAL,False,False
647.0,62.758900695643675,62.73147347215875,60.0,52.93040473863655,52.93040473863655,50.0,4.234432379090924,3.9601601442416046,False,False,False,False,False,False,False,False,NONE,NORMAL,False,False
648.0,62.785911582442864,62.758900695643675,60.0,52.8891830116734,52.8891830116734,50.0,4.231134640933872,3.961025772942019,False,False,False,False,False,False,False,False,NONE,NORMAL,False,False
649.0,62.81250971529626,62.785911582442864,60.0,52.84824256696199,52.84824256696199,50.0,4.227859405356959,3.9618780768230004,False,False,False,False,False,False,False,False,NONE,NORMAL,False,False
650.0,62.83869865263089,62.81250971529626,60.0,52.807581885532116,52.807581885532116,50.0,4.224606550842569,3.9627171774962777,False,False,False,False,False,False,False,False,NONE,NORMAL,False,False
651.0,62.86448192871325,62.83869865263089,60.0,52.76719945493433,52.76719945493433,50.0,4.221375956394747,3.963543195571069,False,False,False,False,False,False,False,False,NONE,NORMAL,False,False
652.0,62.88986305380052,62.86448192871325,60.0,52.7270937692084,52.7270937692084,50.0,4.218167501536672,3.964356250663948,False,False,False,False,False,False,False,False,NONE,NORMAL,False,False
653.0,62.91484551429048,62.88986305380052,60.0,52.68726332885213,52.68726332885213,50.0,4.21498106630817,3.96515646140857,False,False,False,False,False,False,False,False,NONE,NORMAL,False,False
654.0,62.93943277287028,62.91484551429048,60.0,52.647706640790716,52.647706640790716,50.0,4.211816531263257,3.9659439454652685,False,False,False,False,False,False,False,False,NONE,NORMAL,False,False
655.0,62.96362826866401,62.93943277287028,60.0,52.60842221834656,52.60842221834656,50.0,4.208673777467725,3.9667188195305156,False,False,False,False,False,False,False,False,NONE,NORMAL,False,False
656.0,62.987435417379054,62.96362826866401,60.0,52.569408581209515,52.569408581209515,50.0,4.205552686496762,3.9674811993462553,False,False,False,False,False,False,False,False,NONE,NORMAL,False,False
657.0,63.01085761145141,62.987435417379054,60.0,52.53066425540758,52.53066425540758,50.0,4.202453140432606,3.968231199709105,False,False,False,False,False,False,False,False,NONE,NORMAL,False,False
658.0,63.03389822018969,63.01085761145141,60.0,52.49218777327797,52.49218777327797,50.0,4.199375021862237,3.968968934479439,False,False,False,False,False,False,False,False,NONE,NORMAL,False,False
659.0,63.05656058991816,63.03389822018969,60.0,52.453977673438736,52.453977673438736,50.0,4.196318213875099,3.9696945165903412,False,False,False,False,False,False,False,False,NONE,NORMAL,False,False
660.0,63.07884804411861,63.05656058991816,60.0,52.41603250076068,52.41603250076068,50.0,4.193282600060854,3.970408058056444,False,False,False,False,False,False,False,False,NONE,NORMAL,False,False
661.0,63.10076388357108,63.07884804411861,60.0,52.37835080633964,52.37835080633964,50.0,4.190268064507171,3.9711096699826425,False,False,False,False,False,False,False,False,NONE,NORMAL,False,False
662.0,63.12231138649356,63.10076388357108,60.0,52.34093114746931,52.34093114746931,50.0,4.187274491797545,3.971799462572698,False,False,False,False,False,False,False,False,NONE,NORMAL,False,False
663.0,63.14349380868071,63.12231138649356,60.0,52.30377208761436,52.30377208761436,50.0,4.184301767009149,3.972477545137718,False,False,False,False,False,False,False,False,NONE,NORMAL,False,False
664.0,63.16431438364132,63.14349380868071,60.0,52.26687219638381,52.26687219638381,50.0,4.1813497757107045,3.973144026104538,False,False,False,False,False,False,False,False,NONE,NORMAL,False,False
665.0,63.18477632273496,63.16431438364132,60.0,52.230230049504996,52.230230049504996,50.0,4.1784184039604,3.973799013023976,False,False,False,False,False,False,False,False,NONE,NORMAL,False,False
666.0,63.20488281530745,63.18477632273496,60.0,52.19384422879768,52.19384422879768,50.0,4.1755075383038145,3.974442612578994,False,False,False,False,False,False,False,False,NONE,NORMAL,False,False
667.0,63.224637028825356,63.20488281530745,60.0,52.15771332214865,52.15771332214865,50.0,4.172617065771892,3.975074930592738,False,False,False,False,False,False,False,False,NONE,NORMAL,False,False
668.0,63.24404210900959,63.224637028825356,60.0,52.12183592348662,52.12183592348662,50.0,4.16974687387893,3.9756960720364853,False,False,False,False,False,False,False,False,NONE,NORMAL,False,False
669.0,63.263101179967904,63.24404210900959,60.0,52.086210632757336,52.086210632757336,50.0,4.166896850620587,3.9763061410374827,False,False,False,False,False,False,False,False,NONE,NORMAL,False,False
670.0,63.28181734432643,63.263101179967904,60.0,52.05083605589918,52.05083605589918,50.0,4.164066884471935,3.9769052408866843,False,False,False,False,False,False,False,False,NONE,NORMAL,False,False
671.0,63.30019368336033,63.28181734432643,60.0,52.01571080481903,52.01571080481903,50.0,4.161256864385522,3.9774934740463888,False,False,False,False,False,False,False,False,NONE,NORMAL,False,False
672.0,63.31823325712349,63.30019368336033,60.0,51.98083349736832,51.98083349736832,50.0,4.158466679789466,3.978070942157779,False,False,False,False,False,False,False,False,NONE,NORMAL,False,False
673.0,63.3359391045772,63.31823325712349,60.0,51.94620275731955,51.94620275731955,50.0,4.155696220585564,3.9786377460483724,False,False,False,False,False,False,False,False,NONE,NORMAL,False,False
674.0,63.353314243717996,63.3359391045772,60.0,51.911817214342946,51.911817214342946,50.0,4.152945377147436,3.979193985739361,False,False,False,False,False,False,False,False,NONE,NORMAL,False,False
675.0,63.370361671704586,63.353314243717996,60.0,51.87767550398357,51.87767550398357,50.0,4.150214040318685,3.979739760452874,False,False,False,False,False,False,False,False,NONE,NORMAL,False,False
676.0,63.38708436498377,63.370361671704586,60.0,51.843776267638454,51.843776267638454,50.0,4.147502101411076,3.980275168619143,False,False,False,False,False,False,False,False,NONE,NORMAL,False,False
677.0,63.4034852794157,63.38708436498377,60.0,51.81011815253435,51.81011815253435,50.0,4.144809452202748,3.980800307883572,False,False,False,False,False,False,False,False,NONE,NORMAL,False,False
678.0,63.419567350397976,63.4034852794157,60.0,51.77669981170534,51.77669981170534,50.0,4.142135984936427,3.981315275113731,False,False,False,False,False,False,False,False,NONE,NORMAL,False,False
679.0,63.43533349298913,63.419567350397976,60.0,51.74351990397107,51.74351990397107,50.0,4.1394815923176855,3.9818201664062496,False,False,False,False,False,False,False,False,NONE,NORMAL,False,False
680.0,63.45078660203109,63.43533349298913,60.0,51.71057709391497,51.71057709391497,50.0,4.136846167513197,3.982315077093635,False,False,False,False,False,False,False,False,NONE,NORMAL,False,False
681.0,63.46592955227089,63.45078660203109,60.0,51.67787005186286,51.67787005186286,50.0,4.134229604149029,3.9828001017509997,False,False,False,False,False,False,False,False,NONE,NORMAL,False,False
682.0,63.480765198481514,63.46592955227089,60.0,51.645397453861705,51.645397453861705,50.0,4.131631796308937,3.9832753342027116,False,False,False,False,False,False,False,False,NONE,NORMAL,False,False
683.0,63.49529637558189,63.480765198481514,60.0,51.61315798165868,51.61315798165868,50.0,4.129052638532695,3.983740867528959,False,False,False,False,False,False,False,False,NONE,NORMAL,False,False
684.0,63.5095258987561,63.49529637558189,60.0,51.581150322680394,51.581150322680394,50.0,4.126492025814431,3.9841967940722345,False,False,False,False,False,False,False,False,NONE,NORMAL,False,False
685.0,63.52345656357182,63.5095258987561,60.0,51.549373170012394,51.549373170012394,50.0,4.123949853600991,3.984643205443748,False,False,False,False,False,False,False,False,NONE,NORMAL,False,False
686.0,63.537091146097865,63.52345656357182,60.0,51.517825222378825,51.517825222378825,50.0,4.121426017790306,3.9850801925297508,False,False,False,False,False,False,False,False,NONE,NORMAL,False,False
687.0,63.55043240302108,63.537091146097865,60.0,51.48650518412229,51.48650518412229,50.0,4.118920414729783,3.9855078454977937,False,False,False,False,False,False,False,False,NONE,NORMAL,False,False
688.0,63.56348307176226,63.55043240302108,60.0,51.455411765183975,51.455411765183975,50.0,4.116432941214718,3.985926253802906,False,False,False,False,False,False,False,False,NONE,NORMAL,False,False
689.0,63.57624587059158,63.56348307176226,60.0,51.424543681083975,51.424543681083975,50.0,4.113963494486718,3.986335506193698,False,False,False,False,False,False,False,False,NONE,NORMAL,False,False
690.0,63.58872349874296,63.57624587059158,60.0,51.393899652901695,51.393899652901695,50.0,4.111511972232136,3.986735690718397,False,False,False,False,False,False,False,False,NONE,NORMAL,False,False
691.0,63.600918636527936,63.58872349874296,60.0,51.36347840725661,51.36347840725661,50.0,4.109078272580529,3.9871268947308085,False,False,False,False,False,False,False,False,NONE,NORMAL,False,False
692.0,63.61283394544862,63.600918636527936,60.0,51.33327867628899,51.33327867628899,50.0,4.10666229410312,3.9875092048962073,False,False,False,False,False,False,False,False,NONE,NORMAL,False,False
693.0,63.624472068310034,63.61283394544862,60.0,51.30329919764106,51.30329919764106,50.0,4.104263935811285,3.9878827071971608,False,False,False,False,False,False,False,False,NONE,NORMAL,False,False
694.0,63.6358356293316,63.624472068310034,60.0,51.273538714438104,51.273538714438104,50.0,4.101883097155048,3.988247486939283,False,False,False,False,False,False,False,False,NONE,NORMAL,False,False
695.0,63.646927234258065,63.6358356293316,60.0,51.243995975269875,51.243995975269875,50.0,4.09951967802159,3.9886036287569238,False,False,False,False,False,False,False,False,NONE,NORMAL,False,False
696.0,63.65774947046956,63.646927234258065,60.0,51.21466973417212,51.21466973417212,50.0,4.09717357873377,3.988951216618789,False,False,False,False,False,False,False,False,NONE,NORMAL,False,False
697.0,63.66830490709108,63.65774947046956,60.0,51.18555875060828,51.18555875060828,50.0,4.094844700048663,3.989290333833499,False,False,False,False,False,False,False,False,NONE,NORMAL,False,False
698.0,63.678596095101184,63.66830490709108,60.0,51.15666178945131,51.15666178945131,50.0,4.092532943156105,3.9896210630550826,False,False,False,False,False,False,False,False,NONE,NORMAL,False,False
699.0,63.688625567440084,63.678596095101184,60.0,51.127977620965694,51.127977620965694,50.0,4.090238209677255,3.989943486288408,False,False,False,False,False,False,False,False,NONE,NORMAL,False,False
700.0,63.69839583911694,63.688625567440084,60.0,51.09950502078959,51.09950502078959,50.0,4.087960401663167,3.990257684894551,False,False,False,False,False,False,False,False,NONE,NORMAL,False,False
701.0,63.70790940731666,63.69839583911694,60.0,51.07124276991715,51.07124276991715,50.0,4.085699421593372,3.990563739596103,False,False,False,False,False,False,False,False,NONE,NORMAL,False,False
702.0,63.717168751505874,63.70790940731666,60.0,51.04318965468085,51.04318965468085,50.0,4.083455172374468,3.990861730482424,False,False,False,False,False,False,False,False,NONE,NORMAL,False,False
703.0,63.72617633353826,63.717168751505874,60.0,51.01534446673411,51.01534446673411,50.0,4.081227557338729,3.9911517370148264,False,False,False,False,False,False,False,False,NONE,NORMAL,False,False
704.0,63.73493459775936,63.72617633353826,60.0,50.98770600303403,50.98770600303403,50.0,4.079016480242722,3.9914338380317123,False,False,False,False,False,False,False,False,NONE,NORMAL,False,False
705.0,63.74344597111059,63.73493459775936,60.0,50.960273065824126,50.960273065824126,50.0,4.07682184526593,3.991708111753644,False,False,False,False,False,False,False,False,NONE,NORMAL,False,False
706.0,63.75171286323269,63.74344597111059,60.0,50.933044462617346,50.933044462617346,50.0,4.074643557009388,3.9919746357883645,False,False,False,False,False,False,False,False,NONE,NORMAL,False,False
707.0,63.75973766656855,63.75171286323269,60.0,50.90601900617907,50.90601900617907,50.0,4.072481520494326,3.992233487135763,False,False,False,False,False,False,False,False,NONE,NORMAL,False,False
708.0,63.76752275646535,63.75973766656855,60.0,50.87919551451037,50.87919551451037,50.0,4.070335641160829,3.9924847421927785,False,False,False,False,False,False,False,False,NONE,NORMAL,False,False
709.0,63.775070491276175,63.76752275646535,60.0,50.85257281083125,50.85257281083125,50.0,4.068205824866499,3.99272847675826,False,False,False,False,False,False,False,False,NONE,NORMAL,False,False
710.0,63.782383212460914,63.775070491276175,60.0,50.82614972356404,50.82614972356404,50.0,4.066091977885123,3.9929647660377676,False,False,False,False,False,False,False,False,NONE,NORMAL,False,False
711.0,63.789463244686615,63.782383212460914,60.0,50.799925086316996,50.799925086316996,50.0,4.06399400690536,3.99319368464832,False,False,False,False,False,False,False,False,NONE,NORMAL,False,False
712.0,63.796312895927244,63.789463244686615,60.0,50.77389773786786,50.77389773786786,50.0,4.061911819029429,3.993415306623098,False,False,False,False,False,False,False,False,NONE,NORMAL,False,False
713.0,63.80293445756282,63.796312895927244,60.0,50.748066522147596,50.748066522147596,50.0,4.059845321771808,3.9936297054160907,False,False,False,False,False,False,False,False,NONE,NORMAL,False,False
714.0,63.809330204477945,63.80293445756282,60.0,50.72243028822421,50.72243028822421,50.0,4.057794423057937,3.993836953906695,False,False,False,False,False,False,False,False,NONE,NORMAL,False,False
715.0,63.81550239515982,63.809330204477945,60.0,50.69698789028669,50.69698789028669,50.0,4.0557590312229355,3.9940371244042643,False,False,False,False,False,False,False,False,NONE,NORMAL,False,False
716.0,63.82145327179559,63.81550239515982,60.0,50.67173818762902,50.67173818762902,50.0,4.053739055010322,3.9942302886526155,False,False,False,False,False,False,False,False,NONE,NORMAL,False,False
717.0,63.82718506036921,63.82145327179559,60.0,50.646680044634266,50.646680044634266,50.0,4.051734403570741,3.9944165178344755,False,False,False,False,False,False,False,False,NONE,NORMAL,False,False
718.0,63.83269997075769,63.82718506036921,60.0,50.62181233075881,50.62181233075881,50.0,4.049744986460705,3.994595882575896,False,False,False,False,False,False,False,False,NONE,NORMAL,False,False
719.0,63.83800019682676,63.83269997075769,60.0,50.59713392051654,50.59713392051654,50.0,4.047770713641324,3.994768452950612,False,False,False,False,False,False,False,False,NONE,NORMAL,False,False
720.0,63.84308791652603,63.83800019682676,60.0,50.572643693463334,50.572643693463334,50.0,4.045811495477067,3.9949342984843557,False,False,False,False,False,False,False,False,NONE,NORMAL,False,False
721.0,63.84796529198356,63.84308791652603,60.0,50.548340534181435,50.548340534181435,50.0,4.043867242734515,3.9950934881591325,False,False,False,False,False,False,False,False,NONE,NORMAL,False,False
722.0,63.852634469599934,63.84796529198356,60.0,50.524223332263986,50.524223332263986,50.0,4.041937866581119,3.9952460904174463,False,False,False,False,False,False,False,False,NONE,NORMAL,False,False
723.0,63.857097580141684,63.852634469599934,60.0,50.50029098229961,50.50029098229961,50.0,4.040023278583969,3.995392173166482,False,False,False,False,False,False,False,False,NONE,NORMAL,False,False
724.0,63.86135673883431,63.857097580141684,60.0,50.47654238385716,50.47654238385716,50.0,4.038123390708573,3.995531803782248,False,False,False,False,False,False,False,False,NONE,NORMAL,False,False
725.0,63.865414045454706,63.86135673883431,60.0,50.452976441470355,50.452976441470355,50.0,4.036238115317628,3.995665049113674,False,False,False,False,False,False,False,False,NONE,NORMAL,False,False
726.0,63.869271584423025,63.865414045454706,60.0,50.42959206462269,50.42959206462269,50.0,4.034367365169815,3.9957919754866715,False,False,False,False,False,False,False,False,NONE,NORMAL,False,False
727.0,63.87293142489406,63.869271584423025,60.0,50.40638816773225,50.40638816773225,50.0,4.03251105341858,3.9959126487081464,False,False,False,False,False,False,False,False,NONE,NORMAL,False,False
728.0,63.87639562084817,63.87293142489406,60.0,50.383363670136745,50.383363670136745,50.0,4.03066909361094,3.996027134069977,False,False,False,False,False,False,False,False,NONE,NORMAL,False,False
729.0,63.879666211181494,63.87639562084817,60.0,50.3605174960784,50.3605174960784,50.0,4.028841399686272,3.9961354963529505,False,False,False,False,False,False,False,False,NONE,NORMAL,False,False
730.0,63.88274521979594,63.879666211181494,60.0,50.33784857468917,50.33784857468917,50.0,4.027027885975134,3.9962377998306575,False,False,False,False,False,False,False,False,NONE,NORMAL,False,False
731.0,63.88563465568842,63.88274521979594,60.0,50.31535583997574,50.31535583997574,50.0,4.025228467198059,3.9963341082733543,False,False,False,False,False,False,False,False,NONE,NORMAL,False,False
732.0,63.888336513039675,63.88563465568842,60.0,50.293038230804825,50.293038230804825,50.0,4.023443058464386,3.9964244849517803,False,False,False,False,False,False,False,False,NONE,NORMAL,False,False
733.0,63.8908527713027,63.888336513039675,60.0,50.27089469088836,50.27089469088836,50.0,4.0216715752710686,3.9965089926409423,False,False,False,False,False,False,False,False,NONE,NORMAL,False,False
734.0,63.893185395290466,63.8908527713027,60.0,50.24892416876883,50.24892416876883,50.0,4.019913933501506,3.9965876936238587,False,False,False,False,False,False,False,False,NONE,NORMAL,False,False
735.0,63.895336335263366,63.893185395290466,60.0,50.2271256178046,50.2271256178046,50.0,4.018170049424368,3.99666064969527,False,False,False,False,False,False,False,False,NONE,NORMAL,False,False
736.0,63.89730752701609,63.895336335263366,60.0,50.20549799615539,50.20549799615539,50.0,4.016439839692431,3.9967279221653107,False,False,False,False,False,False,False,False,NONE,NORMAL,False,False
737.0,63.899100891963926,63.89730752701609,60.0,50.18404026676758,50.18404026676758,50.0,4.014723221341407,3.9967895718631503,False,False,False,False,False,False,False,False,NONE,NORMAL,False,False
738.0,63.900718337228746,63.899100891963926,60.0,50.162751397359926,50.162751397359926,50.0,4.013020111788794,3.9968456591405905,False,False,False,False,False,False,False,False,NONE,NORMAL,False,False
739.0,63.90216175572445,63.900718337228746,60.0,50.14163036040896,50.14163036040896,50.0,4.011330428832717,3.9968962438756384,False,False,False,False,False,False,False,False,NONE,NORMAL,False,False
740.0,63.90343302624192,63.90216175572445,60.0,50.12067613313464,50.12067613313464,50.0,4.009654090650771,3.9969413854760383,False,False,False,False,False,False,False,False,NONE,NORMAL,False,False
741.0,63.904534013533535,63.90343302624192,60.0,50.099887697485954,50.099887697485954,50.0,4.0079910157988765,3.9969811428827735,False,False,False,False,False,False,False,False,NONE,NORMAL,False,False
742.0,63.905466568397195,63.904534013533535,60.0,50.07926404012667,50.07926404012667,50.0,4.006341123210134,3.997015574573532,False,False,False,False,False,False,False,False,NONE,NORMAL,False,False
743.0,63.90623252775994,63.905466568397195,60.0,50.05880415242102,50.05880415242102,50.0,4.004704332193682,3.9970447385661445,False,False,False,False,False,False,False,False,NONE,NORMAL,False,False
744.0,63.90683371476109,63.90623252775994,60.0,50.03850703041948,50.03850703041948,50.0,4.003080562433558,3.9970686924219834,False,False,False,False,False,False,False,False,NONE,NORMAL,False,False
745.0,63.90727193883491,63.90683371476109,60.0,50.018371674844516,50.018371674844516,50.0,4.001469733987562,3.997087493249338,False,False,False,False,False,False,False,False,NONE,NORMAL,False,False
746.0,63.90754899579284,63.90727193883491,60.0,49.99839709107653,49.99839709107653,50.0,3.999871767286122,3.997101197706749,False,False,False,False,False,False,False,False,NONE,NORMAL,False,False
747.0,63.90766666790532,63.90754899579284,60.0,49.97858228913964,49.97858228913964,50.0,3.998286583131171,3.9971098620063232,False,False,False,False,False,False,False,False,NONE,NORMAL,False,False
748.0,63.907626723983114,63.90766666790532,60.0,49.95892628368763,49.95892628368763,50.0,3.9967141026950106,3.997113541917008,False,False,False,False,False,False,False,False,NONE,NORMAL,False,False
749.0,63.90743091945825,63.907626723983114,60.0,49.93942809398992,49.93942809398992,50.0,3.9951542475191935,3.9971122927678397,False,False,False,False,False,False,False,False,NONE,NORMAL,False,False
750.0,63.90743091945825,63.90743091945825,60.0,49.92008674391749,0.0,0.0,0.0,0.0,False,False,True,False,False,False,False,True,EMERGENCY_STOP,TRIP: EMERGENCY_STOP,False,False
751.0,63.90743091945825,63.90743091945825,60.0,49.9005495893202,0.0,0.0,0.0,0.0,False,False,True,False,False,False,False,True,EMERGENCY_STOP,TRIP: EMERGENCY_STOP,False,False
752.0,63.90743091945825,63.90743091945825,60.0,49.881012434722905,0.0,0.0,0.0,0.0,False,False,True,False,False,False,False,True,EMERGENCY_STOP,TRIP: EMERGENCY_STOP,False,False
753.0,63.90743091945825,63.90743091945825,60.0,49.86147528012561,0.0,0.0,0.0,0.0,False,False,True,False,False,False,False,True,EMERGENCY_STOP,TRIP: EMERGENCY_STOP,False,False
754.0,63.90743091945825,63.90743091945825,60.0,49.84193812552832,0.0,0.0,0.0,0.0,False,False,True,False,False,False,False,True,EMERGENCY_STOP,TRIP: EMERGENCY_STOP,False,False
755.0,63.90743091945825,63.90743091945825,60.0,49.82240097093103,0.0,0.0,0.0,0.0,False,False,True,False,False,False,False,True,EMERGENCY_STOP,TRIP: EMERGENCY_STOP,False,False
756.0,63.90743091945825,63.90743091945825,60.0,49.80286381633374,0.0,0.0,0.0,0.0,False,False,True,False,False,False,False,True,EMERGENCY_STOP,TRIP: EMERGENCY_STOP,False,False
757.0,63.90743091945825,63.90743091945825,60.0,49.783326661736446,0.0,0.0,0.0,0.0,False,False,True,False,False,False,False,True,EMERGENCY_STOP,TRIP: EMERGENCY_STOP,False,False
758.0,63.90743091945825,63.90743091945825,60.0,49.76378950713915,0.0,0.0,0.0,0.0,False,False,True,False,False,False,False,True,EMERGENCY_STOP,TRIP: EMERGENCY_STOP,False,False
759.0,63.90743091945825,63.90743091945825,60.0,49.744252352541864,0.0,0.0,0.0,0.0,False,False,True,False,False,False,False,True,EMERGENCY_STOP,TRIP: EMERGENCY_STOP,False,False
760.0,63.90743091945825,63.90743091945825,60.0,49.72471519794457,0.0,0.0,0.0,0.0,False,False,True,False,False,False,False,True,EMERGENCY_STOP,TRIP: EMERGENCY_STOP,False,False
761.0,63.90743091945825,63.90743091945825,60.0,49.705178043347274,0.0,0.0,0.0,0.0,False,False,True,False,False,False,False,True,EMERGENCY_STOP,TRIP: EMERGENCY_STOP,False,False
762.0,63.90743091945825,63.90743091945825,60.0,49.68564088874999,0.0,0.0,0.0,0.0,False,False,True,False,False,False,False,True,EMERGENCY_STOP,TRIP: EMERGENCY_STOP,False,False
763.0,63.90743091945825,63.90743091945825,60.0,49.66610373415269,0.0,0.0,0.0,0.0,False,False,True,False,False,False,False,True,EMERGENCY_STOP,TRIP: EMERGENCY_STOP,False,False
764.0,63.90743091945825,63.90743091945825,60.0,49.6465665795554,0.0,0.0,0.0,0.0,False,False,True,False,False,False,False,True,EMERGENCY_STOP,TRIP: EMERGENCY_STOP,False,False
765.0,63.90743091945825,63.90743091945825,60.0,49.62702942495811,0.0,0.0,0.0,0.0,False,False,True,False,False,False,False,True,EMERGENCY_STOP,TRIP: EMERGENCY_STOP,False,False
766.0,63.90743091945825,63.90743091945825,60.0,49.607492270360815,0.0,0.0,0.0,0.0,False,False,True,False,False,False,False,True,EMERGENCY_STOP,TRIP: EMERGENCY_STOP,False,False
767.0,63.90743091945825,63.90743091945825,60.0,49.58795511576352,0.0,0.0,0.0,0.0,False,False,True,False,False,False,False,True,EMERGENCY_STOP,TRIP: EMERGENCY_STOP,False,False
768.0,63.90743091945825,63.90743091945825,60.0,49.56841796116623,0.0,0.0,0.0,0.0,False,False,True,False,False,False,False,True,EMERGENCY_STOP,TRIP: EMERGENCY_STOP,False,False
769.0,63.90743091945825,63.90743091945825,60.0,49.54888080656894,0.0,0.0,0.0,0.0,False,False,True,False,False,False,False,True,EMERGENCY_STOP,TRIP: EMERGENCY_STOP,False,False
770.0,63.90743091945825,63.90743091945825,60.0,49.52934365197165,0.0,0.0,0.0,0.0,False,False,True,False,False,False,False,True,EMERGENCY_STOP,TRIP: EMERGENCY_STOP,False,False
771.0,63.90743091945825,63.90743091945825,60.0,49.509806497374356,0.0,0.0,0.0,0.0,False,False,True,False,False,False,False,True,EMERGENCY_STOP,TRIP: EMERGENCY_STOP,False,False
772.0,63.90743091945825,63.90743091945825,60.0,49.49026934277706,0.0,0.0,0.0,0.0,False,False,True,False,False,False,False,True,EMERGENCY_STOP,TRIP: EMERGENCY_STOP,False,False
773.0,63.90743091945825,63.90743091945825,60.0,49.470732188179774,0.0,0.0,0.0,0.0,False,False,True,False,False,False,False,True,EMERGENCY_STOP,TRIP: EMERGENCY_STOP,False,False
774.0,63.90743091945825,63.90743091945825,60.0,49.45119503358248,0.0,0.0,0.0,0.0,False,False,True,False,False,False,False,True,EMERGENCY_STOP,TRIP: EMERGENCY_STOP,False,False
775.0,63.90743091945825,63.90743091945825,60.0,49.431657878985185,0.0,0.0,0.0,0.0,False,False,True,False,False,False,False,True,EMERGENCY_STOP,TRIP: EMERGENCY_STOP,False,False
776.0,63.90743091945825,63.90743091945825,60.0,49.4121207243879,0.0,0.0,0.0,0.0,False,False,True,False,False,False,False,True,EMERGENCY_STOP,TRIP: EMERGENCY_STOP,False,False
777.0,63.90743091945825,63.90743091945825,60.0,49.3925835697906,0.0,0.0,0.0,0.0,False,False,True,False,False,False,False,True,EMERGENCY_STOP,TRIP: EMERGENCY_STOP,False,False
778.0,63.90743091945825,63.90743091945825,60.0,49.37304641519331,0.0,0.0,0.0,0.0,False,False,True,False,False,False,False,True,EMERGENCY_STOP,TRIP: EMERGENCY_STOP,False,False
779.0,63.90743091945825,63.90743091945825,60.0,49.35350926059602,0.0,0.0,0.0,0.0,False,False,True,False,False,False,False,True,EMERGENCY_STOP,TRIP: EMERGENCY_STOP,False,False
780.0,63.90743091945825,63.90743091945825,60.0,49.333972105998726,0.0,0.0,0.0,0.0,False,False,True,False,False,False,False,True,EMERGENCY_STOP,TRIP: EMERGENCY_STOP,False,False
781.0,63.90743091945825,63.90743091945825,60.0,49.31443495140144,0.0,0.0,0.0,0.0,False,False,True,False,False,False,False,True,EMERGENCY_STOP,TRIP: EMERGENCY_STOP,False,False
782.0,63.90743091945825,63.90743091945825,60.0,49.29489779680414,0.0,0.0,0.0,0.0,False,False,True,False,False,False,False,True,EMERGENCY_STOP,TRIP: EMERGENCY_STOP,False,False
783.0,63.90743091945825,63.90743091945825,60.0,49.27536064220685,0.0,0.0,0.0,0.0,False,False,True,False,False,False,False,True,EMERGENCY_STOP,TRIP: EMERGENCY_STOP,False,False
784.0,63.90743091945825,63.90743091945825,60.0,49.25582348760956,0.0,0.0,0.0,0.0,False,False,True,False,False,False,False,True,EMERGENCY_STOP,TRIP: EMERGENCY_STOP,False,False
785.0,63.90743091945825,63.90743091945825,60.0,49.236286333012266,0.0,0.0,0.0,0.0,False,False,True,False,False,False,False,True,EMERGENCY_STOP,TRIP: EMERGENCY_STOP,False,False
786.0,63.90743091945825,63.90743091945825,60.0,49.21674917841497,0.0,0.0,0.0,0.0,False,False,True,False,False,False,False,True,EMERGENCY_STOP,TRIP: EMERGENCY_STOP,False,False
787.0,63.90743091945825,63.90743091945825,60.0,49.197212023817684,0.0,0.0,0.0,0.0,False,False,True,False,False,False,False,True,EMERGENCY_STOP,TRIP: EMERGENCY_STOP,False,False
788.0,63.90743091945825,63.90743091945825,60.0,49.17767486922039,0.0,0.0,0.0,0.0,False,False,True,False,False,False,False,True,EMERGENCY_STOP,TRIP: EMERGENCY_STOP,False,False
789.0,63.90743091945825,63.90743091945825,60.0,49.158137714623095,0.0,0.0,0.0,0.0,False,False,True,False,False,False,False,True,EMERGENCY_STOP,TRIP: EMERGENCY_STOP,False,False
790.0,63.90743091945825,63.90743091945825,60.0,49.13860056002581,0.0,0.0,0.0,0.0,False,False,True,False,False,False,False,True,EMERGENCY_STOP,TRIP: EMERGENCY_STOP,False,False
791.0,63.90743091945825,63.90743091945825,60.0,49.11906340542851,0.0,0.0,0.0,0.0,False,False,True,False,False,False,False,True,EMERGENCY_STOP,TRIP: EMERGENCY_STOP,False,False
792.0,63.90743091945825,63.90743091945825,60.0,49.09952625083122,0.0,0.0,0.0,0.0,False,False,True,False,False,False,False,True,EMERGENCY_STOP,TRIP: EMERGENCY_STOP,False,False
793.0,63.90743091945825,63.90743091945825,60.0,49.07998909623393,0.0,0.0,0.0,0.0,False,False,True,False,False,False,False,True,EMERGENCY_STOP,TRIP: EMERGENCY_STOP,False,False
794.0,63.90743091945825,63.90743091945825,60.0,49.060451941636636,0.0,0.0,0.0,0.0,False,False,True,False,False,False,False,True,EMERGENCY_STOP,TRIP: EMERGENCY_STOP,False,False
795.0,63.90743091945825,63.90743091945825,60.0,49.04091478703935,0.0,0.0,0.0,0.0,False,False,True,False,False,False,False,True,EMERGENCY_STOP,TRIP: EMERGENCY_STOP,False,False
796.0,63.90743091945825,63.90743091945825,60.0,49.021377632442054,0.0,0.0,0.0,0.0,False,False,True,False,False,False,False,True,EMERGENCY_STOP,TRIP: EMERGENCY_STOP,False,False
797.0,63.90743091945825,63.90743091945825,60.0,49.00184047784476,0.0,0.0,0.0,0.0,False,False,True,False,False,False,False,True,EMERGENCY_STOP,TRIP: EMERGENCY_STOP,False,False
798.0,63.90743091945825,63.90743091945825,60.0,48.98230332324747,0.0,0.0,0.0,0.0,False,False,True,False,False,False,False,True,EMERGENCY_STOP,TRIP: EMERGENCY_STOP,False,False
799.0,63.90743091945825,63.90743091945825,60.0,48.96276616865018,0.0,0.0,0.0,0.0,False,False,True,False,False,False,False,True,EMERGENCY_STOP,TRIP: EMERGENCY_STOP,False,False
800.0,63.90743091945825,63.90743091945825,60.0,48.94322901405288,0.0,0.0,0.0,0.0,False,False,False,False,False,False,False,True,EMERGENCY_STOP,TRIP: EMERGENCY_STOP,False,False
801.0,63.90743091945825,63.90743091945825,60.0,48.923691859455595,0.0,0.0,0.0,0.0,False,False,False,False,False,False,False,True,EMERGENCY_STOP,TRIP: EMERGENCY_STOP,False,False
802.0,63.90743091945825,63.90743091945825,60.0,48.9041547048583,0.0,0.0,0.0,0.0,False,False,False,False,False,False,False,True,EMERGENCY_STOP,TRIP: EMERGENCY_STOP,False,False
803.0,63.90743091945825,63.90743091945825,60.0,48.884617550261005,0.0,0.0,0.0,0.0,False,False,False,False,False,False,False,True,EMERGENCY_STOP,TRIP: EMERGENCY_STOP,False,False
804.0,63.90743091945825,63.90743091945825,60.0,48.86508039566372,0.0,0.0,0.0,0.0,False,False,False,False,False,False,False,True,EMERGENCY_STOP,TRIP: EMERGENCY_STOP,False,False
805.0,63.90743091945825,63.90743091945825,60.0,48.84554324106642,0.0,0.0,0.0,0.0,False,False,False,False,False,False,False,True,EMERGENCY_STOP,TRIP: EMERGENCY_STOP,False,False
806.0,63.90743091945825,63.90743091945825,60.0,48.826006086469135,0.0,0.0,0.0,0.0,False,False,False,False,False,False,False,True,EMERGENCY_STOP,TRIP: EMERGENCY_STOP,False,False
807.0,63.90743091945825,63.90743091945825,60.0,48.80646893187184,0.0,0.0,0.0,0.0,False,False,False,False,False,False,False,True,EMERGENCY_STOP,TRIP: EMERGENCY_STOP,False,False
808.0,63.90743091945825,63.90743091945825,60.0,48.786931777274546,0.0,0.0,0.0,0.0,False,False,False,False,False,False,False,True,EMERGENCY_STOP,TRIP: EMERGENCY_STOP,False,False
809.0,63.90743091945825,63.90743091945825,60.0,48.76739462267726,0.0,0.0,0.0,0.0,False,False,False,False,False,False,False,True,EMERGENCY_STOP,TRIP: EMERGENCY_STOP,False,False
810.0,63.90743091945825,63.90743091945825,60.0,48.747857468079964,0.0,0.0,0.0,0.0,False,False,False,False,False,False,False,True,EMERGENCY_STOP,TRIP: EMERGENCY_STOP,False,False
811.0,63.90743091945825,63.90743091945825,60.0,48.72832031348267,0.0,0.0,0.0,0.0,False,False,False,False,False,False,False,True,EMERGENCY_STOP,TRIP: EMERGENCY_STOP,False,False
812.0,63.90743091945825,63.90743091945825,60.0,48.70878315888538,0.0,0.0,0.0,0.0,False,False,False,False,False,False,False,True,EMERGENCY_STOP,TRIP: EMERGENCY_STOP,False,False
813.0,63.90743091945825,63.90743091945825,60.0,48.68924600428809,0.0,0.0,0.0,0.0,False,False,False,False,False,False,False,True,EMERGENCY_STOP,TRIP: EMERGENCY_STOP,False,False
814.0,63.90743091945825,63.90743091945825,60.0,48.66970884969079,0.0,0.0,0.0,0.0,False,False,False,False,False,False,False,True,EMERGENCY_STOP,TRIP: EMERGENCY_STOP,False,False
815.0,63.90743091945825,63.90743091945825,60.0,48.650171695093505,0.0,0.0,0.0,0.0,False,False,False,False,False,False,False,True,EMERGENCY_STOP,TRIP: EMERGENCY_STOP,False,False
816.0,63.90743091945825,63.90743091945825,60.0,48.63063454049621,0.0,0.0,0.0,0.0,False,False,False,False,False,False,False,True,EMERGENCY_STOP,TRIP: EMERGENCY_STOP,False,False
817.0,63.90743091945825,63.90743091945825,60.0,48.611097385898915,0.0,0.0,0.0,0.0,False,False,False,False,False,False,False,True,EMERGENCY_STOP,TRIP: EMERGENCY_STOP,False,False
818.0,63.90743091945825,63.90743091945825,60.0,48.59156023130163,0.0,0.0,0.0,0.0,False,False,False,False,False,False,False,True,EMERGENCY_STOP,TRIP: EMERGENCY_STOP,False,False
819.0,63.90743091945825,63.90743091945825,60.0,48.57202307670433,0.0,0.0,0.0,0.0,False,False,False,False,False,False,False,True,EMERGENCY_STOP,TRIP: EMERGENCY_STOP,False,False
820.0,63.507720302513135,63.90743091945825,60.0,0.0,0.0,50.0,0.0,3.9971061694511647,False,False,False,False,False,False,False,False,NONE,NORMAL,True,True
821.0,63.10926164624341,63.507720302513135,60.0,0.0,0.0,50.0,0.0,3.9845865626973502,False,False,False,False,False,False,False,False,NONE,NORMAL,False,False
822.0,62.712054956828936,63.10926164624341,60.0,0.0,0.0,50.0,0.0,3.972066894144767,False,False,False,False,False,False,False,False,NONE,NORMAL,False,False
823.0,62.3161002404887,62.712054956828936,60.0,0.0,0.0,50.0,0.0,3.9595471634023043,False,False,False,False,False,False,False,False,NONE,NORMAL,False,False
824.0,61.92139750348119,62.3161002404887,60.0,0.0,0.0,50.0,0.0,3.9470273700751273,False,False,False,False,False,False,False,False,NONE,NORMAL,False,False
825.0,61.52794675210473,61.92139750348119,60.0,0.0,0.0,50.0,0.0,3.9345075137646255,False,False,False,False,False,False,False,False,NONE,NORMAL,False,False
826.0,61.1357479926979,61.52794675210473,60.0,0.0,0.0,50.0,0.0,3.921987594068368,False,False,False,False,False,False,False,False,NONE,NORMAL,False,False
827.0,60.7448012316399,61.1357479926979,60.0,0.0,0.0,50.0,0.0,3.9094676105800485,False,False,False,False,False,False,False,False,NONE,NORMAL,False,False
828.0,60.35510647535095,60.7448012316399,60.0,0.0,0.0,50.0,0.0,3.896947562889444,False,False,False,False,False,False,False,False,NONE,NORMAL,False,False
829.0,59.966663730292716,60.35510647535095,60.0,0.0,0.0,50.0,0.0,3.8844274505823555,False,False,False,False,False,False,False,False,NONE,NORMAL,False,False
830.0,59.5797410265771,59.966663730292716,60.0,0.03350295105582074,0.03350295105582074,50.0,0.002680236084465659,3.871907273240564,False,False,False,False,False,False,False,False,NONE,NORMAL,False,False
831.0,59.197181671041065,59.5797410265771,60.0,0.4225269496385474,0.4225269496385474,50.0,0.0338021559710838,3.859395711331539,False,False,False,False,False,False,False,False,NONE,NORMAL,False,False
832.0,58.818955950462794,59.197181671041065,60.0,0.8091003968193806,0.8091003968193806,50.0,0.06472803174555045,3.846985237528248,False,False,False,False,False,False,False,False,NONE,NORMAL,False,False
833.0,58.445034214690004,58.818955950462794,60.0,1.1932313376453378,1.1932313376453378,50.0,0.09545850701162703,3.8346758647395083,False,False,False,False,False,False,False,False,NONE,NORMAL,False,False
834.0,58.07538687790063,58.445034214690004,60.0,1.5749279023446774,1.5749279023446774,50.0,0.1259942321875742,3.822467600081458,False,False,False,False,False,False,False,False,NONE,NORMAL,False,False
835.0,57.70998441985624,58.07538687790063,60.0,1.9541983047445517,1.9541983047445517,50.0,0.15633586437956415,3.8103604448234494,False,False,False,False,False,False,False,False,NONE,NORMAL,False,False
836.0,57.34879738714827,57.70998441985624,60.0,2.3310508406896564,2.3310508406896564,50.0,0.18648406725517253,3.798354394335007,False,False,False,False,False,False,False,False,NONE,NORMAL,False,False
837.0,56.99179639443659,57.34879738714827,60.0,2.7054938864618894,2.7054938864618894,50.0,0.21643951091695116,3.786449438033878,False,False,False,False,False,False,False,False,NONE,NORMAL,False,False
838.0,56.638952125680674,56.99179639443659,60.0,3.077535897201382,3.077535897201382,50.0,0.24620287177611058,3.7746455593352266,False,False,False,False,False,False,False,False,NONE,NORMAL,False,False
839.0,56.29023533536311,56.638952125680674,60.0,3.447185405328895,3.447185405328895,50.0,0.2757748324263116,3.7629427356020404,False,False,False,False,False,False,False,False,NONE,NORMAL,False,False
840.0,55.94561684970518,56.29023533536311,60.0,3.814451018969647,3.814451018969647,50.0,0.30515608151757173,3.7513409380967726,False,False,False,False,False,False,False,False,NONE,NORMAL,False,False
841.0,55.60506756787479,55.94561684970518,60.0,4.179341420379046,4.179341420379046,50.0,0.3343473136303237,3.739840131934291,False,False,False,False,False,False,False,False,NONE,NORMAL,False,False
842.0,55.268558463186125,55.60506756787479,60.0,4.5418653643700635,4.5418653643700635,50.0,0.3633492291496051,3.7284402760361735,False,False,False,False,False,False,False,False,NONE,NORMAL,False,False
843.0,54.93606058429143,55.268558463186125,60.0,4.902031676742799,4.902031676742799,50.0,0.3921625341394239,3.7171413230864028,False,False,False,False,False,False,False,False,NONE,NORMAL,False,False
844.0,54.607545056364316,54.93606058429143,60.0,5.259849252716034,5.259849252716034,50.0,0.4207879402172827,3.7059432194885096,False,False,False,False,False,False,False,False,NONE,NORMAL,False,False
845.0,54.28298308227478,54.607545056364316,60.0,5.615327055361329,5.615327055361329,50.0,0.4492261644289063,3.6948459053242093,False,False,False,False,False,False,False,False,NONE,NORMAL,False,False
846.0,53.96234594375574,54.28298308227478,60.0,5.968474114039489,5.968474114039489,50.0,0.47747792912315906,3.683849314313589,False,False,False,False,False,False,False,False,NONE,NORMAL,False,False
847.0,53.64560500256076,53.96234594375574,60.0,6.319299522839749,6.319299522839749,50.0,0.50554396182718,3.672953373776876,False,False,False,False,False,False,False,False,NONE,NORMAL,False,False
848.0,53.332731701613135,53.64560500256076,60.0,6.667812439021931,6.667812439021931,50.0,0.5334249951217545,3.6621580045978614,False,False,False,False,False,False,False,False,NONE,NORMAL,False,False
849.0,53.02369756614592,53.332731701613135,60.0,7.014022081461488,7.014022081461488,50.0,0.561121766516919,3.651463121188996,False,False,False,False,False,False,False,False,NONE,NORMAL,False,False
850.0,52.71847420483289,53.02369756614592,60.0,7.357937729097974,7.357937729097974,50.0,0.5886350183278379,3.6408686314582237,False,False,False,False,False,False,False,False,NONE,NORMAL,False,False
851.0,52.41703331091022,52.71847420483289,60.0,7.699568719386842,7.699568719386842,50.0,0.6159654975509473,3.6303744367775925,False,False,False,False,False,False,False,False,NONE,NORMAL,False,False
852.0,52.11934666328889,52.41703331091022,60.0,8.038924446754958,8.038924446754958,50.0,0.6431139557403966,3.6199804319536804,False,False,False,False,False,False,False,False,NONE,NORMAL,False,False
853.0,51.82538612765737,52.11934666328889,60.0,8.376014361059847,8.376014361059847,50.0,0.6700811488847878,3.609686505199894,False,False,False,False,False,False,False,False,NONE,NORMAL,False,False
854.0,51.53512365757472,51.82538612765737,60.0,8.710847966053079,8.710847966053079,50.0,0.6968678372842463,3.599492538110663,False,False,False,False,False,False,False,False,NONE,NORMAL,False,False
855.0,51.248531295553754,51.53512365757472,60.0,9.043434817847851,9.043434817847851,50.0,0.7234747854278281,3.589398405637591,False,False,False,False,False,False,False,False,NONE,NORMAL,False,False
856.0,50.96558117413412,51.248531295553754,60.0,9.37378452339105,9.37378452339105,50.0,0.749902761871284,3.5794039760675855,False,False,False,False,False,False,False,False,NONE,NORMAL,False,False
857.0,50.68624551694534,50.96558117413412,60.0,9.70190673894001,9.70190673894001,50.0,0.7761525391152009,3.569509111003015,False,False,False,False,False,False,False,False,NONE,NORMAL,False,False
858.0,50.410496639759295,50.68624551694534,60.0,10.027811168544066,10.027811168544066,50.0,0.8022248934835252,3.5597136653439327,False,False,False,False,False,False,False,False,NONE,NORMAL,False,False
859.0,50.13830695153231,50.410496639759295,60.0,10.351507562531316,10.351507562531316,50.0,0.8281206050025053,3.550017487272397,False,False,False,False,False,False,False,False,NONE,NORMAL,False,False
860.0,49.869648955436425,50.13830695153231,60.0,10.673005716000642,10.673005716000642,50.0,0.8538404572800513,3.5404204182389236,False,False,False,False,False,False,False,False,NONE,NORMAL,False,False
861.0,49.60449524987987,49.869648955436425,60.0,10.992315467319342,10.992315467319342,50.0,0.8793852373855473,3.5309222929511073,False,False,False,False,False,False,False,False,NONE,NORMAL,False,False
862.0,49.342818529516435,49.60449524987987,60.0,11.3094466966265,11.3094466966265,50.0,0.90475573573012,3.5215229393644405,False,False,False,False,False,False,False,False,NONE,NORMAL,False,False
863.0,49.08459158624364,49.342818529516435,60.0,11.62440932434235,11.62440932434235,50.0,0.929952745947388,3.512222178675362,False,False,False,False,False,False,False,False,NONE,NORMAL,False,False
864.0,48.829787310189445,49.08459158624364,60.0,11.937213309683926,11.937213309683926,50.0,0.9549770647747141,3.5030198253165667,False,False,False,False,False,False,False,False,NONE,NORMAL,False,False
865.0,48.57837869068748,48.829787310189445,60.0,12.247868649187174,12.247868649187174,50.0,0.9798294919349739,3.4939156869545895,False,False,False,False,False,False,False,False,NONE,NORMAL,False,False
866.0,48.330338817240396,48.57837869068748,60.0,12.556385375235703,12.556385375235703,50.0,1.004510830018856,3.4849095644897115,False,False,False,False,False,False,False,False,NONE,NORMAL,False,False
867.0,48.085640880471345,48.330338817240396,60.0,12.862773554596584,12.862773554596584,50.0,1.0290218843677268,3.4760012520581896,False,False,False,False,False,False,False,False,NONE,NORMAL,False,False
868.0,47.844258173063366,48.085640880471345,60.0,13.167043286963278,13.167043286963278,50.0,1.0533634629570623,3.467190537036844,False,False,False,False,False,False,False,False,NONE,NORMAL,False,False
869.0,47.606164090686406,47.844258173063366,60.0,13.469204703505941,13.469204703505941,50.0,1.0775363762804753,3.458477200050022,False,False,False,False,False,False,False,False,NONE,NORMAL,False,False
870.0,47.371332132911945,47.606164090686406,60.0,13.769267965429469,13.769267965429469,50.0,1.1015414372343575,3.4498610149789517,False,False,False,False,False,False,False,False,NONE,NORMAL,False,False
871.0,47.13973590411491,47.371332132911945,60.0,14.06724326253937,14.06724326253937,50.0,1.1253794610031496,3.4413417489734996,False,False,False,False,False,False,False,False,NONE,NORMAL,False,False
872.0,46.91134911436281,47.13973590411491,60.0,14.363140811815832,14.363140811815832,50.0,1.1490512649452667,3.432919162466359,False,False,False,False,False,False,False,False,NONE,NORMAL,False,False
873.0,46.68614558029181,46.91134911436281,60.0,14.65697085599612,14.65697085599612,50.0,1.1725576684796897,3.4245930091896613,False,False,False,False,False,False,False,False,NONE,NORMAL,False,False
874.0,46.46409922596973,46.68614558029181,60.0,14.94874366216566,14.94874366216566,50.0,1.1958994929732527,3.416363036194039,False,False,False,False,False,False,False,False,NONE,NORMAL,False,False
875.0,46.245184083745585,46.46409922596973,60.0,15.238469520357885,15.238469520357885,50.0,1.219077561628631,3.4082289838701323,False,False,False,False,False,False,False,False,NONE,NORMAL,False,False
876.0,46.02937429508563,46.245184083745585,60.0,15.526158742163306,15.526158742163306,50.0,1.2420926993730645,3.400190585972556,False,False,False,False,False,False,False,False,NONE,NORMAL,False,False
877.0,45.81664411139578,46.02937429508563,60.0,15.811821659347832,15.811821659347832,50.0,1.2649457327478266,3.392247569646326,False,False,False,False,False,False,False,False,NONE,NORMAL,False,False
878.0,45.60696789483005,45.81664411139578,60.0,16.095468622480702,16.095468622480702,50.0,1.2876374897984562,3.3843996554557423,False,False,False,False,False,False,False,False,NONE,NORMAL,False,False
879.0,45.40032011908506,45.60696789483005,60.0,16.377109999572284,16.377109999572284,50.0,1.3101687999657827,3.376646557415732,False,False,False,False,False,False,False,False,NONE,NORMAL,False,False
880.0,45.196675370180266,45.40032011908506,60.0,16.65675617472185,16.65675617472185,50.0,1.3325404939777479,3.3689879830256544,False,False,False,False,False,False,False,False,NONE,NORMAL,False,False
881.0,44.99600834722391,45.196675370180266,60.0,16.93441754677574,16.93441754677574,50.0,1.3547534037420592,3.3614236333055474,False,False,False,False,False,False,False,False,NONE,NORMAL,False,False
882.0,44.7982938631644,44.99600834722391,60.0,17.210104527995973,17.210104527995973,50.0,1.3768083622396778,3.3539532028348247,False,False,False,False,False,False,False,False,NONE,NORMAL,False,False
883.0,44.60350684552698,44.7982938631644,60.0,17.48382754273966,17.48382754273966,50.0,1.3987062034191728,3.3465763797934,False,False,False,False,False,False,False,False,NONE,NORMAL,False,False
884.0,44.411622337135654,44.60350684552698,60.0,17.755597026149452,17.755597026149452,50.0,1.4204477620919562,3.3392928460052356,False,False,False,False,False,False,False,False,NONE,NORMAL,False,False
885.0,44.22261549682006,44.411622337135654,60.0,18.0254234228551,18.0254234228551,50.0,1.442033873828408,3.332102276984293,False,False,False,False,False,False,False,False,NONE,NORMAL,False,False
886.0,44.036461600107266,44.22261549682006,60.0,18.29331718568659,18.29331718568659,50.0,1.4634653748549271,3.325004341982882,False,False,False,False,False,False,False,False,NONE,NORMAL,False,False
887.0,43.853136039898224,44.036461600107266,60.0,18.559288774398848,18.559288774398848,50.0,1.4847431019519077,3.317998704042365,False,False,False,False,False,False,False,False,NONE,NORMAL,False,False
888.0,43.67261432712887,43.853136039898224,60.0,18.8233486544084,18.8233486544084,50.0,1.5058678923526718,3.3110850200462316,False,False,False,False,False,False,False,False,NONE,NORMAL,False,False
889.0,43.49487209141565,43.67261432712887,60.0,19.08550729554211,19.08550729554211,50.0,1.526840583643369,3.3042629407754793,False,False,False,False,False,False,False,False,NONE,NORMAL,False,False
890.0,43.319885081685406,43.49487209141565,60.0,19.34577517079825,19.34577517079825,50.0,1.5476620136638601,3.2975321109663076,False,False,False,False,False,False,False,False,NONE,NORMAL,False,False
891.0,43.14762916678935,43.319885081685406,60.0,19.60416275512007,19.60416275512007,50.0,1.5683330204096055,3.290892169370086,False,False,False,False,False,False,False,False,NONE,NORMAL,False,False
892.0,42.97808033610126,43.14762916678935,60.0,19.86068052418218,19.86068052418218,50.0,1.5888544419345743,3.2843427488155585,False,False,False,False,False,False,False,False,NONE,NORMAL,False,False
893.0,42.811214700099455,42.97808033610126,60.0,20.115338953189763,20.115338953189763,50.0,1.609227116255181,3.2778834762732667,False,False,False,False,False,False,False,False,NONE,NORMAL,False,False
894.0,42.64700849093277,42.811214700099455,60.0,20.368148515691068,20.368148515691068,50.0,1.6294518812552854,3.2715139729221487,False,False,False,False,False,False,False,False,NONE,NORMAL,False,False
895.0,42.48543806297017,42.64700849093277,60.0,20.619119682403092,20.619119682403092,50.0,1.6495295745922474,3.265233854218285,False,False,False,False,False,False,False,False,NONE,NORMAL,False,False
896.0,42.32647989333401,42.48543806297017,60.0,20.868262920050842,20.868262920050842,50.0,1.6694610336040674,3.25904272996574,False,False,False,False,False,False,False,False,NONE,NORMAL,False,False
897.0,42.170110582416825,42.32647989333401,60.0,21.115588690220328,21.115588690220328,50.0,1.6892470952176262,3.252940204389485,False,False,False,False,False,False,False,False,NONE,NORMAL,False,False
898.0,42.016306854381604,42.170110582416825,60.0,21.361107448225432,21.361107448225432,50.0,1.7088885958580347,3.2469258762103284,False,False,False,False,False,False,False,False,NONE,NORMAL,False,False
899.0,41.86504555764534,42.016306854381604,60.0,21.604829641988744,21.604829641988744,50.0,1.7283863713590994,3.2409993387218394,False,False,False,False,False,False,False,False,NONE,NORMAL,False,False
900.0,41.71630366534591,41.86504555764534,60.0,21.846765710936783,21.846765710936783,50.0,1.7477412568749426,3.235160179869203,False,False,False,False,False,False,False,False,NONE,NORMAL,False,False
901.0,41.57005827579219,41.71630366534591,60.0,22.08692608490948,22.08692608490948,50.0,1.7669540867927582,3.229407982329962,False,False,False,False,False,False,False,False,NONE,NORMAL,False,False
902.0,41.42628661289721,41.57005827579219,60.0,22.325321183084238,22.325321183084238,50.0,1.786025694646739,3.223742323596607,False,False,False,False,False,False,False,False,NONE,NORMAL,False,False
903.0,41.284966026594425,41.42628661289721,60.0,22.561961412914737,22.561961412914737,50.0,1.804956913033179,3.218162776060947,False,False,False,False,False,False,False,False,NONE,NORMAL,False,False
904.0,41.146073993237074,41.284966026594425,60.0,22.796857169084547,22.796857169084547,50.0,1.8237485735267638,3.2126689071002335,False,False,False,False,False,False,False,False,NONE,NORMAL,False,False
905.0,41.009588115980385,41.146073993237074,60.0,23.03001883247571,23.03001883247571,50.0,1.842401506598057,3.207260279164956,False,False,False,False,False,False,False,False,NONE,NORMAL,False,False
906.0,40.87548612514677,41.009588115980385,60.0,23.2614567691525,23.2614567691525,50.0,1.8609165415322,3.2019364498682816,False,False,False,False,False,False,False,False,NONE,NORMAL,False,False
907.0,40.74374587857395,40.87548612514677,60.0,23.49118132936038,23.49118132936038,50.0,1.8792945063488304,3.196696972077068,False,False,False,False,False,False,False,False,NONE,NORMAL,False,False
908.0,40.61434536194582,40.74374587857395,60.0,23.719202846540334,23.719202846540334,50.0,1.8975362277232266,3.19154139400439,False,False,False,False,False,False,False,False,NONE,NORMAL,False,False
909.0,40.48726268910634,40.61434536194582,60.0,23.94553163635873,23.94553163635873,50.0,1.9156425309086984,3.186469259303541,False,False,False,False,False,False,False,False,NONE,NORMAL,False,False
910.0,40.36247610235602,40.48726268910634,60.0,24.17017799575268,24.17017799575268,50.0,1.9336142396602145,3.181480107163423,False,False,False,False,False,False,False,False,NONE,NORMAL,False,False
911.0,40.23996397273142,40.36247610235602,60.0,24.39315220199122,24.39315220199122,50.0,1.9514521761592976,3.1765734724052908,False,False,False,False,False,False,False,False,NONE,NORMAL,False,False
912.0,40.11970480026736,40.23996397273142,60.0,24.614464511752168,24.614464511752168,50.0,1.9691571609401735,3.1717488855807696,False,False,False,False,False,False,False,False,NONE,NORMAL,False,False
913.0,40.001677214241965,40.11970480026736,60.0,24.83412516021489,24.83412516021489,50.0,1.9867300128171912,3.1670058730711,False,False,False,False,False,False,False,False,NONE,NORMAL,False,False
914.0,39.885859973404564,40.001677214241965,60.0,25.052144360169073,25.052144360169073,50.0,2.0041715488135257,3.1623439571875305,False,False,False,False,False,False,False,False,NONE,NORMAL,False,False
915.0,39.772231966186396,39.885859973404564,60.0,25.26853230113945,25.26853230113945,50.0,2.021482584091156,3.1577626562728147,False,False,False,False,False,False,False,False,NONE,NORMAL,False,False
916.0,39.66077221089424,39.772231966186396,60.0,25.483299148526687,25.483299148526687,50.0,2.038663931882135,3.153261484803726,False,False,False,False,False,False,False,False,NONE,NORMAL,False,False
917.0,39.5514598558869,39.66077221089424,60.0,25.696455042764374,25.696455042764374,50.0,2.0557164034211497,3.1488399534945497,False,False,False,False,False,False,False,False,NONE,NORMAL,False,False
918.0,39.444274179734684,39.5514598558869,60.0,25.90801009849228,25.90801009849228,50.0,2.0726408078793823,3.1444975694014654,False,False,False,False,False,False,False,False,NONE,NORMAL,False,False
919.0,39.33919459136187,39.444274179734684,60.0,26.11797440374582,26.11797440374582,50.0,2.0894379522996656,3.140233836027768,False,False,False,False,False,False,False,False,NONE,NORMAL,False,False
920.0,39.23620063017218,39.33919459136187,60.0,26.326358019161827,26.326358019161827,50.0,2.106108641532946,3.136048253429858,False,False,False,False,False,False,False,False,NONE,NORMAL,False,False
921.0,39.13527196615739,39.23620063017218,60.0,26.533170977200655,26.533170977200655,50.0,2.1226536781760523,3.131940318323937,False,False,False,False,False,False,False,False,NONE,NORMAL,False,False
922.0,39.03638839998913,39.13527196615739,60.0,26.738423281384655,26.738423281384655,50.0,2.1390738625107724,3.127909524193331,False,False,False,False,False,False,False,False,NONE,NORMAL,False,False
923.0,38.93952986309391,39.03638839998913,60.0,26.942124905552973,26.942124905552973,50.0,2.1553699924442378,3.1239553613963955,False,False,False,False,False,False,False,False,NONE,NORMAL,False,False
924.0,38.844676417711476,38.93952986309391,60.0,27.14428579313272,27.14428579313272,50.0,2.1715428634506178,3.1200773172749225,False,False,False,False,False,False,False,False,NONE,NORMAL,False,False
925.0,38.75180825693659,38.844676417711476,60.0,27.344915856426596,27.344915856426596,50.0,2.1875932685141275,3.116274876262983,False,False,False,False,False,False,False,False,NONE,NORMAL,False,False
926.0,38.66090570474432,38.75180825693659,60.0,27.5440249759168,27.5440249759168,50.0,2.203521998073344,3.1125475199961445,False,False,False,False,False,False,False,False,NONE,NORMAL,False,False
927.0,38.5719492159989,38.66090570474432,60.0,27.741622999585346,27.741622999585346,50.0,2.2193298399668278,3.1088947274209975,False,False,False,False,False,False,False,False,NONE,NORMAL,False,False
928.0,38.48491937644642,38.5719492159989,60.0,27.937719742250774,27.937719742250774,50.0,2.2350175793800617,3.105315974904925,False,False,False,False,False,False,False,False,NONE,NORMAL,False,False
929.0,38.399796902691186,38.48491937644642,60.0,28.13232498492102,28.13232498492102,50.0,2.2505859987936816,3.1018107363460468,False,False,False,False,False,False,False,False,NONE,NORMAL,False,False
930.0,38.31656264215616,38.399796902691186,60.0,28.325448474162798,28.325448474162798,50.0,2.2660358779330236,3.0983784832832795,False,False,False,False,False,False,False,False,NONE,NORMAL,False,False
931.0,38.2351975730274,38.31656264215616,60.0,28.51709992148705,28.51709992148705,50.0,2.281367993718964,3.0950186850064476,False,False,False,False,False,False,False,False,NONE,NORMAL,False,False
932.0,38.15568280418277,38.2351975730274,60.0,28.70728900275067,28.70728900275067,50.0,2.2965831202200535,3.091730808666377,False,False,False,False,False,False,False,False,NONE,NORMAL,False,False
933.0,38.07799957510487,38.15568280418277,60.0,28.896025357574388,28.896025357574388,50.0,2.311682028605951,3.0885143193849194,False,False,False,False,False,False,False,False,NONE,NORMAL,False,False
934.0,38.0021292557786,38.07799957510487,60.0,29.08331858877676,29.08331858877676,50.0,2.3266654871021406,3.0853686803648306,False,False,False,False,False,False,False,False,NONE,NORMAL,False,False
935.0,37.92805334657325,38.0021292557786,60.0,29.269178261824138,29.269178261824138,50.0,2.341534260945931,3.0822933529994594,False,False,False,False,False,False,False,False,NONE,NORMAL,False,False
936.0,37.855753478109406,37.92805334657325,60.0,29.45361390429662,29.45361390429662,50.0,2.3562891123437297,3.079287796982171,False,False,False,False,False,False,False,False,NONE,NORMAL,False,False
937.0,37.78521141111082,37.855753478109406,60.0,29.636635005369918,29.636635005369918,50.0,2.3709308004295933,3.0763514704154584,False,False,False,False,False,False,False,False,NONE,NORMAL,False,False
938.0,37.71640903624135,37.78521141111082,60.0,29.818251015312946,29.818251015312946,50.0,2.3854600812250357,3.073483829919674,False,False,False,False,False,False,False,False,NONE,NORMAL,False,False
939.0,37.64932837392723,37.71640903624135,60.0,29.99847134500121,29.99847134500121,50.0,2.3998777076000968,3.070684330741331,False,False,False,False,False,False,False,False,NONE,NORMAL,False,False
940.0,37.58395157416471,37.64932837392723,60.0,30.177305365445694,30.177305365445694,50.0,2.4141844292356556,3.06795242686092,False,False,False,False,False,False,False,False,NONE,NORMAL,False,False
941.0,37.52026091631339,37.58395157416471,60.0,30.354762407337397,30.354762407337397,50.0,2.428380992586992,3.06528757110017,False,False,False,False,False,False,False,False,NONE,NORMAL,False,False
942.0,37.45823880887538,37.52026091631339,60.0,30.530851760607145,30.530851760607145,50.0,2.442468140848572,3.0626892152287253,False,False,False,False,False,False,False,False,NONE,NORMAL,False,False
943.0,37.39786778926037,37.45823880887538,60.0,30.70558267400078,30.70558267400078,50.0,2.4564466139200625,3.060156810070171,False,False,False,False,False,False,False,False,NONE,NORMAL,False,False
944.0,37.33913052353699,37.39786778926037,60.0,30.878964354669492,30.878964354669492,50.0,2.4703171483735593,3.0576898056073465,False,False,False,False,False,False,False,False,NONE,NORMAL,False,False
945.0,37.2820098061705,37.33913052353699,60.0,31.051005967775183,31.051005967775183,50.0,2.4840804774220144,3.055287651086923,False,False,False,False,False,False,False,False,NONE,NORMAL,False,False
946.0,37.22648855974707,37.2820098061705,60.0,31.22171663611082,31.22171663611082,50.0,2.4977373308888655,3.0529497951231734,False,False,False,False,False,False,False,False,NONE,NORMAL,False,False
947.0,37.172549834684865,37.22648855974707,60.0,31.391105439735515,31.391105439735515,50.0,2.5112884351788414,3.050675685800896,False,False,False,False,False,False,False,False,NONE,NORMAL,False,False
948.0,37.12017680893211,37.172549834684865,60.0,31.559181415624295,31.559181415624295,50.0,2.5247345132499435,3.048464770777451,False,False,False,False,False,False,False,False,NONE,NORMAL,False,False
949.0,37.06935278765238,37.12017680893211,60.0,31.725953557332392,31.725953557332392,50.0,2.5380762845865914,3.0463164973838532,False,False,False,False,False,False,False,False,NONE,NORMAL,False,False
950.0,37.02006120289729,37.06935278765238,60.0,31.89143081467386,31.89143081467386,50.0,2.551314465173909,3.044230312724892,False,False,False,False,False,False,False,False,NONE,NORMAL,False,False
951.0,36.972285613266784,37.02006120289729,60.0,32.05562209341446,32.05562209341446,50.0,2.5644497674731572,3.042205663778227,False,False,False,False,False,False,False,False,NONE,NORMAL,False,False
952.0,36.92600970355737,36.972285613266784,60.0,32.21853625497863,32.21853625497863,50.0,2.5774829003982904,3.0402419974924193,False,False,False,False,False,False,False,False,NONE,NORMAL,False,False
953.0,36.881217284398346,36.92600970355737,60.0,32.38018211617026,32.38018211617026,50.0,2.5904145692936207,3.038338760883872,False,False,False,False,False,False,False,False,NONE,NORMAL,False,False
954.0,36.83789229187634,36.881217284398346,60.0,32.540568448907294,32.540568448907294,50.0,2.6032454759125834,3.036495401132626,False,False,False,False,False,False,False,False,NONE,NORMAL,False,False
955.0,36.7960187871484,36.83789229187634,60.0,32.69970397996992,32.69970397996992,50.0,2.6159763183975935,3.034711365676987,False,False,False,False,False,False,False,False,NONE,NORMAL,False,False
956.0,36.7555809560438,36.7960187871484,60.0,32.857597390762116,32.857597390762116,50.0,2.6286077912609693,3.0329861023069493,False,False,False,False,False,False,False,False,NONE,NORMAL,False,False
957.0,36.716563108654846,36.7555809560438,60.0,33.014257317086496,33.014257317086496,50.0,2.64114058536692,3.0313190592563743,False,False,False,False,False,False,False,False,NONE,NORMAL,False,False
958.0,36.67894967891691,36.716563108654846,60.0,33.16969234893217,33.16969234893217,50.0,2.653575387914574,3.0297096852939083,False,False,False,False,False,False,False,False,NONE,NORMAL,False,False
959.0,36.642725224177845,36.67894967891691,60.0,33.323911030275525,33.323911030275525,50.0,2.665912882422042,3.0281574298125955,False,False,False,False,False,False,False,False,NONE,NORMAL,False,False
960.0,36.60787442475718,36.642725224177845,60.0,33.476921858893704,33.476921858893704,50.0,2.6781537487114964,3.0266617429181712,False,False,False,False,False,False,False,False,NONE,NORMAL,False,False
961.0,36.5743820834951,36.60787442475718,60.0,33.62873328619058,33.62873328619058,50.0,2.6902986628952466,3.025222075515993,False,False,False,False,False,False,False,False,NONE,NORMAL,False,False
962.0,36.54223312529173,36.5743820834951,60.0,33.779353717035185,33.779353717035185,50.0,2.702348297362815,3.0238378793966083,False,False,False,False,False,False,False,False,NONE,NORMAL,False,False
963.0,36.51141259663663,36.54223312529173,60.0,33.9287915096121,33.9287915096121,50.0,2.714303320768968,3.022508607319909,False,False,False,False,False,False,False,False,NONE,NORMAL,False,False
964.0,36.48190566512912,36.51141259663663,60.0,34.077054975284014,34.077054975284014,50.0,2.7261643980227213,3.021233713097873,False,False,False,False,False,False,False,False,NONE,NORMAL,False,False
965.0,36.45369761898925,36.48190566512912,60.0,34.22415237846588,34.22415237846588,50.0,2.7379321902772706,3.0200126516758634,False,False,False,False,False,False,False,False,NONE,NORMAL,False,False
966.0,36.42677386656009,36.45369761898925,60.0,34.3700919365108,34.3700919365108,50.0,2.7496073549208644,3.0188448792124634,False,False,False,False,False,False,False,False,NONE,NORMAL,False,False
967.0,36.40111993580116,36.42677386656009,60.0,34.51488181960716,34.51488181960716,50.0,2.761190545568573,3.0177298531578374,False,False,False,False,False,False,False,False,NONE,NORMAL,False,False
968.0,36.37672147377361,36.40111993580116,60.0,34.658530150687085,34.658530150687085,50.0,2.7726824120549667,3.0166670323305973,False,False,False,False,False,False,False,False,NONE,NORMAL,False,False
969.0,36.35356424611706,36.37672147377361,60.0,34.80104500534577,34.80104500534577,50.0,2.7840836004276617,3.015655876993163,False,False,False,False,False,False,False,False,NONE,NORMAL,False,False
970.0,36.33163413651867,36.35356424611706,60.0,34.942434411771735,34.942434411771735,50.0,2.7953947529417387,3.0146958489256037,False,False,False,False,False,False,False,False,NONE,NORMAL,False,False
971.0,36.31091714617438,36.33163413651867,60.0,35.08270635068753,35.08270635068753,50.0,2.8066165080550025,3.0137864114979465,False,False,False,False,False,False,False,False,NONE,NORMAL,False,False
972.0,36.2913993932427,36.31091714617438,60.0,35.221868755300946,35.221868755300946,50.0,2.8177495004240756,3.0129270297409456,False,False,False,False,False,False,False,False,NONE,NORMAL,False,False
973.0,36.2730671122913,36.2913993932427,60.0,35.35992951126642,35.35992951126642,50.0,2.828794360901314,3.0121171704153005,False,False,False,False,False,False,False,False,NONE,NORMAL,False,False
974.0,36.25590665373663,36.2730671122913,60.0,35.49689645665636,35.49689645665636,50.0,2.8397517165325086,3.011356302079318,False,False,False,False,False,False,False,False,NONE,NORMAL,False,False
975.0,36.23990448327667,36.25590665373663,60.0,35.63277738194235,35.63277738194235,50.0,2.850622190555388,3.0106438951550145,False,False,False,False,False,False,False,False,NONE,NORMAL,False,False
976.0,36.22504718131729,36.23990448327667,60.0,35.76758002998593,35.76758002998593,50.0,2.8614064023988743,3.0099794219926435,False,False,False,False,False,False,False,False,NONE,NORMAL,False,False
977.0,36.211321442392226,36.22504718131729,60.0,35.90131209603872,35.90131209603872,50.0,2.872104967683098,3.0093623569336616,False,False,False,False,False,False,False,False,NONE,NORMAL,False,False
978.0,36.19871407457703,36.211321442392226,60.0,36.03398122775182,36.03398122775182,50.0,2.8827184982201457,3.0087921763721166,False,False,False,False,False,False,False,False,NONE,NORMAL,False,False
979.0,36.18721199889714,36.19871407457703,60.0,36.16559502519413,36.16559502519413,50.0,2.8932476020155304,3.008268358814462,False,False,False,False,False,False,False,False,NONE,NORMAL,False,False
980.0,36.1768022487304,36.18721199889714,60.0,36.29616104087954,36.29616104087954,50.0,2.903692883270363,3.0077903849378007,False,False,False,False,False,False,False,False,NONE,NORMAL,False,False
981.0,36.167471969204165,36.1768022487304,60.0,36.42568677980263,36.42568677980263,50.0,2.9140549423842104,3.007357737646554,False,False,False,False,False,False,False,False,NONE,NORMAL,False,False
982.0,36.15920841658727,36.167471969204165,60.0,36.554179699482845,36.554179699482845,50.0,2.9243343759586278,3.0069699021275618,False,False,False,False,False,False,False,False,NONE,NORMAL,False,False
983.0,36.15199895767704,36.15920841658727,60.0,36.681647210016806,36.681647210016806,50.0,2.9345317768013444,3.0066263659036214,False,False,False,False,False,False,False,False,NONE,NORMAL,False,False
984.0,36.145831069181604,36.15199895767704,60.0,36.80809667413865,36.80809667413865,50.0,2.944647733931092,3.0063266188854563,False,False,False,False,False,False,False,False,NONE,NORMAL,False,False
985.0,36.14069233709769,36.145831069181604,60.0,36.933535407288176,36.933535407288176,50.0,2.954682832583054,3.0060701534221392,False,False,False,False,False,False,False,False,NONE,NORMAL,False,False
986.0,36.136570456084186,36.14069233709769,60.0,37.0579706776866,37.0579706776866,50.0,2.9646376542149278,3.005856464349957,False,False,False,False,False,False,False,False,NONE,NORMAL,False,False
987.0,36.13345322883156,36.136570456084186,60.0,37.181409706419686,37.181409706419686,50.0,2.974512776513575,3.0056850490397435,False,False,False,False,False,False,False,False,NONE,NORMAL,False,False
988.0,36.131328565427516,36.13345322883156,60.0,37.30385966752815,37.30385966752815,50.0,2.984308773402252,3.0055554074426727,False,False,False,False,False,False,False,False,NONE,NORMAL,False,False
989.0,36.1301844827189,36.131328565427516,60.0,37.42532768810506,37.42532768810506,50.0,2.9940262150484047,3.00546704213453,False,False,False,False,False,False,False,False,NONE,NORMAL,False,False
990.0,36.13000910367026,36.1301844827189,60.0,37.545820848400076,37.545820848400076,50.0,3.003665667872006,3.005419458358471,False,False,False,False,False,False,False,False,NONE,NORMAL,False,False
991.0,36.13079065671907,36.13000910367026,60.0,37.665346181930374,37.665346181930374,50.0,3.01322769455443,3.0054121640662808,False,False,False,False,False,False,False,False,NONE,NORMAL,False,False
992.0,36.13251747512805,36.13079065671907,60.0,37.783910675597966,37.783910675597966,50.0,3.022712854047837,3.0054446699581354,False,False,False,False,False,False,False,False,NONE,NORMAL,False,False
993.0,36.13517799633447,36.13251747512805,60.0,37.901521269813344,37.901521269813344,50.0,3.0321217015850674,3.0055164895208963,False,False,False,False,False,False,False,False,NONE,NORMAL,False,False
994.0,36.13876076129698,36.13517799633447,60.0,38.018184858625254,38.018184858625254,50.0,3.0414547886900203,3.005627139064927,False,False,False,False,False,False,False,False,NONE,NORMAL,False,False
995.0,36.143254413839884,36.13876076129698,60.0,38.13390828985626,38.13390828985626,50.0,3.0507126631885004,3.0057761377594714,False,False,False,False,False,False,False,False,NONE,NORMAL,False,False
996.0,36.14864769999517,36.143254413839884,60.0,38.24869836524415,38.24869836524415,50.0,3.0598958692195324,3.00596300766659,False,False,False,False,False,False,False,False,NONE,NORMAL,False,False
997.0,36.15492946734252,36.14864769999517,60.0,38.36256184058889,38.36256184058889,50.0,3.069004947247111,3.0061872737736737,False,False,False,False,False,False,False,False,NONE,NORMAL,False,False
998.0,36.1620886643473,36.15492946734252,60.0,38.475505425904835,38.475505425904835,50.0,3.0780404340723866,3.0064484640245586,False,False,False,False,False,False,False,False,NONE,NORMAL,False,False
999.0,36.170114339697,36.1620886643473,60.0,38.58753578557831,38.58753578557831,50.0,3.0870028628462647,3.0067461093492454,False,False,False,False,False,False,False,False,NONE,NORMAL,False,False
1000.0,36.178995641636014,36.170114339697,60.0,38.69865953853013,38.69865953853013,50.0,3.0958927630824102,3.00707974369225,False,False,False,False,False,False,False,False,NONE,NORMAL,False,False
1001.0,36.18872181729912,36.178995641636014,60.0,38.808883258382934,38.808883258382934,50.0,3.104710660670635,3.007448904039602,False,False,False,False,False,False,False,False,NONE,NORMAL,False,False
1002.0,36.19928221204374,36.18872181729912,60.0,38.91821347363334,38.91821347363334,50.0,3.1134570778906667,3.0078531304445,False,False,False,False,False,False,False,False,NONE,NORMAL,False,False
1003.0,36.2106662687812,36.19928221204374,60.0,39.02665666782849,39.02665666782849,50.0,3.1221325334262793,3.0082919660516554,False,False,False,False,False,False,False,False,NONE,NORMAL,False,False
1004.0,36.22286352730715,36.2106662687812,60.0,39.13421927974713,39.13421927974713,50.0,3.1307375423797703,3.00876495712033,False,False,False,False,False,False,False,False,NONE,NORMAL,False,False
1005.0,36.23586362363122,36.22286352730715,60.0,39.24090770358465,39.24090770358465,50.0,3.139272616286772,3.009271653046097,False,False,False,False,False,False,False,False,NONE,NORMAL,False,False
1006.0,36.24965628930622,36.23586362363122,60.0,39.34672828914242,39.34672828914242,50.0,3.1477382631313935,3.009811606381337,False,False,False,False,False,False,False,False,NONE,NORMAL,False,False
1007.0,36.26423135075694,36.24965628930622,60.0,39.45168734202088,39.45168734202088,50.0,3.1561349873616704,3.010384372854496,False,False,False,False,False,False,False,False,NONE,NORMAL,False,False
1008.0,36.279578728608655,36.26423135075694,60.0,39.555791123816384,39.555791123816384,50.0,3.164463289905311,3.010989511388114,False,False,False,False,False,False,False,False,NONE,NORMAL,False,False
1009.0,36.29568843701566,36.279578728608655,60.0,39.659045852321626,39.659045852321626,50.0,3.1727236681857303,3.011626584115661,False,False,False,False,False,False,False,False,NONE,NORMAL,False,False
1010.0,36.31255058298978,36.29568843701566,60.0,39.76145770172954,39.76145770172954,50.0,3.1809166161383633,3.0122951563971805,False,False,False,False,False,False,False,False,NONE,NORMAL,False,False
1011.0,36.33015536572913,36.31255058298978,60.0,39.86303280284048,39.86303280284048,50.0,3.1890426242272385,3.012994796833782,False,False,False,False,False,False,False,False,NONE,NORMAL,False,False
1012.0,36.34849307594721,36.33015536572913,60.0,39.96377724327248,39.96377724327248,50.0,3.1971021794617984,3.013725077280985,False,False,False,False,False,False,False,False,NONE,NORMAL,False,False
1013.0,36.367554095202514,36.34849307594721,60.0,40.06369706767466,40.06369706767466,50.0,3.2050957654139727,3.0144855728609485,False,False,False,False,False,False,False,False,NONE,NORMAL,False,False
1014.0,36.3873288952287,36.367554095202514,60.0,40.16279827794334,40.16279827794334,50.0,3.213023862235467,3.0152758619735986,False,False,False,False,False,False,False,False,NONE,NORMAL,False,False
1015.0,36.40780803726555,36.3873288952287,60.0,40.26108683344101,40.26108683344101,50.0,3.220886946675281,3.016095526306681,False,False,False,False,False,False,False,False,NONE,NORMAL,False,False
1016.0,36.428982171390814,36.40780803726555,60.0,40.35856865121784,40.35856865121784,50.0,3.228685492097427,3.0169441508447563,False,False,False,False,False,False,False,False,NONE,NORMAL,False,False
1017.0,36.450842035852986,36.428982171390814,60.0,40.45524960623562,40.45524960623562,50.0,3.2364199684988493,3.017821323877161,False,False,False,False,False,False,False,False,NONE,NORMAL,False,False
1018.0,36.47337845640524,36.450842035852986,60.0,40.551135531594184,40.551135531594184,50.0,3.2440908425275348,3.0187266370049555,False,False,False,False,False,False,False,False,NONE,NORMAL,False,False
1019.0,36.49658234564063,36.47337845640524,60.0,40.6462322187599,40.6462322187599,50.0,3.251698577500792,3.0196596851468724,False,False,False,False,False,False,False,False,NONE,NORMAL,False,False
1020.0,36.520444702328575,36.49658234564063,60.0,40.740545417796305,40.740545417796305,50.0,3.2592436334237043,3.020620066544311,False,False,False,False,False,False,False,False,NONE,NORMAL,False,False
1021.0,36.54495661075281,36.520444702328575,60.0,40.83408083759672,40.83408083759672,50.0,3.2667264670077376,3.021607382765362,False,False,False,False,False,False,False,False,NONE,NORMAL,False,False
1022.0,36.57010924005097,36.54495661075281,60.0,40.926844146118725,40.926844146118725,50.0,3.274147531689498,3.0226212387079205,False,False,False,False,False,False,False,False,NONE,NORMAL,False,False
1023.0,36.595893843555736,36.57010924005097,60.0,41.01884097062031,41.01884097062031,50.0,3.281507277649625,3.0236612426018796,False,False,False,False,False,False,False,False,NONE,NORMAL,False,False
1024.0,36.62230175813787,36.595893843555736,60.0,41.11007689789777,41.11007689789777,50.0,3.2888061518318215,3.0247270060104494,False,False,False,False,False,False,False,False,NONE,NORMAL,False,False
1025.0,36.649324403551006,36.62230175813787,60.0,41.20055747452494,41.20055747452494,50.0,3.2960445979619952,3.0258181438306013,False,False,False,False,False,False,False,False,NONE,NORMAL,False,False
1026.0,36.67695328177849,36.649324403551006,60.0,41.29028820709405,41.29028820709405,50.0,3.303223056567524,3.02693427429268,False,False,False,False,False,False,False,False,NONE,NORMAL,False,False
1027.0,36.705179976382226,36.67695328177849,60.0,41.37927456245768,41.37927456245768,50.0,3.3103419649966144,3.0280750189591776,False,False,False,False,False,False,False,False,NONE,NORMAL,False,False
1028.0,36.733996151853724,36.705179976382226,60.0,41.46752196797203,41.46752196797203,50.0,3.3174017574377626,3.0292400027227218,False,False,False,False,False,False,False,False,NONE,NORMAL,False,False
1029.0,36.76339355296732,36.733996151853724,60.0,41.55503581174126,41.55503581174126,50.0,3.324402864939301,3.0304288538032753,False,False,False,False,False,False,False,False,NONE,NORMAL,False,False
1030.0,36.79336400413577,36.76339355296732,60.0,41.64182144286282,41.64182144286282,50.0,3.3313457154290256,3.0316412037445706,False,False,False,False,False,False,False,False,NONE,NORMAL,False,False
1031.0,36.82389940876817,36.79336400413577,60.0,41.7278841716737,41.7278841716737,50.0,3.338230733733896,3.032876687409817,False,False,False,False,False,False,False,False,NONE,NORMAL,False,False
1032.0,36.85499174863048,36.82389940876817,60.0,41.81322926999746,41.81322926999746,50.0,3.3450583415997968,3.03413494297667,False,False,False,False,False,False,False,False,NONE,NORMAL,False,False
1033.0,36.886633083208466,36.85499174863048,60.0,41.89786197139199,41.89786197139199,50.0,3.3518289577113594,3.0354156119315228,False,False,False,False,False,False,False,False,NONE,NORMAL,False,False
1034.0,36.91881554907334,36.886633083208466,60.0,41.981787471397965,41.981787471397965,50.0,3.358542997711837,3.036718339063094,False,False,False,False,False,False,False,False,NONE,NORMAL,False,False
1035.0,36.9515313592501,36.91881554907334,60.0,42.06501092778773,42.06501092778773,50.0,3.3652008742230186,3.038042772455374,False,False,False,False,False,False,False,False,NONE,NORMAL,False,False
1036.0,36.98477280258862,36.9515313592501,60.0,42.14753746081472,42.14753746081472,50.0,3.3718029968651773,3.039388563479919,False,False,False,False,False,False,False,False,NONE,NORMAL,False,False
1037.0,37.01853224313758,36.98477280258862,60.0,42.22937215346325,42.22937215346325,50.0,3.37834977227706,3.0407553667875282,False,False,False,False,False,False,False,False,NONE,NORMAL,False,False
1038.0,37.05280211952123,37.01853224313758,60.0,42.3105200516986,42.3105200516986,50.0,3.384841604135888,3.0421428402993165,False,False,False,False,False,False,False,False,NONE,NORMAL,False,False
1039.0,37.08757494431926,37.05280211952123,60.0,42.39098616471735,42.39098616471735,50.0,3.391278893177388,3.043550645197203,False,False,False,False,False,False,False,False,NONE,NORMAL,False,False
1040.0,37.12284330344945,37.08757494431926,60.0,42.470775465197725,42.470775465197725,50.0,3.397662037215818,3.0449784459138316,False,False,False,False,False,False,False,False,NONE,NORMAL,False,False
1041.0,37.15859985555366,37.12284330344945,60.0,42.549892889550286,42.549892889550286,50.0,3.4039914311640227,3.0464259101219513,False,False,False,False,False,False,False,False,NONE,NORMAL,False,False
1042.0,37.19483733138668,37.15859985555366,60.0,42.62834333816831,42.62834333816831,50.0,3.4102674670534645,3.0478927087232606,False,False,False,False,False,False,False,False,NONE,NORMAL,False,False
1043.0,37.23154853320843,37.19483733138668,60.0,42.70613167567835,42.70613167567835,50.0,3.416490534054268,3.0493785158367386,False,False,False,False,False,False,False,False,NONE,NORMAL,False,False
1044.0,37.268726334179306,37.23154853320843,60.0,42.78326273119056,42.78326273119056,50.0,3.422661018495245,3.0508830087864904,False,False,False,False,False,False,False,False,NONE,NORMAL,False,False
1045.0,37.30636367775879,37.268726334179306,60.0,42.859741298548784,42.859741298548784,50.0,3.4287793038839025,3.0524058680891084,False,False,False,False,False,False,False,False,NONE,NORMAL,False,False
1046.0,37.34445357710737,37.30636367775879,60.0,42.93557213658051,42.93557213658051,50.0,3.434845770926441,3.0539467774405793,False,False,False,False,False,False,False,False,NONE,NORMAL,False,False
1047.0,37.38298911449187,37.34445357710737,60.0,43.010759969346395,43.010759969346395,50.0,3.4408607975477117,3.0555054237027375,False,False,False,False,False,False,False,False,NONE,NORMAL,False,False
1048.0,37.421963440694064,37.38298911449187,60.0,43.085309486389434,43.085309486389434,50.0,3.4468247589111547,3.057081496889307,False,False,False,False,False,False,False,False,NONE,NORMAL,False,False
1049.0,37.46136977442278,37.421963440694064,60.0,43.159225342983774,43.159225342983774,50.0,3.452738027438702,3.0586746901515234,False,False,False,False,False,False,False,False,NONE,NORMAL,False,False
1050.0,37.5012014017295,37.46136977442278,60.0,43.232512160382946,43.232512160382946,50.0,3.4586009728306357,3.060284699763356,False,False,False,False,False,False,False,False,NONE,NORMAL,False,False
1051.0,37.5414516754274,37.5012014017295,60.0,43.305174526067574,43.305174526067574,50.0,3.464413962085406,3.0619112251063676,False,False,False,False,False,False,False,False,NONE,NORMAL,False,False
1052.0,37.58211401451392,37.5414516754274,60.0,43.37721699399253,43.37721699399253,50.0,3.4701773595194028,3.0635539686541917,False,False,False,False,False,False,False,False,NONE,NORMAL,False,False
1053.0,37.62318190359692,37.58211401451392,60.0,43.448644084833454,43.448644084833454,50.0,3.4758915267866763,3.0652126359566765,False,False,False,False,False,False,False,False,NONE,NORMAL,False,False
1054.0,37.664648892324415,37.62318190359692,60.0,43.519460286232466,43.519460286232466,50.0,3.481556822898597,3.0668869356236836,False,False,False,False,False,False,False,False,NONE,NORMAL,False,False
1055.0,37.70650859481791,37.664648892324415,60.0,43.58967005304335,43.58967005304335,50.0,3.487173604243468,3.068576579308573,False,False,False,False,False,False,False,False,NONE,NORMAL,False,False
1056.0,37.748754689109376,37.70650859481791,60.0,43.65927780757576,43.65927780757576,50.0,3.492742224606061,3.0702812816913823,False,False,False,False,False,False,False,False,NONE,NORMAL,False,False
1057.0,37.791380916581915,37.748754689109376,60.0,43.72828793983875,43.72828793983875,50.0,3.4982630351871,3.072000760461713,False,False,False,False,False,False,False,False,NONE,NORMAL,False,False
1058.0,37.834381081414044,37.791380916581915,60.0,43.7967048077833,43.7967048077833,50.0,3.503736384622664,3.0737347363013416,False,False,False,False,False,False,False,False,NONE,NORMAL,False,False
1059.0,37.87774905002774,37.834381081414044,60.0,43.86453273754411,43.86453273754411,50.0,3.5091626190035288,3.0754829328665623,False,False,False,False,False,False,False,False,NONE,NORMAL,False,False
1060.0,37.921478750540146,37.87774905002774,60.0,43.93177602368027,43.93177602368027,50.0,3.5145420818944215,3.0772450767702813,False,False,False,False,False,False,False,False,NONE,NORMAL,False,False
1061.0,37.96556417221908,37.921478750540146,60.0,43.998438929415165,43.998438929415165,50.0,3.5198751143532134,3.079020897563873,False,False,False,False,False,False,False,False,NONE,NORMAL,False,False
1062.0,38.0099993649422,37.96556417221908,60.0,44.06452568687513,44.06452568687513,50.0,3.5251620549500102,3.0808101277188067,False,False,False,False,False,False,False,False,NONE,NORMAL,False,False
1063.0,38.054778438660016,38.0099993649422,60.0,44.1300404973273,44.1300404973273,50.0,3.530403239786184,3.082612502608064,False,False,False,False,False,False,False,False,NONE,NORMAL,False,False
1064.0,38.09989556286262,38.054778438660016,60.0,44.19498753141619,44.19498753141619,50.0,3.5355990025132953,3.084427760487349,False,False,False,False,False,False,False,False,NONE,NORMAL,False,False
1065.0,38.1453449660502,38.09989556286262,60.0,44.25937092939927,44.25937092939927,50.0,3.5407496743519413,3.0862556424761145,False,False,False,False,False,False,False,False,NONE,NORMAL,False,False
1066.0,38.191120935207415,38.1453449660502,60.0,44.32319480138143,44.32319480138143,50.0,3.5458555841105146,3.0880958925384023,False,False,False,False,False,False,False,False,NONE,NORMAL,False,False
1067.0,38.23721781528144,38.191120935207415,60.0,44.38646322754819,44.38646322754819,50.0,3.550917058203855,3.0899482574635218,False,False,False,False,False,False,False,False,NONE,NORMAL,False,False
1068.0,38.28363000866396,38.23721781528144,60.0,44.44918025839775,44.44918025839775,50.0,3.55593442067182,3.091812486846568,False,False,False,False,False,False,False,False,NONE,NORMAL,False,False
1069.0,38.33035197467685,38.28363000866396,60.0,44.511349914971916,44.511349914971916,50.0,3.560907993197753,3.0936883330687968,False,False,False,False,False,False,False,False,NONE,NORMAL,False,False
1070.0,38.377378229061755,38.33035197467685,60.0,44.57297618908564,44.57297618908564,50.0,3.565838095126851,3.0955755512778578,False,False,False,False,False,False,False,False,NONE,NORMAL,False,False
1071.0,38.42470334347341,38.377378229061755,60.0,44.63406304355543,44.63406304355543,50.0,3.570725043484434,3.097473899367909,False,False,False,False,False,False,False,False,NONE,NORMAL,False,False
1072.0,38.47232194497686,38.42470334347341,60.0,44.694614412426404,44.694614412426404,50.0,3.5755691529941123,3.0993831379596086,False,False,False,False,False,False,False,False,NONE,NORMAL,False,False
1073.0,38.52022871554844,38.47232194497686,60.0,44.75463420119807,44.75463420119807,50.0,3.580370736095846,3.101303030380007,False,False,False,False,False,False,False,False,NONE,NORMAL,False,False
1074.0,38.5684183915806,38.52022871554844,60.0,44.81412628704875,44.81412628704875,50.0,3.5851301029639,3.1032333426423335,False,False,False,False,False,False,False,False,NONE,NORMAL,False,False
1075.0,38.6168857633905,38.5684183915806,60.0,44.87309451905868,44.87309451905868,50.0,3.5898475615246945,3.1051738434257024,False,False,False,False,False,False,False,False,NONE,NORMAL,False,False
1076.0,38.66562567473248,38.6168857633905,60.0,44.931542718431835,44.931542718431835,50.0,3.5945234174745466,3.107124304054736,False,False,False,False,False,False,False,False,NONE,NORMAL,False,False
1077.0,38.714633022314295,38.66562567473248,60.0,44.98947467871619,44.98947467871619,50.0,3.5991579742972952,3.1090844984791137,False,False,False,False,False,False,False,False,NONE,NORMAL,False,False
1078.0,38.763902755317176,38.714633022314295,60.0,45.04689416602281,45.04689416602281,50.0,3.603751533281825,3.111054203253067,False,False,False,False,False,False,False,False,NONE,NORMAL,False,False
1079.0,38.81342987491964,38.763902755317176,60.0,45.103804919243345,45.103804919243345,50.0,3.6083043935394676,3.113033197514812,False,False,False,False,False,False,False,False,NONE,NORMAL,False,False
1080.0,38.863209433825176,38.81342987491964,60.0,45.16021065026627,45.16021065026627,50.0,3.612816852021302,3.1150212629659384,False,False,False,False,False,False,False,False,NONE,NORMAL,False,False
1081.0,38.91323653579363,38.863209433825176,60.0,45.21611504419161,45.21611504419161,50.0,3.617289203535329,3.1170181838507602,False,False,False,False,False,False,False,False,NONE,NORMAL,False,False
1082.0,38.96350633517642,38.91323653579363,60.0,45.271521759544186,45.271521759544186,50.0,3.621721740763535,3.1190237469356346,False,False,False,False,False,False,False,False,NONE,NORMAL,False,False
1083.0,39.01401403645548,38.96350633517642,60.0,45.32643442848552,45.32643442848552,50.0,3.6261147542788414,3.1210377414882546,False,False,False,False,False,False,False,False,NONE,NORMAL,False,False
1084.0,39.064754893785974,39.01401403645548,60.0,45.38085665702418,45.38085665702418,50.0,3.6304685325619346,3.123059959256926,False,False,False,False,False,False,False,False,NONE,NORMAL,False,False
1085.0,39.115724210542794,39.064754893785974,60.0,45.43479202522476,45.43479202522476,50.0,3.6347833620179806,3.125090194449833,False,False,False,False,False,False,False,False,NONE,NORMAL,False,False
1086.0,39.16691733887068,39.115724210542794,60.0,45.488244087415225,45.488244087415225,50.0,3.639059526993218,3.127128243714303,False,False,False,False,False,False,False,False,NONE,NORMAL,False,False
1087.0,39.218329679238224,39.16691733887068,60.0,45.54121637239298,45.54121637239298,50.0,3.6432973097914383,3.129173906116065,False,False,False,False,False,False,False,False,NONE,NORMAL,False,False
1088.0,39.2699566799954,39.218329679238224,60.0,45.59371238362925,45.59371238362925,50.0,3.6474969906903403,3.1312269831185273,False,False,False,False,False,False,False,False,NONE,NORMAL,False,False
1089.0,39.32179383693497,39.2699566799954,60.0,45.64573559947209,45.64573559947209,50.0,3.6516588479577674,3.133287278562062,False,False,False,False,False,False,False,False,NONE,NORMAL,False,False
1090.0,39.373836692857424,39.32179383693497,60.0,45.697289473347844,45.697289473347844,50.0,3.6557831578678277,3.1353545986433087,False,False,False,False,False,False,False,False,NONE,NORMAL,False,False
1091.0,39.42608083713966,39.373836692857424,60.0,45.74837743396111,45.74837743396111,50.0,3.659870194716889,3.137428751894512,False,False,False,False,False,False,False,False,NONE,NORMAL,False,False
1092.0,39.4785219053073,39.42608083713966,60.0,45.799002885493174,45.799002885493174,50.0,3.663920230839454,3.139509549162881,False,False,False,False,False,False,False,False,NONE,NORMAL,False,False
1093.0,39.531155578610694,39.4785219053073,60.0,45.849169207798994,45.849169207798994,50.0,3.6679335366239196,3.1415968035899873,False,False,False,False,False,False,False,False,NONE,NORMAL,False,False
1094.0,39.583977583604394,39.531155578610694,60.0,45.89887975660254,45.89887975660254,50.0,3.671910380528203,3.1436903305912107,False,False,False,False,False,False,False,False,NONE,NORMAL,False,False
1095.0,39.6369836917304,39.583977583604394,60.0,45.94813786369082,45.94813786369082,50.0,3.6758510290952655,3.1457899478352176,False,False,False,False,False,False,False,False,NONE,NORMAL,False,False
1096.0,39.6901697189049,39.6369836917304,60.0,45.996946837106165,45.996946837106165,50.0,3.6797557469684934,3.1478954752235024,False,False,False,False,False,False,False,False,NONE,NORMAL,False,False
1097.0,39.743531525108594,39.6901697189049,60.0,46.04530996133714,46.04530996133714,50.0,3.683624796906971,3.150006734869979,False,False,False,False,False,False,False,False,NONE,NORMAL,False,False
1098.0,39.79706501398059,39.743531525108594,60.0,46.0932304975079,46.0932304975079,50.0,3.6874584398006323,3.152123551080628,False,False,False,False,False,False,False,False,NONE,NORMAL,False,False
1099.0,39.85076613241581,39.79706501398059,60.0,46.140711683565996,46.140711683565996,50.0,3.6912569346852795,3.1542457503332155,False,False,False,False,False,False,False,False,NONE,NORMAL,False,False
1100.0,40.14583087016585,9.850766132415806,60.0,76.33775673446871,76.33775673446871,50.0,6.107020538757497,3.1563731612570702,False,True,False,False,False,False,False,False,NONE,NORMAL,False,False
1101.0,40.43936288420245,10.145830870165852,60.0,76.29196284236784,76.29196284236784,50.0,6.103357027389427,3.1680368870234865,False,True,False,False,False,False,False,False,NONE,NORMAL,False,False
1102.0,40.73137299909514,10.439362884202453,60.0,76.24623401391023,76.24623401391023,50.0,6.099698721112818,3.179597572185923,False,True,False,False,False,False,False,False,NONE,NORMAL,False,False
1103.0,41.02187185930101,10.731372999095143,60.0,76.20056703402204,76.20056703402204,50.0,6.096045362721764,3.191056760663117,False,True,False,False,False,False,False,False,NONE,NORMAL,False,False
1104.0,41.31086993406756,11.021871859301008,60.0,76.15495881451969,76.15495881451969,50.0,6.092396705161575,3.202415957496036,False,True,False,False,False,False,False,False,NONE,NORMAL,False,False
1105.0,41.59837752216786,11.310869934067561,60.0,76.1094063900828,76.1094063900828,50.0,6.088752511206624,3.2136766302036195,False,True,False,False,False,False,False,False,NONE,NORMAL,False,False
1106.0,41.884404756474936,11.598377522167858,60.0,76.06390691437166,76.06390691437166,50.0,6.085112553149733,3.2248402100789377,False,True,False,False,False,False,False,False,NONE,NORMAL,False,False
1107.0,42.1689616083823,11.884404756474936,60.0,76.01845765628221,76.01845765628221,50.0,6.081476612502577,3.2359080934289115,False,True,False,False,False,False,False,False,NONE,NORMAL,False,False
1108.0,42.45205789207691,12.168961608382297,60.0,75.97305599633293,75.97305599633293,50.0,6.077844479706634,3.2468816427605693,False,True,False,False,False,False,False,False,NONE,NORMAL,False,False
1109.0,42.73370326867067,12.452057892076908,60.0,75.92769942317793,75.92769942317793,50.0,6.074215953854234,3.257762187916611,False,True,False,False,False,False,False,False,NONE,NORMAL,False,False
1110.0,43.01390725019631,12.733703268670673,60.0,75.88238553024081,75.88238553024081,50.0,6.070590842419265,3.268551027162903,False,True,False,False,False,False,False,False,NONE,NORMAL,False,False
1111.0,43.292679203472986,13.013907250196311,60.0,75.83711201246419,75.83711201246419,50.0,6.066968960997135,3.2792494282303504,False,True,False,False,False,False,False,False,NONE,NORMAL,False,False
1112.0,43.57002835384701,13.292679203472986,60.0,75.79187666317016,75.79187666317016,50.0,6.063350133053612,3.2898586293134615,False,True,False,False,False,False,False,False,NONE,NORMAL,False,False
1113.0,43.84596378881245,13.570028353847007,60.0,75.74667737102689,75.74667737102689,50.0,6.0597341896821515,3.3003798400277735,False,True,False,False,False,False,False,False,NONE,NORMAL,False,False
1114.0,44.12049446151657,13.845963788812448,60.0,75.7015121171174,75.7015121171174,50.0,6.056120969369392,3.310814242328179,False,True,False,False,False,False,False,False,NONE,NORMAL,False,False
1115.0,44.393629194154414,14.120494461516572,60.0,75.65637897210568,75.65637897210568,50.0,6.052510317768455,3.3211629913900858,False,True,False,False,False,False,False,False,NONE,NORMAL,False,False
1116.0,44.665376681256866,14.393629194154414,60.0,75.61127609349707,75.61127609349707,50.0,6.048902087479766,3.3314272164552245,False,True,False,False,False,False,False,False,NONE,NORMAL,False,False
1117.0,44.935745492876386,14.665376681256866,60.0,75.56620172298834,75.56620172298834,50.0,6.045296137839067,3.341608021643804,False,True,False,False,False,False,False,False,NONE,NORMAL,False,False
1118.0,45.20474407767415,14.935745492876386,60.0,75.52115418390443,75.52115418390443,50.0,6.041692334712354,3.3517064867346447,False,True,False,False,False,False,False,False,NONE,NORMAL,False,False
1119.0,45.47238076591241,15.20474407767415,60.0,75.47613187871829,75.47613187871829,50.0,6.038090550297463,3.3617236679148,False,True,False,False,False,False,False,False,NONE,NORMAL,False,False
1120.0,45.73866377235561,15.472380765912412,60.0,75.43113328665048,75.43113328665048,50.0,6.034490662932038,3.3716605985001076,False,True,False,False,False,False,False,False,NONE,NORMAL,False,False
1121.0,46.00360119908357,15.738663772355608,60.0,75.3861569613455,75.3861569613455,50.0,6.030892556907641,3.381518289628034,False,True,False,False,False,False,False,False,NONE,NORMAL,False,False
1122.0,46.267201038220136,16.00360119908357,60.0,75.34120152862212,75.34120152862212,50.0,6.02729612228977,3.3912977309240917,False,True,False,False,False,False,False,False,NONE,NORMAL,False,False
1123.0,46.52947117458018,16.267201038220136,60.0,75.29626568429445,75.29626568429445,50.0,6.023701254743556,3.4009998911430497,False,True,False,False,False,False,False,False,NONE,NORMAL,False,False
1124.0,46.790419388238064,16.52947117458018,60.0,75.25134819206151,75.25134819206151,50.0,6.020107855364921,3.4106257187860773,False,True,False,False,False,False,False,False,NONE,NORMAL,False,False
1125.0,47.050053357020275,16.790419388238064,60.0,75.20644788146244,75.20644788146244,50.0,6.016515830516995,3.420176142694922,False,True,False,False,False,False,False,False,NONE,NORMAL,False,False
1126.0,47.308380658925024,17.050053357020275,60.0,75.16156364589513,75.16156364589513,50.0,6.01292509167161,3.4296520726241413,False,True,False,False,False,False,False,False,NONE,NORMAL,False,False
1127.0,47.56540877447135,17.308380658925024,60.0,75.11669444069575,75.11669444069575,50.0,6.00933555525566,3.4390543997923695,False,True,False,False,False,False,False,False,NONE,NORMAL,False,False
1128.0,47.82114508898022,17.56540877447135,60.0,75.07183928127708,75.07183928127708,50.0,6.005747142502166,3.448383997413548,False,True,False,False,False,False,False,False,NONE,NORMAL,False,False
1129.0,48.0755968947899,17.821145088980217,60.0,75.0269972413233,75.0269972413233,50.0,6.002159779305864,3.4576417212089883,False,True,False,False,False,False,False,False,NONE,NORMAL,False,False
1130.0,48.328771393408104,18.075596894789904,60.0,74.98216745103966,74.98216745103966,50.0,5.998573396083173,3.4668284099011126,False,True,False,False,False,False,False,False,NONE,NORMAL,False,False
1131.0,48.58067569760277,18.328771393408104,60.0,74.93734909545444,74.93734909545444,50.0,5.994987927636355,3.475944885689649,False,True,False,False,False,False,False,False,NONE,NORMAL,False,False
1132.0,48.83131683343384,18.58067569760277,60.0,74.89254141277175,74.89254141277175,50.0,5.99140331302174,3.4849919547110426,False,True,False,False,False,False,False,False,NONE,NORMAL,False,False
1133.0,49.08070174222785,18.83131683343384,60.0,74.84774369277352,74.84774369277352,50.0,5.987819495421881,3.4939704074817888,False,True,False,False,False,False,False,False,NONE,NORMAL,False,False
1134.0,49.32883728249736,19.080701742227852,60.0,74.80295527526836,74.80295527526836,50.0,5.9842364220214685,3.502881019326372,False,True,False,False,False,False,False,False,NONE,NORMAL,False,False
1135.0,49.575730231807015,19.32883728249736,60.0,74.75817554858637,74.75817554858637,50.0,5.98065404388691,3.511724550790443,False,True,False,False,False,False,False,False,NONE,NORMAL,False,False
1136.0,49.821387288587964,19.575730231807015,60.0,74.71340394811767,74.71340394811767,50.0,5.977072315849414,3.520501748039866,False,True,False,False,False,False,False,False,NONE,NORMAL,False,False
1137.0,50.065815073902485,19.821387288587964,60.0,74.66863995489379,74.66863995489379,50.0,5.973491196391503,3.529213343246196,False,True,False,False,False,False,False,False,NONE,NORMAL,False,False
1138.0,50.30902013316025,20.065815073902485,60.0,74.62388309420976,74.62388309420976,50.0,5.969910647536781,3.537860054959159,False,True,False,False,False,False,False,False,NONE,NORMAL,False,False
1139.0,50.55100893778788,20.309020133160253,60.0,74.57913293428618,74.57913293428618,50.0,5.966330634742894,3.5464425884666544,False,True,False,False,False,False,False,False,NONE,NORMAL,False,False
1140.0,50.791787886853356,20.551008937787877,60.0,74.53438908496962,74.53438908496962,50.0,5.96275112679757,3.5549616361427825,False,True,False,False,False,False,False,False,NONE,NORMAL,False,False
1141.0,51.03136330864668,20.791787886853356,60.0,74.48965119646988,74.48965119646988,50.0,5.95917209571759,3.5634178777843806,False,True,False,False,False,False,False,False,NONE,NORMAL,False,False
1142.0,51.269741462218086,21.031363308646682,60.0,74.44491895813331,74.44491895813331,50.0,5.955593516650665,3.5718119809365207,False,True,False,False,False,False,False,False,NONE,NORMAL,False,False
1143.0,51.50692853887535,21.269741462218086,60.0,74.40019209725082,74.40019209725082,50.0,5.952015367780066,3.580144601207404,False,True,False,False,False,False,False,False,NONE,NORMAL,False,False
1144.0,51.74293066364124,21.50692853887535,60.0,74.35547037789918,74.35547037789918,50.0,5.948437630231934,3.588416382573076,False,True,False,False,False,False,False,False,NONE,NORMAL,False,False
1145.0,51.97775389667252,21.74293066364124,60.0,74.31075359981509,74.31075359981509,50.0,5.944860287985207,3.5966279576723403,False,True,False,False,False,False,False,False,NONE,NORMAL,False,False
1146.0,52.21140423464169,21.977753896672517,60.0,74.26604159730044,74.26604159730044,50.0,5.941283327784036,3.604779948092273,False,True,False,False,False,False,False,False,NONE,NORMAL,False,False
1147.0,52.443887612082484,22.21140423464169,60.0,74.22133423815805,74.22133423815805,50.0,5.937706739052644,3.6128729646446778,False,True,False,False,False,False,False,False,NONE,NORMAL,False,False
1148.0,52.675209902700345,22.443887612082484,60.0,74.17663142265685,74.17663142265685,50.0,5.934130513812549,3.6209076076338405,False,True,False,False,False,False,False,False,NONE,NORMAL,False,False
1149.0,52.90537692064895,22.675209902700345,60.0,74.13193308252548,74.13193308252548,50.0,5.9305546466020385,3.6288844671159053,False,True,False,False,False,False,False,False,NONE,NORMAL,False,False
1150.0,53.13439442177372,22.905376920648948,60.0,74.08723917997364,74.08723917997364,50.0,5.926979134397891,3.636804123150192,False,True,False,False,False,False,False,False,NONE,NORMAL,False,False
1151.0,53.362268104823364,23.13439442177372,60.0,74.04254970674,74.04254970674,50.0,5.9234039765392,3.644667146042754,False,True,False,False,False,False,False,False,NONE,NORMAL,False,False
1152.0,53.58900361263045,23.362268104823364,60.0,73.99786468316623,73.99786468316623,50.0,5.919829174653298,3.6524740965824574,False,True,False,False,False,False,False,False,NONE,NORMAL,False,False
1153.0,53.81460653326182,23.58900361263045,60.0,73.953184157296,73.953184157296,50.0,5.916254732583679,3.660225526269879,False,True,False,False,False,False,False,False,NONE,NORMAL,False,False
1154.0,54.03908240113989,23.814606533261824,60.0,73.90850820399831,73.90850820399831,50.0,5.912680656319865,3.667921977539252,False,True,False,False,False,False,False,False,NONE,NORMAL,False,False
1155.0,54.26243669813544,24.039082401139893,60.0,73.86383692411454,73.86383692411454,50.0,5.909106953929163,3.6755639839737486,False,True,False,False,False,False,False,False,NONE,NORMAL,False,False
1156.0,54.48467485463303,24.26243669813544,60.0,73.81917044362832,73.81917044362832,50.0,5.905533635490266,3.6831520705143115,False,True,False,False,False,False,False,False,NONE,NORMAL,False,False
1157.0,54.70580225056965,24.484674854633028,60.0,73.77450891285757,73.77450891285757,50.0,5.901960713028606,3.690686753662285,False,True,False,False,False,False,False,False,NONE,NORMAL,False,False
1158.0,54.925824216447396,24.705802250569647,60.0,73.7298525056681,73.7298525056681,50.0,5.898388200453448,3.698168541676057,False,True,False,False,False,False,False,False,NONE,NORMAL,False,False
1159.0,55.14474603432086,24.925824216447396,60.0,73.68520141870812,73.68520141870812,50.0,5.894816113496649,3.7055979347619257,False,True,False,False,False,False,False,False,NONE,NORMAL,False,False
1160.0,55.36257293876022,25.14474603432086,60.0,73.64055587066304,73.64055587066304,50.0,5.891244469653043,3.712975425259399,False,True,False,False,False,False,False,False,NONE,NORMAL,False,False
1161.0,55.57931011779035,25.362572938760223,60.0,73.59591610152988,73.59591610152988,50.0,5.88767328812239,3.7203014978211186,False,True,False,False,False,False,False,False,NONE,NORMAL,False,False
1162.0,55.794962713806875,25.57931011779035,60.0,73.5512823719108,73.5512823719108,50.0,5.884102589752864,3.727576629587591,False,True,False,False,False,False,False,False,NONE,NORMAL,False,False
1163.0,56.00953582446979,25.794962713806875,60.0,73.50665496232524,73.50665496232524,50.0,5.88053239698602,3.7348012903569208,False,True,False,False,False,False,False,False,NONE,NORMAL,False,False
1164.0,56.22303450357514,26.009535824469793,60.0,73.46203417253997,73.46203417253997,50.0,5.876962733803198,3.7419759427496926,False,True,False,False,False,False,False,False,NONE,NORMAL,False,False
1165.0,56.43546376190557,26.223034503575143,60.0,73.41742032091675,73.41742032091675,50.0,5.87339362567334,3.749101042369195,False,True,False,False,False,False,False,False,NONE,NORMAL,False,False
1166.0,56.64682856806007,26.435463761905567,60.0,73.37281374377679,73.37281374377679,50.0,5.869825099502143,3.756177037957129,False,True,False,False,False,False,False,False,NONE,NORMAL,False,False
1167.0,56.85713384926383,26.646828568060073,60.0,73.32821479478199,73.32821479478199,50.0,5.866257183582559,3.7632043715449495,False,True,False,False,False,False,False,False,NONE,NORMAL,False,False
1168.0,57.066384492158384,26.857133849263832,60.0,73.28362384433191,73.28362384433191,50.0,5.862689907546553,3.7701834786010027,False,True,False,False,False,False,False,False,NONE,NORMAL,False,False
1169.0,57.27458534357284,27.066384492158384,60.0,73.23904127897657,73.23904127897657,50.0,5.8591233023181255,3.777114788173586,False,True,False,False,False,False,False,False,NONE,NORMAL,False,False
1170.0,57.481741211276585,27.274585343572838,60.0,73.19446750084424,73.19446750084424,50.0,5.855557400067539,3.783998723030071,False,True,False,False,False,False,False,False,NONE,NORMAL,False,False
1171.0,57.687856864714036,27.481741211276585,60.0,73.14990292708413,73.14990292708413,50.0,5.8519922341667305,3.7908356997922166,False,True,False,False,False,False,False,False,NONE,NORMAL,False,False
1172.0,57.89293703572185,27.687856864714036,60.0,73.10534798932309,73.10534798932309,50.0,5.848427839145847,3.7976261290678037,False,True,False,False,False,False,False,False,NONE,NORMAL,False,False
1173.0,58.09698641922908,27.89293703572185,60.0,73.06080313313667,73.06080313313667,50.0,5.844864250650934,3.8043704155787017,False,True,False,False,False,False,False,False,NONE,NORMAL,False,False
1174.0,58.3000096739408,28.096986419229083,60.0,73.0162688175333,73.0162688175333,50.0,5.841301505402664,3.811068958285493,False,True,False,False,False,False,False,False,NONE,NORMAL,False,False
1175.0,58.50201142300554,28.3000096739408,60.0,72.97174551445187,72.97174551445187,50.0,5.8377396411561495,3.817722150508756,False,True,False,False,False,False,False,False,NONE,NORMAL,False,False
1176.0,58.702996254667006,28.50201142300554,60.0,72.9272337082721,72.9272337082721,50.0,5.834178696661768,3.8243303800471247,False,True,False,False,False,False,False,False,NONE,NORMAL,False,False
1177.0,58.90296872290048,28.702996254667006,60.0,72.88273389533731,72.88273389533731,50.0,5.830618711626985,3.830894029292216,False,True,False,False,False,False,False,False,NONE,NORMAL,False,False
1178.0,59.10193334803434,28.902968722900482,60.0,72.83824658348932,72.83824658348932,50.0,5.8270597266791455,3.8374134753405347,False,True,False,False,False,False,False,False,NONE,NORMAL,False,False
1179.0,59.29989461735702,29.101933348034343,60.0,72.79377229161528,72.79377229161528,50.0,5.823501783329223,3.8438890901024427,False,True,False,False,False,False,False,False,NONE,NORMAL,False,False
1180.0,59.49685698570983,29.29989461735702,60.0,72.74931154920583,72.74931154920583,50.0,5.8199449239364665,3.8503212404082925,False,True,False,False,False,False,False,False,NONE,NORMAL,False,False
1181.0,59.692824876066055,29.496856985709833,60.0,72.70486489592446,72.70486489592446,50.0,5.816389191673957,3.856710288111807,False,True,False,False,False,False,False,False,NONE,NORMAL,False,False
1182.0,59.88780268009649,29.692824876066055,60.0,72.66043288118792,72.66043288118792,50.0,5.812834630495034,3.8630565901907925,False,True,False,False,False,False,False,False,NONE,NORMAL,False,False
1183.0,60.08179475872202,29.88780268009649,60.0,72.61601606375699,72.61601606375699,50.0,5.809281285100559,3.869360498845271,False,True,False,False,False,False,False,False,NONE,NORMAL,False,False
1184.0,60.2748054426534,30.08179475872202,60.0,72.57161501133785,72.57161501133785,50.0,5.805729200907028,3.8756223615931034,False,True,False,False,False,False,False,False,NONE,NORMAL,False,False
1185.0,60.46683903291863,30.274805442653403,60.0,72.5272303001932,72.5272303001932,50.0,5.802178424015455,3.881842521363193,False,True,False,False,False,False,False,False,NONE,NORMAL,False,False
1186.0,60.657899801378115,30.466839032918628,60.0,72.48286251476338,72.48286251476338,50.0,5.79862900118107,3.888021316586325,False,True,False,False,False,False,False,False,NONE,NORMAL,False,False
1187.0,60.84799199122812,30.657899801378115,60.0,72.43851224729701,72.43851224729701,50.0,5.795080979783761,3.894159081283728,False,True,False,False,False,False,False,False,NONE,NORMAL,False,False
1188.0,61.0371198174927,30.84799199122812,60.0,72.39418009749086,72.39418009749086,50.0,5.7915344077992685,3.900256145153422,False,True,False,False,False,False,False,False,NONE,NORMAL,False,False
1189.0,61.22528746750437,31.0371198174927,60.0,72.34986667213882,72.34986667213882,50.0,5.7879893337711055,3.9063128336544137,False,True,False,False,False,False,False,False,NONE,NORMAL,False,False
1190.0,61.41249910137381,31.225287467504373,60.0,72.30557258478962,72.30557258478962,50.0,5.784445806783169,3.9123294680888128,False,True,False,False,False,False,False,False,NONE,NORMAL,False,False
1191.0,61.598758852448924,31.41249910137381,60.0,72.26129845541331,72.26129845541331,50.0,5.780903876433065,3.9183063656819197,False,True,False,False,False,False,False,False,NONE,NORMAL,False,False
1192.0,61.78407082776351,31.598758852448924,60.0,72.21704491007594,72.21704491007594,50.0,5.777363592806076,3.924243839660353,False,True,False,False,False,False,False,False,NONE,NORMAL,False,False
1193.0,61.96843910847566,31.784070827763507,60.0,72.17281258062255,72.17281258062255,50.0,5.773825006449804,3.930142199328273,False,True,False,False,False,False,False,False,NONE,NORMAL,False,False
1194.0,62.15186775029643,31.968439108475657,60.0,72.12860210436801,72.12860210436801,50.0,5.770288168349441,3.9360017501417492,False,True,False,False,False,False,False,False,NONE,NORMAL,False,False
1195.0,62.33436078390866,32.15186775029643,60.0,72.08441412379577,72.08441412379577,50.0,5.766753129903662,3.9418227937813373,False,True,False,False,False,False,False,False,NONE,NORMAL,False,False
1196.0,62.51592221537648,32.33436078390866,60.0,72.04024928626399,72.04024928626399,50.0,5.763219942901119,3.947605628222906,False,True,False,False,False,False,False,False,NONE,NORMAL,False,False
1197.0,62.69655602654556,32.51592221537648,60.0,71.99610824371929,71.99610824371929,50.0,5.759688659497543,3.9533505478067736,False,True,False,False,False,False,False,False,NONE,NORMAL,False,False
1198.0,62.87626617543437,32.69655602654556,60.0,71.95199165241749,71.95199165241749,50.0,5.756159332193399,3.959057843305196,False,True,False,False,False,False,False,False,NONE,NORMAL,False,False
1199.0,63.055056596616744,32.87626617543437,60.0,71.90790017265151,71.90790017265151,50.0,5.7526320138121205,3.9647278019882517,False,True,False,False,False,False,False,False,NONE,NORMAL,False,False
1200.0,63.23293120159581,33.055056596616744,60.0,71.86383446848605,71.86383446848605,50.0,5.7491067574788834,3.9703607076881804,False,True,False,False,False,False,False,False,NONE,NORMAL,False,False
1201.0,63.40989387916959,33.23293120159581,60.0,71.819795207499,71.819795207499,50.0,5.7455836165999195,3.975956840862203,False,True,False,False,False,False,False,False,NONE,NORMAL,False,False
1202.0,63.58594849578842,33.40989387916959,60.0,71.77578306052936,71.77578306052936,50.0,5.742062644842349,3.98151647865388,False,True,False,False,False,False,False,False,NONE,NORMAL,False,False
1203.0,63.76109889590457,33.58594849578842,60.0,71.73179870143159,71.73179870143159,50.0,5.7385438961145265,3.9870398949530346,False,True,False,False,False,False,False,False,NONE,NORMAL,False,False
1204.0,63.93534890231383,33.76109889590457,60.0,71.68784280683593,71.68784280683593,50.0,5.735027424546875,3.9925273604542957,False,True,False,False,False,False,False,False,NONE,NORMAL,False,False
1205.0,64.10870231648971,33.93534890231383,60.0,71.6439160559151,71.6439160559151,50.0,5.731513284473208,3.9979791427142857,False,True,False,False,False,False,False,False,NONE,NORMAL,False,False
1206.0,64.28116291891021,34.10870231648971,60.0,71.60001913015677,71.60001913015677,50.0,5.728001530412541,4.003395506207503,False,True,False,False,False,False,False,False,NONE,NORMAL,False,False
1207.0,64.45273446937725,34.28116291891021,60.0,71.55615271314171,71.55615271314171,50.0,5.7244922170513375,4.008776712380917,False,True,False,False,False,False,False,False,NONE,NORMAL,False,False
1208.0,64.62342070732913,34.45273446937725,60.0,71.51231749032779,71.51231749032779,50.0,5.720985399226223,4.014123019707332,False,True,False,False,False,False,False,False,NONE,NORMAL,False,False
1209.0,64.7932253521461,34.62342070732913,60.0,71.46851414883926,71.46851414883926,50.0,5.717481131907141,4.019434683737538,False,True,False,False,False,False,False,False,NONE,NORMAL,False,False
1210.0,64.96215210344907,34.793225352146095,60.0,71.42474337726156,71.42474337726156,50.0,5.7139794701809254,4.024711957151284,False,True,False,False,False,False,False,False,NONE,NORMAL,False,False
1211.0,65.13020464139188,34.96215210344907,60.0,71.38100586544134,71.38100586544134,50.0,5.710480469235307,4.029955089807114,False,True,False,False,False,False,False,False,NONE,NORMAL,False,False
1212.0,65.29738662694712,35.130204641391884,60.0,71.33730230429157,71.33730230429157,50.0,5.706984184343326,4.035164328791081,False,True,False,False,False,False,False,False,NONE,NORMAL,False,False
1213.0,65.46370170218549,35.297386626947116,60.0,71.2936333856016,71.2936333856016,50.0,5.703490670848128,4.040339918464383,False,True,False,False,False,False,False,False,NONE,NORMAL,False,False
1214.0,65.62915349054931,35.46370170218549,60.0,71.24999980185231,71.24999980185231,50.0,5.699999984148185,4.045482100509947,False,True,False,False,False,False,False,False,NONE,NORMAL,False,False
1215.0,65.79374559711981,35.629153490549314,60.0,71.20640224603574,71.20640224603574,50.0,5.696512179682859,4.0505911139779744,False,True,False,False,False,False,False,False,NONE,NORMAL,False,False
1216.0,65.9574816088786,35.79374559711981,60.0,71.16284141147963,71.16284141147963,50.0,5.693027312918371,4.055667195330498,False,True,False,False,False,False,False,False,NONE,NORMAL,False,False
1217.0,66.12036509496349,35.957481608878595,60.0,71.11931799167645,71.11931799167645,50.0,5.6895454393341165,4.060710578484959,False,True,False,False,False,False,False,False,NONE,NORMAL,False,False
1218.0,66.28239960691874,36.12036509496349,60.0,71.07583268011675,71.07583268011675,50.0,5.68606661440934,4.065721494856832,False,True,False,False,False,False,False,False,NONE,NORMAL,False,False
1219.0,66.44358867893962,36.282399606918744,60.0,71.0323861701269,71.0323861701269,50.0,5.6825908936101515,4.070700173401338,False,True,False,False,False,False,False,False,NONE,NORMAL,False,False
1220.0,66.60393582811189,36.44358867893962,60.0,70.98897915471133,70.98897915471133,50.0,5.679118332376906,4.075646840654242,False,True,False,False,False,False,False,False,NONE,NORMAL,False,False
1221.0,66.7634445546459,36.60393582811189,60.0,70.9456123263985,70.9456123263985,50.0,5.67564898611188,4.080561720771783,False,True,False,False,False,False,False,False,NONE,NORMAL,False,False
1222.0,66.92211834210566,36.7634445546459,60.0,70.90228637709126,70.90228637709126,50.0,5.672182910167301,4.085445035569745,False,True,False,False,False,False,False,False,NONE,NORMAL,False,False
1223.0,67.07996065763285,36.92211834210566,60.0,70.85900199792096,70.85900199792096,50.0,5.6687201598336765,4.0902970045617,False,True,False,False,False,False,False,False,NONE,NORMAL,False,False
1224.0,67.23697495216605,37.07996065763285,60.0,70.81575987910561,70.81575987910561,50.0,5.665260790328449,4.095117844996431,False,True,False,False,False,False,False,False,NONE,NORMAL,False,False
1225.0,67.39316466065509,37.23697495216605,60.0,70.77256070981159,70.77256070981159,50.0,5.661804856784927,4.099907771894572,False,True,False,False,False,False,False,False,NONE,NORMAL,False,False
1226.0,67.5485332022708,37.39316466065509,60.0,70.72940517801928,70.72940517801928,50.0,5.658352414241542,4.10466699808447,False,True,False,False,False,False,False,False,NONE,NORMAL,False,False
1227.0,67.70308398061022,37.548533202270804,60.0,70.6862939703922,70.6862939703922,50.0,5.654903517631376,4.109395734237298,False,True,False,False,False,False,False,False,NONE,NORMAL,False,False
1228.0,67.85682038389726,37.70308398061022,60.0,70.64322777214974,70.64322777214974,50.0,5.651458221771979,4.114094188901435,False,True,False,False,False,False,False,False,NONE,NORMAL,False,False
1229.0,68.00974578517919,37.85682038389726,60.0,70.60020726694322,70.60020726694322,50.0,5.648016581355457,4.118762568536127,False,True,False,False,False,False,False,False,NONE,NORMAL,False,False
1230.0,68.16186354251865,38.00974578517919,60.0,70.55723313673539,70.55723313673539,50.0,5.644578650938831,4.123401077544458,False,True,False,False,False,False,False,False,NONE,NORMAL,False,False
1231.0,68.31317699918156,38.161863542518645,60.0,70.51430606168334,70.51430606168334,50.0,5.641144484934667,4.128009918305631,False,True,False,False,False,False,False,False,NONE,NORMAL,False,False
1232.0,68.4636894838211,38.313176999181564,60.0,70.47142672002451,70.47142672002451,50.0,5.637714137601961,4.132589291206591,False,True,False,False,False,False,False,False,NONE,NORMAL,False,False
1233.0,68.61340431065753,38.4636894838211,60.0,70.42859578796589,70.42859578796589,50.0,5.634287663037271,4.1371393946729995,False,True,False,False,False,False,False,False,NONE,NORMAL,False,False
1234.0,68.76232477965418,38.61340431065753,60.0,70.38581393957617,70.38581393957617,50.0,5.630865115166094,4.141660425199582,False,True,False,False,False,False,False,False,NONE,NORMAL,False,False
1235.0,68.91045417668964,38.76232477965418,60.0,70.34308184668123,70.34308184668123,50.0,5.627446547734499,4.146152577379847,False,True,False,False,False,False,False,False,NONE,NORMAL,False,False
1236.0,69.05779577372621,38.91045417668964,60.0,70.30040017876232,70.30040017876232,50.0,5.624032014300985,4.150616043935215,False,True,False,False,False,False,False,False,NONE,NORMAL,False,False
1237.0,69.20435282897472,39.05779577372621,60.0,70.25776960285712,70.25776960285712,50.0,5.62062156822857,4.155051015743555,False,True,False,False,False,False,False,False,NONE,NORMAL,False,False
1238.0,69.35012858705572,39.20435282897472,60.0,70.21519078346375,70.21519078346375,50.0,5.6172152626771,4.1594576818671545,False,True,False,False,False,False,False,False,NONE,NORMAL,False,False
1239.0,69.49512627915729,39.35012858705572,60.0,70.17266438244746,70.17266438244746,50.0,5.6138131505957976,4.163836229580113,False,True,False,False,False,False,False,False,NONE,NORMAL,False,False
1240.0,69.63934912318938,39.49512627915729,60.0,70.13019105895012,70.13019105895012,50.0,5.61041528471601,4.168186844395213,False,True,False,False,False,False,False,False,NONE,NORMAL,False,False
1241.0,69.78280032393475,39.639349123189376,60.0,70.08777146930208,70.08777146930208,50.0,5.607021717544167,4.172509710090241,False,True,False,False,False,False,False,False,NONE,NORMAL,False,False
1242.0,69.92548307319687,39.78280032393475,60.0,70.04540626693702,70.04540626693702,50.0,5.603632501354962,4.176805008733791,False,True,False,False,False,False,False,False,NONE,NORMAL,False,False
1243.0,70.06740054994428,39.92548307319687,60.0,70.00309610230892,70.00309610230892,50.0,5.600247688184713,4.18107292071057,False,True,False,False,False,False,False,False,NONE,NORMAL,False,False
1244.0,70.20855592045216,40.06740054994428,60.0,69.96084162281178,69.96084162281178,50.0,5.596867329824943,4.185313624746188,False,True,False,False,False,False,False,False,NONE,NORMAL,False,False
1245.0,70.34895233844061,40.208555920452156,60.0,69.91864347270166,69.91864347270166,50.0,5.593491477816133,4.189527297931479,False,True,False,False,False,False,False,False,NONE,NORMAL,False,False
1246.0,70.48859294521014,40.34895233844061,60.0,69.87650229302099,69.87650229302099,50.0,5.590120183441679,4.193714115746346,False,True,False,False,False,False,False,False,NONE,NORMAL,False,False
1247.0,70.62748086977405,40.488592945210144,60.0,69.83441872152542,69.83441872152542,50.0,5.586753497722034,4.1978742520831345,False,True,False,False,False,False,False,False,NONE,NORMAL,False,False
1248.0,70.76561922898799,40.62748086977405,60.0,69.79239339261264,69.79239339261264,50.0,5.583391471409011,4.202007879269566,False,True,False,False,False,False,False,False,NONE,NORMAL,False,False
1249.0,70.90301112767689,40.76561922898799,60.0,69.75042693725376,69.75042693725376,50.0,5.580034154980301,4.206115168091216,False,True,False,False,False,False,False,False,NONE,NORMAL,False,False
1250.0,71.03965965875894,40.90301112767689,60.0,69.70851998292648,69.70851998292648,50.0,5.576681598634118,4.210196287813577,False,True,False,False,False,False,False,False,NONE,NORMAL,False,False
1251.0,71.17556790336697,41.039659658758936,60.0,69.66667315355062,69.66667315355062,50.0,5.573333852284049,4.214251406203685,False,True,False,False,False,False,False,False,NONE,NORMAL,False,False
1252.0,71.31073893096725,41.17556790336697,60.0,69.62488706942575,69.62488706942575,50.0,5.5699909655540605,4.218280689551341,False,True,False,False,False,False,False,False,NONE,NORMAL,False,False
1253.0,71.4451757994756,41.31073893096725,60.0,69.58316234717063,69.58316234717063,50.0,5.56665298777365,4.222284302689933,False,True,False,False,False,False,False,False,NONE,NORMAL,False,False
1254.0,71.57888155537123,41.44517579947561,60.0,69.54149959966489,69.54149959966489,50.0,5.563319967973191,4.226262409016849,False,True,False,False,False,False,False,False,NONE,NORMAL,False,False
1255.0,71.7118592338078,41.578881555371225,60.0,69.49989943599243,69.49989943599243,50.0,5.559991954879394,4.230215170513529,False,True,False,False,False,False,False,False,NONE,NORMAL,False,False
1256.0,71.84411185872239,41.7118592338078,60.0,69.4583624613868,69.4583624613868,50.0,5.556668996910944,4.234142747765119,False,True,False,False,False,False,False,False,NONE,NORMAL,False,False
1257.0,71.97564244294185,41.844111858722385,60.0,69.41688927717861,69.41688927717861,50.0,5.553351142174289,4.238045299979768,False,True,False,False,False,False,False,False,NONE,NORMAL,False,False
1258.0,72.10645398828704,41.97564244294185,60.0,69.37548048074444,69.37548048074444,50.0,5.550038438459556,4.2419229850075615,False,True,False,False,False,False,False,False,NONE,NORMAL,False,False
1259.0,72.2365494856748,42.10645398828704,60.0,69.3341366654578,69.3341366654578,50.0,5.546730933236624,4.245775959359109,False,True,False,False,False,False,False,False,NONE,NORMAL,False,False
1260.0,72.36593191521756,42.2365494856748,60.0,69.29285842064169,69.29285842064169,50.0,5.543428673651335,4.249604378223777,False,True,False,False,False,False,False,False,NONE,NORMAL,False,False
1261.0,72.49460424632099,42.36593191521756,60.0,69.25164633152283,69.25164633152283,50.0,5.5401317065218265,4.2534083954875985,False,True,False,False,False,False,False,False,NONE,NORMAL,False,False
1262.0,72.6225694377794,42.49460424632099,60.0,69.2105009791878,69.2105009791878,50.0,5.536840078335024,4.25718816375084,False,True,False,False,False,False,False,False,NONE,NORMAL,False,False
1263.0,72.7498304378692,42.622569437779404,60.0,69.16942294054049,69.16942294054049,50.0,5.5335538352432385,4.260943834345256,False,True,False,False,False,False,False,False,NONE,NORMAL,False,False
1264.0,72.8763901844402,42.74983043786921,60.0,69.12841278826133,69.12841278826133,50.0,5.530273023060906,4.264675557351028,False,True,False,False,False,False,False,False,NONE,NORMAL,False,False
1265.0,73.00225160500501,42.8763901844402,60.0,69.08747109076815,69.08747109076815,50.0,5.526997687261452,4.26838348161339,False,True,False,False,False,False,False,False,NONE,NORMAL,False,False
1266.0,73.12741761682655,43.002251605005014,60.0,69.04659841217831,69.04659841217831,50.0,5.523727872974265,4.272067754758959,False,True,False,False,False,False,False,False,NONE,NORMAL,False,False
1267.0,73.25189112700356,43.12741761682655,60.0,69.00579531227265,69.00579531227265,50.0,5.520463624981812,4.275728523211763,False,True,False,False,False,False,False,False,NONE,NORMAL,False,False
1268.0,73.37567503255434,43.25189112700356,60.0,68.96506234646061,68.96506234646061,50.0,5.517204987716849,4.279365932208987,False,True,False,False,False,False,False,False,NONE,NORMAL,False,False
1269.0,73.49877222049868,43.37567503255434,60.0,68.92440006574707,68.92440006574707,50.0,5.513952005259765,4.2829801258164375,False,True,False,False,False,False,False,False,NONE,NORMAL,False,False
1270.0,73.62118556793791,43.49877222049868,60.0,68.88380901670024,68.88380901670024,50.0,5.510704721336019,4.286571246943724,False,True,False,False,False,False,False,False,NONE,NORMAL,False,False
1271.0,73.74291794213336,43.621185567937914,60.0,68.8432897414213,68.8432897414213,50.0,5.507463179313704,4.290139437359173,False,True,False,False,False,False,False,False,NONE,NORMAL,False,False
1272.0,73.86397220058302,43.74291794213336,60.0,68.8028427775152,68.8028427775152,50.0,5.5042274222012155,4.293684837704479,False,True,False,False,False,False,False,False,NONE,NORMAL,False,False
1273.0,73.98435119109661,43.86397220058302,60.0,68.76246865806262,68.76246865806262,50.0,5.500997492645009,4.297207587509097,False,True,False,False,False,False,False,False,NONE,NORMAL,False,False
1274.0,74.10405775186891,43.98435119109661,60.0,68.72216791159354,68.72216791159354,50.0,5.497773432927484,4.300707825204376,False,True,False,False,False,False,False,False,NONE,NORMAL,False,False
1275.0,74.22309471155167,44.10405775186891,60.0,68.6819410620619,68.6819410620619,50.0,5.494555284964951,4.304185688137447,False,True,False,False,False,False,False,False,NONE,NORMAL,False,False
1276.0,74.34146488932373,44.22309471155167,60.0,68.64178862882139,68.64178862882139,50.0,5.491343090305711,4.307641312584872,False,True,False,False,False,False,False,False,NONE,NORMAL,False,False
1277.0,74.45917109495996,44.34146488932373,60.0,68.60171112660271,68.60171112660271,50.0,5.488136890128216,4.311074833766045,False,True,False,False,False,False,False,False,NONE,NORMAL,False,False
1278.0,74.57621612889824,44.459171094959956,60.0,68.56170906549167,68.56170906549167,50.0,5.484936725239334,4.314486385856373,False,True,False,False,False,False,False,False,NONE,NORMAL,False,False
1279.0,74.69260278230549,44.57621612889824,60.0,68.52178295090891,68.52178295090891,50.0,5.481742636072713,4.317876102000214,False,True,False,False,False,False,False,False,NONE,NORMAL,False,False
1280.0,74.80833383714186,44.692602782305485,60.0,68.48193328359014,68.48193328359014,50.0,5.478554662687211,4.321244114323602,False,True,False,False,False,False,False,False,NONE,NORMAL,False,False
1281.0,74.92341206622373,44.80833383714186,60.0,68.44216055956805,68.44216055956805,50.0,5.475372844765444,4.324590553946751,False,True,False,False,False,False,False,False,NONE,NORMAL,False,False
1282.0,75.03784023328535,44.92341206622373,60.0,68.40246527015506,68.40246527015506,50.0,5.472197221612405,4.327915550996338,False,True,False,False,False,False,False,False,NONE,NORMAL,False,False
1283.0,75.15162109303903,45.03784023328535,60.0,68.36284790192701,68.36284790192701,50.0,5.469027832154161,4.331219234617585,False,True,False,False,False,True,False,False,NONE,HIGH LEVEL,False,False
1284.0,75.26475739123407,45.151621093039026,60.0,68.32330893670814,68.32330893670814,50.0,5.465864714936652,4.334501732986129,False,True,False,False,False,True,False,False,NONE,HIGH LEVEL,False,False
1285.0,75.37725186471455,45.26475739123407,60.0,68.28384885155694,68.28384885155694,50.0,5.462707908124555,4.337763173319692,False,True,False,False,False,True,False,False,NONE,HIGH LEVEL,False,False
1286.0,75.48910724147562,45.37725186471455,60.0,68.24446811875288,68.24446811875288,50.0,5.45955744950023,4.341003681889551,False,True,False,False,False,True,False,False,NONE,HIGH LEVEL,False,False
1287.0,75.6003262407187,45.48910724147562,60.0,68.20516720578442,68.20516720578442,50.0,5.456413376462754,4.344223384031823,False,True,False,False,False,True,False,False,NONE,HIGH LEVEL,False,False
1288.0,75.71091157290554,45.6003262407187,60.0,68.16594657533776,68.16594657533776,50.0,5.45327572602702,4.3474224041585465,False,True,False,False,False,True,False,False,NONE,HIGH LEVEL,False,False
1289.0,75.82086593981099,45.710911572905545,60.0,68.12680668528638,68.12680668528638,50.0,5.45014453482291,4.3506008657685875,False,True,False,False,False,True,False,False,NONE,HIGH LEVEL,False,False
1290.0,75.93019203457459,45.820865939810986,60.0,68.08774798868188,68.08774798868188,50.0,5.44701983909455,4.353758891458362,False,True,False,False,False,True,False,False,NONE,HIGH LEVEL,False,False
1291.0,76.03889254175131,45.93019203457459,60.0,68.0487709337454,68.0487709337454,50.0,5.4439016746996325,4.356896602932372,False,True,False,False,False,True,False,False,NONE,HIGH LEVEL,False,False
1292.0,76.14697013736082,46.03889254175131,60.0,68.00987596385993,68.00987596385993,50.0,5.440790077108794,4.360014121013581,False,True,False,False,False,True,False,False,NONE,HIGH LEVEL,False,False
1293.0,76.25442748893597,46.146970137360825,60.0,67.9710635175636,67.9710635175636,50.0,5.437685081405089,4.3631115656535995,False,True,False,False,False,True,False,False,NONE,HIGH LEVEL,False,False
1294.0,76.36126725557006,46.254427488935974,60.0,67.93233402854378,67.93233402854378,50.0,5.434586722283502,4.366189055942721,False,True,False,False,False,True,False,False,NONE,HIGH LEVEL,False,False
1295.0,76.46749208796314,46.361267255570056,60.0,67.89368792563185,67.89368792563185,50.0,5.431495034050548,4.369246710119779,False,True,False,False,False,True,False,False,NONE,HIGH LEVEL,False,False
1296.0,76.57310462846735,46.46749208796314,60.0,67.85512563279894,67.85512563279894,50.0,5.428410050623915,4.372284645581848,False,True,False,False,False,True,False,False,NONE,HIGH LEVEL,False,False
1297.0,76.67810751113119,46.57310462846735,60.0,67.81664756915241,67.81664756915241,50.0,5.425331805532193,4.375302978893786,False,True,False,False,False,True,False,False,NONE,HIGH LEVEL,False,False
1298.0,76.7825033617429,46.67810751113119,60.0,67.77825414893292,67.77825414893292,50.0,5.422260331914633,4.378301825797623,False,True,False,False,False,True,False,False,NONE,HIGH LEVEL,False,False
1299.0,76.88629479787281,46.7825033617429,60.0,67.73994578151249,67.73994578151249,50.0,5.419195662520999,4.381281301221793,False,True,False,False,False,True,False,False,NONE,HIGH LEVEL,False,False
1300.0,76.98948442891492,46.88629479787281,60.0,67.70172287139323,67.70172287139323,50.0,5.416137829711459,4.384241519290218,False,True,False,False,False,True,False,False,NONE,HIGH LEVEL,False,False
1301.0,77.09207485612744,46.98948442891492,60.0,67.66358581820653,67.66358581820653,50.0,5.413086865456522,4.387182593331252,False,True,False,False,False,True,False,False,NONE,HIGH LEVEL,False,False
1302.0,77.19406867267251,47.09207485612744,60.0,67.62553501671337,67.62553501671337,50.0,5.410042801337069,4.390104635886468,False,True,False,False,False,True,False,False,NONE,HIGH LEVEL,False,False
1303.0,77.29546846365501,47.194068672672515,60.0,67.58757085680494,67.58757085680494,50.0,5.407005668544396,4.393007758719318,False,True,False,False,False,True,False,False,NONE,HIGH LEVEL,False,False
1304.0,77.39627680616069,47.29546846365501,60.0,67.54969372350416,67.54969372350416,50.0,5.403975497880333,4.395892072823644,False,True,False,False,False,True,False,False,NONE,HIGH LEVEL,False,False
1305.0,77.49649626929323,47.396276806160685,60.0,67.51190399696769,67.51190399696769,50.0,5.400952319757415,4.398757688432061,False,True,False,False,False,True,False,False,NONE,HIGH LEVEL,False,False
1306.0,77.59612941421072,47.49649626929323,60.0,67.47420205248866,67.47420205248866,50.0,5.397936164199093,4.401604715024204,False,True,False,False,False,True,False,False,NONE,HIGH LEVEL,False,False
1307.0,77.69517879416125,47.59612941421072,60.0,67.43658826050013,67.43658826050013,50.0,5.39492706084001,4.404433261334843,False,True,False,False,False,True,False,False,NONE,HIGH LEVEL,False,False
1308.0,77.7936469545177,47.69517879416125,60.0,67.3990629865788,67.3990629865788,50.0,5.391925038926304,4.407243435361872,False,True,False,False,False,True,False,False,NONE,HIGH LEVEL,False,False
1309.0,77.89153643281188,47.7936469545177,60.0,67.36162659144975,67.36162659144975,50.0,5.38893012731598,4.4100353443741716,False,True,False,False,False,True,False,False,NONE,HIGH LEVEL,False,False
1310.0,77.98884975876787,47.891536432811876,60.0,67.32427943099151,67.32427943099151,50.0,5.385942354479321,4.412809094919354,False,True,False,False,False,True,False,False,NONE,HIGH LEVEL,False,False
1311.0,78.08558945433465,47.98884975876787,60.0,67.2870218562417,67.2870218562417,50.0,5.382961748499335,4.415564792831374,False,True,False,False,False,True,False,False,NONE,HIGH LEVEL,False,False
1312.0,78.18175803371807,48.08558945433465,60.0,67.24985421340324,67.24985421340324,50.0,5.379988337072259,4.418302543238032,False,True,False,False,False,True,False,False,NONE,HIGH LEVEL,False,False
1313.0,78.27735800341206,48.18175803371807,60.0,67.21277684385123,67.21277684385123,50.0,5.377022147508098,4.4210224505683655,False,True,False,False,False,True,False,False,NONE,HIGH LEVEL,False,False
1314.0,78.3723918622292,48.27735800341206,60.0,67.17579008414017,67.17579008414017,50.0,5.374063206731214,4.423724618559909,False,True,False,False,False,True,False,False,NONE,HIGH LEVEL,False,False
1315.0,78.4668621013307,48.37239186222919,60.0,67.1388942660119,67.1388942660119,50.0,5.3711115412809525,4.426409150265856,False,True,False,False,False,True,False,False,NONE,HIGH LEVEL,False,False
1316.0,78.56077120425572,48.466862101330705,60.0,67.10208971640373,67.10208971640373,50.0,5.368167177312298,4.429076148062108,False,True,False,False,False,True,False,False,NONE,HIGH LEVEL,False,False
1317.0,78.65412164694995,48.560771204255715,60.0,67.06537675745744,67.06537675745744,50.0,5.365230140596595,4.431725713654211,False,True,False,False,False,True,False,False,NONE,HIGH LEVEL,False,False
1318.0,78.74691589779374,48.654121646949946,60.0,67.02875570652844,67.02875570652844,50.0,5.362300456522275,4.434357948084196,False,True,False,False,False,True,False,False,NONE,HIGH LEVEL,False,False
1319.0,78.83915641762957,48.74691589779374,60.0,66.9922268761957,66.9922268761957,50.0,5.359378150095656,4.436972951737303,False,True,False,False,False,True,False,False,NONE,HIGH LEVEL,False,False
1320.0,78.93084565978889,48.83915641762957,60.0,66.95579057427173,66.95579057427173,50.0,5.356463245941739,4.43957082434861,False,True,False,False,False,True,False,False,NONE,HIGH LEVEL,False,False
1321.0,79.02198607011843,48.930845659788886,60.0,66.91944710381347,66.91944710381347,50.0,5.353555768305077,4.442151665009561,False,True,False,False,False,True,False,False,NONE,HIGH LEVEL,False,False
1322.0,79.11258008700607,49.02198607011843,60.0,66.88319676313333,66.88319676313333,50.0,5.350655741050666,4.444715572174401,False,True,False,False,False,True,False,False,NONE,HIGH LEVEL,False,False
1323.0,79.20263014140589,49.112580087006066,60.0,66.84703984581066,66.84703984581066,50.0,5.347763187664852,4.447262643666497,False,True,False,False,False,True,False,False,NONE,HIGH LEVEL,False,False
1324.0,79.29213865686306,49.20263014140589,60.0,66.8109766407038,66.8109766407038,50.0,5.344878131256304,4.449792976684587,False,True,False,False,False,True,False,False,NONE,HIGH LEVEL,False,False
1325.0,79.38110804953786,49.29213865686306,60.0,66.77500743196231,66.77500743196231,50.0,5.342000594556985,4.452306667808919,False,True,False,False,False,True,False,False,NONE,HIGH LEVEL,False,False
1326.0,79.46954072822943,49.38110804953786,60.0,66.73913249903983,66.73913249903983,50.0,5.339130599923186,4.4548038130073095,False,True,False,False,False,True,False,False,NONE,HIGH LEVEL,False,False
1327.0,79.55743909439897,49.46954072822943,60.0,66.70335211670711,66.70335211670711,50.0,5.336268169336568,4.457284507641099,False,True,False,False,False,True,False,False,NONE,HIGH LEVEL,False,False
1328.0,79.64480554219239,49.55743909439897,60.0,66.66766655506558,66.66766655506558,50.0,5.333413324405246,4.459748846471037,False,True,False,False,False,True,False,False,NONE,HIGH LEVEL,False,False
1329.0,79.73164245846259,49.64480554219239,60.0,66.63207607956122,66.63207607956122,50.0,5.330566086364898,4.462196923663062,False,True,False,False,False,True,False,False,NONE,HIGH LEVEL,False,False
1330.0,79.81795222279118,49.73164245846259,60.0,66.59658095099869,66.59658095099869,50.0,5.327726476079895,4.4646288327940145,False,True,False,False,False,True,False,False,NONE,HIGH LEVEL,False,False
1331.0,79.9037372075099,49.81795222279118,60.0,66.56118142555616,66.56118142555616,50.0,5.324894514044493,4.46704466685725,False,True,False,False,False,True,False,False,NONE,HIGH LEVEL,False,False
1332.0,79.98899977772149,49.903737207509906,60.0,66.52587775479986,66.52587775479986,50.0,5.322070220383989,4.469444518268179,False,True,False,False,False,True,False,False,NONE,HIGH LEVEL,False,False
1333.0,80.0737422913201,49.98899977772149,60.0,66.49067018569968,66.49067018569968,50.0,5.319253614855975,4.471828478869731,False,True,False,False,False,True,False,False,NONE,HIGH LEVEL,False,False
1334.0,79.17890296333256,50.0737422913201,60.0,66.45555896064447,0.0,100.0,0.0,8.94839327987545,False,True,False,False,False,True,True,True,HIGH_HIGH_LEVEL,TRIP: HIGH_HIGH_LEVEL,False,False
1335.0,78.2890776829357,49.17890296333256,60.0,67.40450377381535,0.0,100.0,0.0,8.898252803968461,False,True,False,False,False,True,False,True,HIGH_HIGH_LEVEL,TRIP: HIGH_HIGH_LEVEL,False,False
1336.0,77.40426652973443,48.2890776829357,60.0,68.35288366579753,0.0,100.0,0.0,8.848111532012675,False,True,False,False,False,True,False,True,HIGH_HIGH_LEVEL,TRIP: HIGH_HIGH_LEVEL,False,False
1337.0,76.52446958424227,47.40426652973443,60.0,69.30067348635012,0.0,100.0,0.0,8.797969454921654,False,True,False,False,False,True,False,True,HIGH_HIGH_LEVEL,TRIP: HIGH_HIGH_LEVEL,False,False
1338.0,75.64968692789704,46.52446958424227,60.0,70.24784808392107,0.0,100.0,0.0,8.747826563452335,False,True,False,False,False,True,False,True,HIGH_HIGH_LEVEL,TRIP: HIGH_HIGH_LEVEL,False,False
1339.0,74.7799186430769,45.64968692789704,60.0,71.19438230562682,0.0,100.0,0.0,8.697682848201412,False,True,False,False,False,True,False,True,HIGH_HIGH_LEVEL,TRIP: HIGH_HIGH_LEVEL,False,False
1340.0,73.91516481311675,44.7799186430769,60.0,72.14025099723159,0.0,100.0,0.0,8.64753829960162,False,True,False,False,False,False,False,True,HIGH_HIGH_LEVEL,TRIP: HIGH_HIGH_LEVEL,False,False
1341.0,73.05542552232495,43.915164813116746,60.0,73.08542900312614,0.0,100.0,0.0,8.597392907917886,False,True,False,False,False,False,False,True,HIGH_HIGH_LEVEL,TRIP: HIGH_HIGH_LEVEL,False,False
1342.0,72.20070085600061,43.05542552232495,60.0,74.02989116630631,0.0,100.0,0.0,8.547246663243373,False,True,False,False,False,False,False,True,HIGH_HIGH_LEVEL,TRIP: HIGH_HIGH_LEVEL,False,False
1343.0,71.35099090045107,42.20070085600061,60.0,74.97361232835065,0.0,100.0,0.0,8.497099555495428,False,True,False,False,False,False,False,True,HIGH_HIGH_LEVEL,TRIP: HIGH_HIGH_LEVEL,False,False
1344.0,70.50629574300994,41.350990900451066,60.0,75.91656732939794,0.0,100.0,0.0,8.44695157441139,False,True,False,False,False,False,False,True,HIGH_HIGH_LEVEL,TRIP: HIGH_HIGH_LEVEL,False,False
1345.0,69.66661547205551,40.50629574300994,60.0,76.85873100812401,0.0,100.0,0.0,8.396802709544266,False,True,False,False,False,False,False,True,HIGH_HIGH_LEVEL,TRIP: HIGH_HIGH_LEVEL,False,False
1346.0,68.83195017702967,39.66661547205551,60.0,77.80007820171818,0.0,100.0,0.0,8.346652950258296,False,True,False,False,False,False,False,True,HIGH_HIGH_LEVEL,TRIP: HIGH_HIGH_LEVEL,False,False
1347.0,68.00229994845722,38.83195017702967,60.0,78.74058374585886,0.0,100.0,0.0,8.296502285724369,False,True,False,False,False,False,False,True,HIGH_HIGH_LEVEL,TRIP: HIGH_HIGH_LEVEL,False,False
1348.0,67.17766487796568,38.00229994845722,60.0,79.68022247468903,0.0,100.0,0.0,8.24635070491531,False,True,False,False,False,False,False,True,HIGH_HIGH_LEVEL,TRIP: HIGH_HIGH_LEVEL,False,False
1349.0,66.35804505830558,37.17766487796568,60.0,80.61896922079075,0.0,100.0,0.0,8.196198196601012,False,True,False,False,False,False,False,True,HIGH_HIGH_LEVEL,TRIP: HIGH_HIGH_LEVEL,False,False
1350.0,65.54344058337124,66.35804505830558,60.0,51.40679881515932,0.0,100.0,0.0,8.146044749343424,False,False,False,False,False,False,False,True,HIGH_HIGH_LEVEL,TRIP: HIGH_HIGH_LEVEL,False,False
1351.0,64.7338515482221,65.54344058337124,60.0,52.19368608717681,0.0,100.0,0.0,8.09589035149138,False,False,False,False,False,False,False,True,HIGH_HIGH_LEVEL,TRIP: HIGH_HIGH_LEVEL,False,False
1352.0,63.929278049104575,64.7338515482221,60.0,52.979605864584826,0.0,100.0,0.0,8.04573499117527,False,False,False,False,False,False,False,True,HIGH_HIGH_LEVEL,TRIP: HIGH_HIGH_LEVEL,False,False
1353.0,63.129720183474426,63.929278049104575,60.0,53.76453297345683,0.0,100.0,0.0,7.99557865630153,False,False,False,False,False,False,False,True,HIGH_HIGH_LEVEL,TRIP: HIGH_HIGH_LEVEL,False,False
1354.0,62.33517805001972,63.129720183474426,60.0,54.548442238169606,0.0,100.0,0.0,7.945421334546987,False,False,False,False,False,False,False,True,HIGH_HIGH_LEVEL,TRIP: HIGH_HIGH_LEVEL,False,False
1355.0,61.54565174868441,62.33517805001972,60.0,55.33130848137421,0.0,100.0,0.0,7.895263013352989,False,False,False,False,False,False,False,True,HIGH_HIGH_LEVEL,TRIP: HIGH_HIGH_LEVEL,False,False
1356.0,60.761141380692486,61.54565174868441,60.0,56.1131065239661,0.0,100.0,0.0,7.845103679919369,False,False,False,False,False,False,False,True,HIGH_HIGH_LEVEL,TRIP: HIGH_HIGH_LEVEL,False,False
1357.0,59.98164704857266,60.761141380692486,60.0,56.89381118505457,0.0,100.0,0.0,7.794943321198203,False,False,False,False,False,False,False,True,HIGH_HIGH_LEVEL,TRIP: HIGH_HIGH_LEVEL,False,False
1358.0,59.207168856183934,59.98164704857266,60.0,57.67339728193153,0.0,100.0,0.0,7.744781923887377,False,False,False,False,False,False,False,True,HIGH_HIGH_LEVEL,TRIP: HIGH_HIGH_LEVEL,False,False
1359.0,58.43770690874154,59.207168856183934,60.0,58.45183963003933,0.0,100.0,0.0,7.694619474423926,False,False,False,False,False,False,False,True,HIGH_HIGH_LEVEL,TRIP: HIGH_HIGH_LEVEL,False,False
1360.0,58.0680449472464,58.43770690874154,60.0,1.5701045567147531,1.5701045567147531,50.0,0.12560836453718024,3.8222279794885843,False,False,False,False,False,False,False,False,NONE,NORMAL,True,True
1361.0,57.70262839929352,58.0680449472464,60.0,1.9494262934736613,1.9494262934736613,50.0,0.1559541034778929,3.810119583006759,False,False,False,False,False,False,False,False,NONE,NORMAL,False,False
1362.0,57.34142780614633,57.70262839929352,60.0,2.3263296994300693,2.3263296994300693,50.0,0.18610637595440555,3.798112307426332,False,False,False,False,False,False,False,False,NONE,NORMAL,False,False
1363.0,56.98441377715069,57.34142780614633,60.0,2.700823153546533,2.700823153546533,50.0,0.21606585228372263,3.7862061422400894,False,False,False,False,False,False,False,False,NONE,NORMAL,False,False
1364.0,56.63155699096627,56.98441377715069,60.0,3.0729151136564155,3.0729151136564155,50.0,0.24583320909251324,3.774401070936642,False,False,False,False,False,False,False,False,NONE,NORMAL,False,False
1365.0,56.28282819679028,56.63155699096627,60.0,3.442614114886009,3.442614114886009,50.0,0.27540912919088073,3.7626970709507783,False,False,False,False,False,False,False,False,NONE,NORMAL,False,False
1366.0,55.9381982155734,56.28282819679028,60.0,3.809928768078048,3.809928768078048,50.0,0.30479430144624386,3.7510941136150624,False,False,False,False,False,False,False,False,NONE,NORMAL,False,False
1367.0,55.59763794122786,55.9381982155734,60.0,4.174867758217057,4.174867758217057,50.0,0.3339894206573646,3.7395921641127323,False,False,False,False,False,False,False,False,NONE,NORMAL,False,False
1368.0,55.26111834182752,55.59763794122786,60.0,4.537439842856459,4.537439842856459,50.0,0.3629951874285167,3.7281911814319506,False,False,False,False,False,False,False,False,NONE,NORMAL,False,False
1369.0,54.92861046079975,55.26111834182752,60.0,4.897653850547662,4.897653850547662,50.0,0.39181230804381295,3.7168911183214504,False,False,False,False,False,False,False,False,NONE,NORMAL,False,False
1370.0,54.60008541810917,54.92861046079975,60.0,5.25551867927143,5.25551867927143,50.0,0.42044149434171435,3.7056919212476283,False,False,False,False,False,False,False,False,NONE,NORMAL,False,False
1371.0,54.27551441143282,54.60008541810917,60.0,5.61104329487147,5.61104329487147,50.0,0.4488834635897176,3.694593530353142,False,False,False,False,False,False,False,False,NONE,NORMAL,False,False
1372.0,53.954868717327045,54.27551441143282,60.0,5.964236729490649,5.964236729490649,50.0,0.4771389383592519,3.6835958794170414,False,False,False,False,False,False,False,False,NONE,NORMAL,False,False
1373.0,53.63811969238548,53.954868717327045,60.0,6.315108080009792,6.315108080009792,50.0,0.5052086464007833,3.672698895816503,False,False,False,False,False,False,False,False,NONE,NORMAL,False,False
1374.0,53.325238774388374,53.63811969238548,60.0,6.663666506489429,6.663666506489429,50.0,0.5330933205191544,3.661902500490198,False,False,False,False,False,False,False,False,NONE,NORMAL,False,False
1375.0,53.01619748344296,53.325238774388374,60.0,7.0099212306145935,7.0099212306145935,50.0,0.5607936984491675,3.6512066079033505,False,False,False,False,False,False,False,False,NONE,NORMAL,False,False
1376.0,52.71096742311464,53.01619748344296,60.0,7.353881534142794,7.353881534142794,50.0,0.5883105227314236,3.640611126014524,False,False,False,False,False,False,False,False,NONE,NORMAL,False,False
1377.0,52.40952028154907,52.71096742311464,60.0,7.695556757355542,7.695556757355542,50.0,0.6156445405884433,3.6301159562441887,False,False,False,False,False,False,False,False,NONE,NORMAL,False,False
1378.0,52.111827832584666,52.40952028154907,60.0,8.034956297513364,8.034956297513364,50.0,0.6427965038010691,3.619720993445112,False,False,False,False,False,False,False,False,NONE,NORMAL,False,False
1379.0,51.81786193685573,52.111827832584666,60.0,8.372089607314845,8.372089607314845,50.0,0.6697671685851876,3.609426125874606,False,False,False,False,False,False,False,False,NONE,NORMAL,False,False
1380.0,51.52759454288574,51.81786193685573,60.0,8.706966193359504,8.706966193359504,50.0,0.6965572954687603,3.5992312351686895,False,False,False,False,False,False,False,False,NONE,NORMAL,False,False
1381.0,51.24099768817084,51.52759454288574,60.0,9.039595614615067,9.039595614615067,50.0,0.7231676491692053,3.589136196318194,False,False,False,False,False,False,False,False,NONE,NORMAL,False,False
1382.0,50.95804350025327,51.24099768817084,60.0,9.369987480889106,9.369987480889106,50.0,0.7495989984711285,3.5791408776468563,False,False,False,False,False,False,False,False,NONE,NORMAL,False,False
1383.0,50.67870419778456,50.95804350025327,60.0,9.698151451305415,9.698151451305415,50.0,0.7758521161044333,3.5692451407914416,False,False,False,False,False,False,False,False,NONE,NORMAL,False,False
1384.0,50.40295209157845,50.67870419778456,60.0,10.024097232785198,10.024097232785198,50.0,0.8019277786228158,3.5594488406839253,False,False,False,False,False,False,False,False,NONE,NORMAL,False,False
1385.0,50.13075958565314,50.40295209157845,60.0,10.34783457853342,10.34783457853342,50.0,0.8278267662826735,3.549751825535781,False,False,False,False,False,False,False,False,NONE,NORMAL,False,False
1386.0,49.862099178262945,50.13075958565314,60.0,10.669373286530465,10.669373286530465,50.0,0.8535498629224372,3.5401539368243986,False,False,False,False,False,False,False,False,NONE,NORMAL,False,False
1387.0,49.59694346291901,49.862099178262945,60.0,10.988723198029342,10.988723198029342,50.0,0.8790978558423475,3.530655009281668,False,False,False,False,False,False,False,False,NONE,NORMAL,False,False
1388.0,49.335265129399,49.59694346291901,60.0,11.305894196058686,11.305894196058686,50.0,0.9044715356846948,3.521254870884775,False,False,False,False,False,False,False,False,NONE,NORMAL,False,False
1389.0,49.07703696474553,49.335265129399,60.0,11.6208962039317,11.6208962039317,50.0,0.9296716963145361,3.5119533428492113,False,False,False,False,False,False,False,False,NONE,NORMAL,False,False
1390.0,48.82223185425322,49.07703696474553,60.0,11.933739183761439,11.933739183761439,50.0,0.9546991347009152,3.5027502396240564,False,False,False,False,False,False,False,False,NONE,NORMAL,False,False
1391.0,48.570822782444125,48.82223185425322,60.0,12.244433134982486,12.244433134982486,50.0,0.9795546507985989,3.4936453688895366,False,False,False,False,False,False,False,False,NONE,NORMAL,False,False
1392.0,48.32278283403147,48.570822782444125,60.0,12.552988092879358,12.552988092879358,50.0,1.0042390474303486,3.4846385315569006,False,False,False,False,False,False,False,False,NONE,NORMAL,False,False
1393.0,48.078085194871385,48.32278283403147,60.0,12.859414127121855,12.859414127121855,50.0,1.0287531301697483,3.475729521770626,False,False,False,False,False,False,False,False,NONE,NORMAL,False,False
1394.0,47.836703152902544,48.078085194871385,60.0,13.163721340307585,13.163721340307585,50.0,1.0530977072246068,3.4669181269129856,False,False,False,False,False,False,False,False,NONE,NORMAL,False,False
1395.0,47.59861009907353,47.836703152902544,60.0,13.465919866511912,13.465919866511912,50.0,1.077273589320953,3.4582041276109825,False,False,False,False,False,False,False,False,NONE,NORMAL,False,False
1396.0,47.36377952825773,47.59861009907353,60.0,13.766019869845556,13.766019869845556,50.0,1.1012815895876444,3.449587297745686,False,False,False,False,False,False,False,False,NONE,NORMAL,False,False
1397.0,47.13218504015549,47.36377952825773,60.0,14.06403154302007,14.06403154302007,50.0,1.1251225234416056,3.4410674044639746,False,False,False,False,False,False,False,False,NONE,NORMAL,False,False
1398.0,46.903800340183594,47.13218504015549,60.0,14.359965105921532,14.359965105921532,50.0,1.1487972084737226,3.4326442081926976,False,False,False,False,False,False,False,False,NONE,NORMAL,False,False
1399.0,46.67859924035161,46.903800340183594,60.0,14.653830804192511,14.653830804192511,50.0,1.1723064643354009,3.42431746265528,False,False,False,False,False,False,False,False,NONE,NORMAL,False,False
1400.0,46.45655566012511,46.67859924035161,60.0,14.945638907822737,14.945638907822737,50.0,1.195651112625819,3.416086914890765,False,False,False,False,False,False,False,False,NONE,NORMAL,False,False
1401.0,46.237643627275574,46.45655566012511,60.0,15.23539970974861,15.23539970974861,50.0,1.2188319767798887,3.407952305275307,False,False,False,False,False,False,False,False,NONE,NORMAL,False,False
1402.0,46.02183727871666,46.237643627275574,60.0,15.52312352446177,15.52312352446177,50.0,1.2418498819569417,3.399913367546134,False,False,False,False,False,False,False,False,NONE,NORMAL,False,False
1403.0,45.80911086132688,46.02183727871666,60.0,15.808820686627099,15.808820686627099,50.0,1.2647056549301678,3.391969828827958,False,False,False,False,False,False,False,False,NONE,NORMAL,False,False
1404.0,45.59943873275838,45.80911086132688,60.0,16.092501549710246,16.092501549710246,50.0,1.2874001239768196,3.3841214096618524,False,False,False,False,False,False,False,False,NONE,NORMAL,False,False
1405.0,45.39279536223164,45.59943873275838,60.0,16.374176484614953,16.374176484614953,50.0,1.3099341187691962,3.3763678240365924,False,False,False,False,False,False,False,False,NONE,NORMAL,False,False
1406.0,45.18915533131603,45.39279536223164,60.0,16.65385587833054,16.65385587833054,50.0,1.3323084702664432,3.3687087794224526,False,False,False,False,False,False,False,False,NONE,NORMAL,False,False
1407.0,44.988493334696,45.18915533131603,60.0,16.931550132589564,16.931550132589564,50.0,1.3545240106071652,3.3611439768074507,False,False,False,False,False,False,False,False,NONE,NORMAL,False,False
1408.0,44.790784180922685,44.988493334696,60.0,17.207269662536113,17.207269662536113,50.0,1.376581573002889,3.353673110736048,False,False,False,False,False,False,False,False,NONE,NORMAL,False,False
1409.0,44.59600279315091,44.790784180922685,60.0,17.481024895404815,17.481024895404815,50.0,1.3984819916323852,3.3462958693502687,False,False,False,False,False,False,False,False,NONE,NORMAL,False,False
1410.0,44.40412420986127,44.59600279315091,60.0,17.75282626921084,17.75282626921084,50.0,1.4202261015368671,3.339011934433258,False,False,False,False,False,False,False,False,NONE,NORMAL,False,False
1411.0,44.215123585567355,44.40412420986127,60.0,18.02268423145117,18.02268423145117,50.0,1.4418147385160935,3.331820981455234,False,False,False,False,False,False,False,False,NONE,NORMAL,False,False
1412.0,44.02897619150771,44.215123585567355,60.0,18.29060923781725,18.29060923781725,50.0,1.46324873902538,3.3247226796218414,False,False,False,False,False,False,False,False,NONE,NORMAL,False,False
1413.0,43.84565741632258,44.02897619150771,60.0,18.556611750919355,18.556611750919355,50.0,1.4845289400735484,3.3177166919248737,False,False,False,False,False,False,False,False,NONE,NORMAL,False,False
1414.0,43.665142766715235,43.84565741632258,60.0,18.82070223902287,18.82070223902287,50.0,1.5056561791218297,3.310802675195344,False,False,False,False,False,False,False,False,NONE,NORMAL,False,False
1415.0,43.48740786809771,43.665142766715235,60.0,19.082891174796643,19.082891174796643,50.0,1.5266312939837314,3.3039802801588887,False,False,False,False,False,False,False,False,NONE,NORMAL,False,False
1416.0,43.312428465220954,43.48740786809771,60.0,19.343189034073674,19.343189034073674,50.0,1.547455122725894,3.297249151493473,False,False,False,False,False,False,False,False,NONE,NORMAL,False,False
1417.0,43.140180422789015,43.312428465220954,60.0,19.60160629462433,19.60160629462433,50.0,1.5681285035699464,3.2906089278893713,False,False,False,False,False,False,False,False,NONE,NORMAL,False,False
1418.0,42.97063972605742,43.140180422789015,60.0,19.858153434942324,19.858153434942324,50.0,1.588652274795386,3.2840592421113923,False,False,False,False,False,False,False,False,NONE,NORMAL,False,False
1419.0,42.80378248141544,42.97063972605742,60.0,20.11284093304363,20.11284093304363,50.0,1.6090272746434904,3.27759972106332,False,False,False,False,False,False,False,False,NONE,NORMAL,False,False
1420.0,42.63958491695221,42.80378248141544,60.0,20.365679265278533,20.365679265278533,50.0,1.6292543412222826,3.271229985854535,False,False,False,False,False,False,False,False,NONE,NORMAL,False,False
1421.0,42.478023383006594,42.63958491695221,60.0,20.616678905157002,20.616678905157002,50.0,1.6493343124125601,3.2649496518687777,False,False,False,False,False,False,False,False,NONE,NORMAL,False,False
1422.0,42.31907435270059,42.478023383006594,60.0,20.865850322187583,20.865850322187583,50.0,1.6692680257750068,3.2587583288350253,False,False,False,False,False,False,False,False,NONE,NORMAL,False,False
1423.0,42.16271442245639,42.31907435270059,60.0,21.113203980730088,21.113203980730088,50.0,1.689056318458407,3.2526556209004283,False,False,False,False,False,False,False,False,NONE,NORMAL,False,False
1424.0,42.008920312496755,42.16271442245639,60.0,21.358750338862006,21.358750338862006,50.0,1.7087000271089605,3.2466411267052746,False,False,False,False,False,False,False,False,NONE,NORMAL,False,False
1425.0,41.857668867328826,42.008920312496755,60.0,21.602499847259153,21.602499847259153,50.0,1.7281999877807324,3.240714439459946,False,False,False,False,False,False,False,False,NONE,NORMAL,False,False
1426.0,41.70893705621117,41.857668867328826,60.0,21.844462948090438,21.844462948090438,50.0,1.747557035847235,3.234875147023793,False,False,False,False,False,False,False,False,NONE,NORMAL,False,False
1427.0,41.562701973604,41.70893705621117,60.0,22.08465007392704,22.08465007392704,50.0,1.7667720059141632,3.229122831985924,False,False,False,False,False,False,False,False,NONE,NORMAL,False,False
1428.0,41.41894083960255,41.562701973604,60.0,22.32307164666619,22.32307164666619,50.0,1.7858457317332952,3.223457071747815,False,False,False,False,False,False,False,False,NONE,NORMAL,False,False
1429.0,41.27763100035352,41.41894083960255,60.0,22.55973807646963,22.55973807646963,50.0,1.8047790461175703,3.2178774386077285,False,False,False,False,False,False,False,False,NONE,NORMAL,False,False
1430.0,41.13874992845457,41.27763100035352,60.0,22.794659760716886,22.794659760716886,50.0,1.823572780857351,3.212383499846863,False,False,False,False,False,False,False,False,NONE,NORMAL,False,False
1431.0,41.00227522333664,41.13874992845457,60.0,23.027847082973565,23.027847082973565,50.0,1.8422277666378852,3.206974817817197,False,False,False,False,False,False,False,False,NONE,NORMAL,False,False
1432.0,40.868184611629346,41.00227522333664,60.0,23.259310411974816,23.259310411974816,50.0,1.8607448329579852,3.2016509500309613,False,False,False,False,False,False,False,False,NONE,NORMAL,False,False
1433.0,40.736455947509164,40.868184611629346,60.0,23.489060100623963,23.489060100623963,50.0,1.879124808049917,3.196411449251697,False,False,False,False,False,False,False,False,NONE,NORMAL,False,False
1434.0,40.60706721303053,40.736455947509164,60.0,23.717106485006596,23.717106485006596,50.0,1.8973685188005276,3.191255863586825,False,False,False,False,False,False,False,False,NONE,NORMAL,False,False
1435.0,40.47999651843972,40.60706721303053,60.0,23.943459883420076,23.943459883420076,50.0,1.915476790673606,3.186183736581686,False,False,False,False,False,False,False,False,NONE,NORMAL,False,False
1436.0,40.35522210247158,40.47999651843972,60.0,24.168130595418692,24.168130595418692,50.0,1.9334504476334953,3.1811946073149833,False,False,False,False,False,False,False,False,NONE,NORMAL,False,False
1437.0,40.23272233262902,40.35522210247158,60.0,24.391128900874474,24.391128900874474,50.0,1.9512903120699578,3.1762880104955684,False,False,False,False,False,False,False,False,NONE,NORMAL,False,False
1438.0,40.1124757054454,40.23272233262902,60.0,24.61246505905389,24.61246505905389,50.0,1.9689972047243112,3.1714634765605068,False,False,False,False,False,False,False,False,NONE,NORMAL,False,False
1439.0,39.99446084672964,40.1124757054454,60.0,24.83214930771028,24.83214930771028,50.0,1.9865719446168226,3.16672053177437,False,False,False,False,False,False,False,False,NONE,NORMAL,False,False
1440.0,39.878656511794205,39.99446084672964,60.0,25.050191862192396,25.050191862192396,50.0,2.0040153489753916,3.1620586983296834,False,False,False,False,False,False,False,False,NONE,NORMAL,False,False
1441.0,39.76504158566591,39.878656511794205,60.0,25.266602914568857,25.266602914568857,50.0,2.0213282331655087,3.157477494448464,False,False,False,False,False,False,False,False,NONE,NORMAL,False,False
1442.0,39.65359508327958,39.76504158566591,60.0,25.48139263276882,25.48139263276882,50.0,2.0385114106215054,3.1529764344847995,False,False,False,False,False,False,False,False,NONE,NORMAL,False,False
1443.0,39.544296149654656,39.65359508327958,60.0,25.69457115973875,25.69457115973875,50.0,2.0555656927791,3.1485550290283792,False,False,False,False,False,False,False,False,NONE,NORMAL,False,False
1444.0,39.437124060054686,39.544296149654656,60.0,25.906148612615404,25.906148612615404,50.0,2.0724918890092323,3.1442127850089383,False,False,False,False,False,False,False,False,NONE,NORMAL,False,False
1445.0,39.33205822012985,39.437124060054686,60.0,26.116135081915104,26.116135081915104,50.0,2.0892908065532083,3.139949205801532,False,False,False,False,False,False,False,False,NONE,NORMAL,False,False
1446.0,39.229078166042505,39.33205822012985,60.0,26.324540630739286,26.324540630739286,50.0,2.105963250459143,3.135763791332578,False,False,False,False,False,False,False,False,NONE,NORMAL,False,False
1447.0,39.12816356457582,39.229078166042505,60.0,26.53137529399642,26.53137529399642,50.0,2.1225100235197134,3.1316560381866054,False,False,False,False,False,False,False,False,NONE,NORMAL,False,False
1448.0,39.029294213225576,39.12816356457582,60.0,26.736649077640227,26.736649077640227,50.0,2.1389319262112183,3.1276254397136425,False,False,False,False,False,False,False,False,NONE,NORMAL,False,False
1449.0,38.932450040275256,39.029294213225576,60.0,26.940371957924345,26.940371957924345,50.0,2.155229756633948,3.1236714861371695,False,False,False,False,False,False,False,False,NONE,NORMAL,False,False
1450.0,38.83761110485438,38.932450040275256,60.0,27.14255388067329,27.14255388067329,50.0,2.1714043104538634,3.119793664662587,False,False,False,False,False,False,False,False,NONE,NORMAL,False,False
1451.0,38.74475759698033,38.83761110485438,60.0,27.34320476056989,27.34320476056989,50.0,2.187456380845591,3.1159914595861133,False,False,False,False,False,False,False,False,NONE,NORMAL,False,False
1452.0,38.65386983758359,38.74475759698033,60.0,27.54233448045904,27.54233448045904,50.0,2.2033867584367233,3.1122643524040634,False,False,False,False,False,False,False,False,NONE,NORMAL,False,False
1453.0,38.564928278516696,38.65386983758359,60.0,27.73995289066786,27.73995289066786,50.0,2.2191962312534286,3.1086118219224312,False,False,False,False,False,False,False,False,NONE,NORMAL,False,False
1454.0,38.477913502546755,38.564928278516696,60.0,27.93606980834217,27.93606980834217,50.0,2.234885584667374,3.1050333443667193,False,False,False,False,False,False,False,False,NONE,NORMAL,False,False
1455.0,38.39280622333195,38.477913502546755,60.0,28.13069501679938,28.13069501679938,50.0,2.2504556013439503,3.101528393491939,False,False,False,False,False,False,False,False,NONE,NORMAL,False,False
1456.0,38.30958728538186,38.39280622333195,60.0,28.323838264897525,28.323838264897525,50.0,2.265907061191802,3.0980964406927343,False,False,False,False,False,False,False,False,NONE,NORMAL,False,False
1457.0,38.22823766400187,38.30958728538186,60.0,28.515509266420707,28.515509266420707,50.0,2.2812407413136566,3.094736955113546,False,False,False,False,False,False,False,False,NONE,NORMAL,False,False
1458.0,38.14873846522184,38.22823766400187,60.0,28.70571769948069,28.70571769948069,50.0,2.2964574159584554,3.091449403758772,False,False,False,False,False,False,False,False,NONE,NORMAL,False,False
1459.0,38.07107092570903,38.14873846522184,60.0,28.89447320593461,28.89447320593461,50.0,2.311557856474769,3.0882332516028415,False,False,False,False,False,False,False,False,NONE,NORMAL,False,False
1460.0,37.99521641266557,38.07107092570903,60.0,29.081785390818872,29.081785390818872,50.0,2.3265428312655096,3.0850879617001614,False,False,False,False,False,False,False,False,NONE,NORMAL,False,False
1461.0,37.92115642371048,37.99521641266557,60.0,29.267663821799005,29.267663821799005,50.0,2.3414131057439205,3.08201299529486,False,False,False,False,False,False,False,False,NONE,NORMAL,False,False
1462.0,37.84887258674654,37.92115642371048,60.0,29.452118028635542,29.452118028635542,50.0,2.3561694422908435,3.079007811930268,False,False,False,False,False,False,False,False,NONE,NORMAL,False,False
1463.0,37.77834665981206,37.84887258674654,60.0,29.635157502665752,29.635157502665752,50.0,2.3708126002132603,3.076071869558095,False,False,False,False,False,False,False,False,NONE,NORMAL,False,False
1464.0,37.70956053091775,37.77834665981206,60.0,29.81679169630117,29.81679169630117,50.0,2.3853433357040936,3.0732046246472122,False,False,False,False,False,False,False,False,NONE,NORMAL,False,False
1465.0,37.64249621786887,37.70956053091775,60.0,29.99703002254089,29.99703002254089,50.0,2.399762401803271,3.0704055322920185,False,False,False,False,False,False,False,False,NONE,NORMAL,False,False
1466.0,37.57713586807284,37.64249621786887,60.0,30.175881854500428,30.175881854500428,50.0,2.4140705483600344,3.0676740463203087,False,False,False,False,False,False,False,False,NONE,NORMAL,False,False
1467.0,37.513461758332426,37.57713586807284,60.0,30.353356524956094,30.353356524956094,50.0,2.4282685219964875,3.0650096194006,False,False,False,False,False,False,False,False,NONE,NORMAL,False,False
1468.0,37.45145629462478,37.513461758332426,60.0,30.529463325904842,30.529463325904842,50.0,2.4423570660723875,3.062411703148861,False,False,False,False,False,False,False,False,NONE,NORMAL,False,False
1469.0,37.39110201186644,37.45145629462478,60.0,30.704211508139363,30.704211508139363,50.0,2.456336920651149,3.059879748234593,False,False,False,False,False,False,False,False,NONE,NORMAL,False,False
1470.0,37.33238157366453,37.39110201186644,60.0,30.877610280838375,30.877610280838375,50.0,2.47020882246707,3.0574132044862057,False,False,False,False,False,False,False,False,NONE,NORMAL,False,False
1471.0,37.27527777205433,37.33238157366453,60.0,31.049668811171962,31.049668811171962,50.0,2.483973504893757,3.055011520995646,False,False,False,False,False,False,False,False,NONE,NORMAL,False,False
1472.0,37.21977352722348,37.27527777205433,60.0,31.220396223921888,31.220396223921888,50.0,2.497631697913751,3.052674146222224,False,False,False,False,False,False,False,False,NONE,NORMAL,False,False
1473.0,37.16585188722286,37.21977352722348,60.0,31.38980160111662,31.38980160111662,50.0,2.5111841280893294,3.050400528095593,False,False,False,False,False,False,False,False,NONE,NORMAL,False,False
1474.0,37.113496027664524,37.16585188722286,60.0,31.55789398168113,31.55789398168113,50.0,2.5246315185344903,3.0481901141178374,False,False,False,False,False,False,False,False,NONE,NORMAL,False,False
1475.0,37.06268925140686,37.113496027664524,60.0,31.724682361101138,31.724682361101138,50.0,2.537974588888091,3.0460423514646227,False,False,False,False,False,False,False,False,NONE,NORMAL,False,False
1476.0,37.01341498822714,37.06268925140686,60.0,31.89017569110177,31.89017569110177,50.0,2.5512140552881415,3.0439566870853656,False,False,False,False,False,False,False,False,NONE,NORMAL,False,False
1477.0,36.965656794481625,37.01341498822714,60.0,32.05438287934035,32.05438287934035,50.0,2.5643506303472283,3.0419325678023807,False,False,False,False,False,False,False,False,NONE,NORMAL,False,False
1478.0,36.91939835275363,36.965656794481625,60.0,32.217312789113464,32.217312789113464,50.0,2.577385023129077,3.0399694404089668,False,False,False,False,False,False,False,False,NONE,NORMAL,False,False
1479.0,36.87462347148961,36.91939835275363,60.0,32.378974239077685,32.378974239077685,50.0,2.5903179391262148,3.0380667517663937,False,False,False,False,False,False,False,False,NONE,NORMAL,False,False
1480.0,36.8313160846235,36.87462347148961,60.0,32.539376002984255,32.539376002984255,50.0,2.6031500802387404,3.0362239488997522,False,False,False,False,False,False,False,False,NONE,NORMAL,False,False
1481.0,36.78946025118966,36.8313160846235,60.0,32.69852680942725,32.69852680942725,50.0,2.61588214475418,3.0344404790926243,False,False,False,False,False,False,False,False,NONE,NORMAL,False,False
1482.0,36.749040154924444,36.78946025118966,60.0,32.85643534160514,32.85643534160514,50.0,2.628514827328411,3.0327157899805606,False,False,False,False,False,False,False,False,NONE,NORMAL,False,False
1483.0,36.710040103856876,36.749040154924444,60.0,33.01311023709574,33.01311023709574,50.0,2.641048818967659,3.0310493296433023,False,False,False,False,False,False,False,False,NONE,NORMAL,False,False
1484.0,36.67244452988845,36.710040103856876,60.0,33.16856008764402,33.16856008764402,50.0,2.6534848070115213,3.0294405466957457,False,False,False,False,False,False,False,False,NONE,NORMAL,False,False
1485.0,36.63623798836239,36.67244452988845,60.0,33.322793438963004,33.322793438963004,50.0,2.6658234751170404,3.027888890377603,False,False,False,False,False,False,False,False,NONE,NORMAL,False,False
1486.0,36.601405157622594,36.63623798836239,60.0,33.47581879054725,33.47581879054725,50.0,2.67806550324378,3.0263938106417343,False,False,False,False,False,False,False,False,NONE,NORMAL,False,False
1487.0,36.56793083856247,36.601405157622594,60.0,33.627644595498936,33.627644595498936,50.0,2.6902115676399148,3.0249547582411296,False,False,False,False,False,False,False,False,NONE,NORMAL,False,False
1488.0,36.53579995416394,36.56793083856247,60.0,33.77827926036625,33.77827926036625,50.0,2.7022623408292996,3.02357118481451,False,False,False,False,False,False,False,False,NONE,NORMAL,False,False
1489.0,36.50499754902684,36.53579995416394,60.0,33.927731144993956,33.927731144993956,50.0,2.7142184915995164,3.022242542970531,False,False,False,False,False,False,False,False,NONE,NORMAL,False,False
1490.0,36.475508788888874,36.50499754902684,60.0,34.07600856238592,34.07600856238592,50.0,2.726080684990874,3.0209682863705654,False,False,False,False,False,False,False,False,NONE,NORMAL,False,False
1491.0,36.447318960136506,36.475508788888874,60.0,34.223119778579445,34.223119778579445,50.0,2.7378495822863558,3.0197478698100304,False,False,False,False,False,False,False,False,NONE,NORMAL,False,False
1492.0,36.42041346930693,36.447318960136506,60.0,34.36907301253113,34.36907301253113,50.0,2.7495258410024905,3.0185807492982737,False,False,False,False,False,False,False,False,NONE,NORMAL,False,False
1493.0,36.39477784258134,36.42041346930693,60.0,34.51387643601417,34.51387643601417,50.0,2.761110114881134,3.0174663821369627,False,False,False,False,False,False,False,False,NONE,NORMAL,False,False
1494.0,36.370397725269854,36.39477784258134,60.0,34.65753817352685,34.65753817352685,50.0,2.7726030538821482,3.016404226996994,False,False,False,False,False,False,False,False,NONE,NORMAL,False,False
1495.0,36.347258881288155,36.370397725269854,60.0,34.80006630221199,34.80006630221199,50.0,2.7840053041769592,3.0153937439938856,False,False,False,False,False,False,False,False,NONE,NORMAL,False,False
1496.0,36.325347192626296,36.347258881288155,60.0,34.94146885178725,34.94146885178725,50.0,2.79531750814298,3.014434394761651,False,False,False,False,False,False,False,False,NONE,NORMAL,False,False
1497.0,36.30464865880967,36.325347192626296,60.0,35.08175380448597,35.08175380448597,50.0,2.8065403043588777,3.013525642525143,False,False,False,False,False,False,False,False,NONE,NORMAL,False,False
1498.0,36.28514939635266,36.30464865880967,60.0,35.22092909500856,35.22092909500856,50.0,2.8176743276006846,3.012666952170853,False,False,False,False,False,False,False,False,NONE,NORMAL,False,False
1499.0,36.26683563820492,36.28514939635266,60.0,35.3590026104838,35.3590026104838,50.0,2.828720208838704,3.0118577903161636,False,False,False,False,False,False,False,False,NONE,NORMAL,False,False
1500.0,36.24969373319074,36.26683563820492,60.0,35.495982190440515,35.495982190440515,50.0,2.8396785752352414,3.0110976253770367,False,False,False,False,False,False,False,False,NONE,NORMAL,False,False
1501.0,36.23371014544164,36.24969373319074,60.0,35.63187562678874,35.63187562678874,50.0,2.850550050143099,3.010385927634144,False,False,False,False,False,False,False,False,NONE,NORMAL,False,False
1502.0,36.21887145382238,36.23371014544164,60.0,35.76669066381063,35.76669066381063,50.0,2.8613352531048504,3.0097221692974268,False,False,False,False,False,False,False,False,NONE,NORMAL,False,False
1503.0,36.20516435135075,36.21887145382238,60.0,35.900434998160776,35.900434998160776,50.0,2.872034799852862,3.0091058245690854,False,False,False,False,False,False,False,False,NONE,NORMAL,False,False
1504.0,36.19257564461126,36.20516435135075,60.0,36.03311627887565,36.03311627887565,50.0,2.8826493023100523,3.0085363697049914,False,False,False,False,False,False,False,False,NONE,NORMAL,False,False
1505.0,36.181092253162944,36.19257564461126,60.0,36.16474210739209,36.16474210739209,50.0,2.893179368591367,3.0080132830745305,False,False,False,False,False,False,False,False,NONE,NORMAL,False,False
1506.0,36.17070120894166,36.181092253162944,60.0,36.29532003757459,36.29532003757459,50.0,2.9036256030059673,3.007536045218866,False,False,False,False,False,False,False,False,NONE,NORMAL,False,False
1507.0,36.161389655656905,36.17070120894166,60.0,36.42485757575116,36.42485757575116,50.0,2.913988606060093,3.0071041389076325,False,False,False,False,False,False,False,False,NONE,NORMAL,False,False
1508.0,36.15314484818356,36.161389655656905,60.0,36.55336218075763,36.55336218075763,50.0,2.9242689744606105,3.0067170491940587,False,False,False,False,False,False,False,False,NONE,NORMAL,False,False
1509.0,36.14595415194864,36.15314484818356,60.0,36.68084126399006,36.68084126399006,50.0,2.934467301119205,3.006374263468521,False,False,False,False,False,False,False,False,NONE,NORMAL,False,False
1510.0,36.139805042313306,36.14595415194864,60.0,36.80730218946524,36.80730218946524,50.0,2.9445841751572193,3.0060752715105385,False,False,False,False,False,False,False,False,NONE,NORMAL,False,False
1511.0,36.134685103950495,36.139805042313306,60.0,36.93275227388901,36.93275227388901,50.0,2.9546201819111206,3.00581956553921,False,False,False,False,False,False,False,False,NONE,NORMAL,False,False
1512.0,36.13058203021814,36.134685103950495,60.0,37.057198786732066,37.057198786732066,50.0,2.964575902938565,3.0056066402620996,False,False,False,False,False,False,False,False,NONE,NORMAL,False,False
1513.0,36.127483622528395,36.13058203021814,60.0,37.180648950313326,37.180648950313326,50.0,2.974451916025066,3.0054359929225805,False,False,False,False,False,False,False,False,NONE,NORMAL,False,False
1514.0,36.12537778971296,36.127483622528395,60.0,37.30310993989043,37.30310993989043,50.0,2.9842487951912346,3.0053071233456485,False,False,False,False,False,False,False,False,NONE,NORMAL,False,False
1515.0,36.12425254738479,36.12537778971296,60.0,37.42458888375731,37.42458888375731,50.0,2.9939671107005847,3.005219533982208,False,False,False,False,False,False,False,False,NONE,NORMAL,False,False
1516.0,36.124096017296395,36.12425254738479,60.0,37.54509286334854,37.54509286334854,50.0,3.0036074290678836,3.0051727299518403,False,False,False,False,False,False,False,False,NONE,NORMAL,False,False
1517.0,36.1248964266948,36.124096017296395,60.0,37.66462891335046,37.66462891335046,50.0,3.013170313068037,3.005166219084079,False,False,False,False,False,False,False,False,NONE,NORMAL,False,False
1518.0,36.126642107673526,36.1248964266948,60.0,37.783204021818584,37.783204021818584,50.0,3.0226563217454867,3.0051995119581827,False,False,False,False,False,False,False,False,NONE,NORMAL,False,False
1519.0,36.1293214965218,36.126642107673526,60.0,37.90082513030149,37.90082513030149,50.0,3.0320660104241193,3.005272121941436,False,False,False,False,False,False,False,False,NONE,NORMAL,False,False
1520.0,36.13292313307097,36.1293214965218,60.0,38.01749913397061,38.01749913397061,50.0,3.041399930717649,3.005383565225985,False,False,False,False,False,False,False,False,NONE,NORMAL,False,False
1521.0,36.13743566003859,36.13292313307097,60.0,38.133232881756086,38.133232881756086,50.0,3.050658630540487,3.0055333608642147,False,False,False,False,False,False,False,False,NONE,NORMAL,False,False
1522.0,36.142847822370236,36.13743566003859,60.0,38.24803317648827,38.24803317648827,50.0,3.0598426541190618,3.0057210308027003,False,False,False,False,False,False,False,False,NONE,NORMAL,False,False
1523.0,36.14914846657912,36.142847822370236,60.0,38.36190677504477,38.36190677504477,50.0,3.068952542003582,3.005946099914727,False,False,False,False,False,False,False,False,NONE,NORMAL,False,False
1524.0,36.156326540084,36.14914846657912,60.0,38.47486038850299,38.47486038850299,50.0,3.0779888310802392,3.0062080960314077,False,False,False,False,False,False,False,False,NONE,NORMAL,False,False
1525.0,36.16437109054524,36.156326540084,60.0,38.58690068229769,38.58690068229769,50.0,3.086952054583815,3.0065065499714114,False,False,False,False,False,False,False,False,NONE,NORMAL,False,False
1526.0,36.17327126519938,36.16437109054524,60.0,38.69803427638373,38.69803427638373,50.0,3.0958427421106984,3.0068409955693216,False,False,False,False,False,False,False,False,NONE,NORMAL,False,False
1527.0,36.18301631019234,36.17327126519938,60.0,38.80826774540359,38.80826774540359,50.0,3.1046614196322873,3.007210969702632,False,False,False,False,False,False,False,False,NONE,NORMAL,False,False
1528.0,36.19359556991148,36.18301631019234,60.0,38.91760761885967,38.91760761885967,50.0,3.1134086095087734,3.007616012317411,False,False,False,False,False,False,False,False,NONE,NORMAL,False,False
1529.0,36.20499848631654,36.19359556991148,60.0,39.026060381290975,39.026060381290975,50.0,3.122084830503278,3.0080556664526457,False,False,False,False,False,False,False,False,NONE,NORMAL,False,False
1530.0,36.21721459826985,36.20499848631654,60.0,39.13363247245433,39.13363247245433,50.0,3.1306905977963466,3.008529478263282,False,False,False,False,False,False,False,False,NONE,NORMAL,False,False
1531.0,36.23023354086573,36.21721459826985,60.0,39.24033028750967,39.24033028750967,50.0,3.139226423000774,3.0090369970419872,False,False,False,False,False,False,False,False,NONE,NORMAL,False,False
1532.0,36.24404504475944,36.23023354086573,60.0,39.346160177209455,39.346160177209455,50.0,3.1476928141767564,3.0095777752396486,False,False,False,False,False,False,False,False,NONE,NORMAL,False,False
1533.0,36.25863893549571,36.24404504475944,60.0,39.45112844809196,39.45112844809196,50.0,3.1560902758473564,3.0101513684846246,False,False,False,False,False,False,False,False,NONE,NORMAL,False,False
1534.0,36.27400513283706,36.25863893549571,60.0,39.5552413626782,39.5552413626782,50.0,3.164419309014256,3.0107573356007835,False,False,False,False,False,False,False,False,NONE,NORMAL,False,False
1535.0,36.29013365009201,36.27400513283706,60.0,39.65850513967267,39.65850513967267,50.0,3.1726804111738134,3.0113952386243263,False,False,False,False,False,False,False,False,NONE,NORMAL,False,False
1536.0,36.307014593443405,36.29013365009201,60.0,39.76092595416726,39.76092595416726,50.0,3.180874076333381,3.0120646428194404,False,False,False,False,False,False,False,False,NONE,NORMAL,False,False
1537.0,36.32463816127691,36.307014593443405,60.0,39.86250993784865,39.86250993784865,50.0,3.189000795027892,3.012765116692778,False,False,False,False,False,False,False,False,NONE,NORMAL,False,False
1538.0,36.342994643509904,36.32463816127691,60.0,39.96326317920876,39.96326317920876,50.0,3.1970610543367006,3.0134962320068075,False,False,False,False,False,False,False,False,NONE,NORMAL,False,False
1539.0,36.36207442092076,36.342994643509904,60.0,40.063191723758216,40.063191723758216,50.0,3.2050553379006574,3.0142575637920324,False,False,False,False,False,False,False,False,NONE,NORMAL,False,False
1540.0,36.38186796447889,36.36207442092076,60.0,40.162301574242754,40.162301574242754,50.0,3.2129841259394203,3.0150486903581157,False,False,False,False,False,False,False,False,NONE,NORMAL,False,False
1541.0,36.4023658346754,36.38186796447889,60.0,40.26059869086223,40.26059869086223,50.0,3.2208478952689785,3.0158691933039345,False,False,False,False,False,False,False,False,NONE,NORMAL,False,False
1542.0,36.42355868085468,36.4023658346754,60.0,40.358088991492345,40.358088991492345,50.0,3.2286471193193877,3.01671865752656,False,False,False,False,False,False,False,False,NONE,NORMAL,False,False
1543.0,36.44543724054703,36.42355868085468,60.0,40.454778351908786,40.454778351908786,50.0,3.236382268152703,3.01759667122922,False,False,False,False,False,False,False,False,NONE,NORMAL,False,False
1544.0,36.46799233880231,36.44543724054703,60.0,40.550672606013705,40.550672606013705,50.0,3.2440538084810964,3.0185028259282376,False,False,False,False,False,False,False,False,NONE,NORMAL,False,False
1545.0,36.491214887524926,36.46799233880231,60.0,40.645777546064416,40.645777546064416,50.0,3.2516622036851532,3.0194367164589786,False,False,False,False,False,False,False,False,NONE,NORMAL,False,False
1546.0,36.51509588481008,36.491214887524926,60.0,40.740098922904174,40.740098922904174,50.0,3.2592079138323338,3.0203979409808293,False,False,False,False,False,False,False,False,NONE,NORMAL,False,False
1547.0,36.539626414281514,36.51509588481008,60.0,40.83364244619497,40.83364244619497,50.0,3.266691395695598,3.021386100981223,False,False,False,False,False,False,False,False,NONE,NORMAL,False,False
1548.0,36.564797644430854,36.539626414281514,60.0,40.92641378465213,40.92641378465213,50.0,3.27411310277217,3.0224008012787413,False,False,False,False,False,False,False,False,NONE,NORMAL,False,False
1549.0,36.59060082795857,36.564797644430854,60.0,41.01841856628064,41.01841856628064,50.0,3.2814734853024508,3.0234416500253007,False,False,False,False,False,False,False,False,NONE,NORMAL,False,False
1550.0,36.61702730111672,36.59060082795857,60.0,41.10966237861313,41.10966237861313,50.0,3.2887729902890506,3.0245082587074616,False,False,False,False,False,False,False,False,NONE,NORMAL,False,False
1551.0,36.64406848305363,36.61702730111672,60.0,41.2001507689494,41.2001507689494,50.0,3.296012061515952,3.025600242146867,False,False,False,False,False,False,False,False,NONE,NORMAL,False,False
1552.0,36.67171587516042,36.64406848305363,60.0,41.28988924459722,41.28988924459722,50.0,3.3031911395677778,3.0267172184998397,False,False,False,False,False,False,False,False,NONE,NORMAL,False,False
1553.0,36.699961060419724,36.67171587516042,60.0,41.378883273114624,41.378883273114624,50.0,3.31031066184917,3.027858809256156,False,False,False,False,False,False,False,False,NONE,NORMAL,False,False
1554.0,36.72879570275644,36.699961060419724,60.0,41.46713828255322,41.46713828255322,50.0,3.317371062604258,3.029024639237015,False,False,False,False,False,False,False,False,NONE,NORMAL,False,False
1555.0,36.75821154639084,36.72879570275644,60.0,41.55465966170272,41.55465966170272,50.0,3.3243727729362176,3.0302143365922336,False,False,False,False,False,False,False,False,NONE,NORMAL,False,False
1556.0,36.78820041519387,36.75821154639084,60.0,41.64145276033637,41.64145276033637,50.0,3.33131622082691,3.0314275327966707,False,False,False,False,False,False,False,False,NONE,NORMAL,False,False
1557.0,36.81875421204494,36.78820041519387,60.0,41.72752288945737,41.72752288945737,50.0,3.3382018311565895,3.0326638626459195,False,False,False,False,False,False,False,False,NONE,NORMAL,False,False
1558.0,36.84986491819217,36.81875421204494,60.0,41.81287532154608,41.81287532154608,50.0,3.3450300257236862,3.033922964251273,False,False,False,False,False,False,False,False,NONE,NORMAL,False,False
1559.0,36.88152459261523,36.84986491819217,60.0,41.89751529080789,41.89751529080789,50.0,3.3518012232646313,3.0352044790339976,False,False,False,False,False,False,False,False,NONE,NORMAL,False,False
1560.0,36.91372537139071,36.88152459261523,60.0,41.98144799342175,41.98144799342175,50.0,3.3585158394737404,3.036508051718916,False,False,False,False,False,False,False,False,NONE,NORMAL,False,False
1561.0,36.94645946706029,36.91372537139071,60.0,42.06467858778932,42.06467858778932,50.0,3.3651742870231454,3.037833330327337,False,False,False,False,False,False,False,False,NONE,NORMAL,False,False
1562.0,36.97971916800164,36.94645946706029,60.0,42.14721219478443,42.14721219478443,50.0,3.3717769755827542,3.0391799661693404,False,False,False,False,False,False,False,False,NONE,NORMAL,False,False
1563.0,37.013496837802116,36.97971916800164,60.0,42.22905389800307,42.22905389800307,50.0,3.3783243118402457,3.040547613835443,False,False,False,False,False,False,False,False,NONE,NORMAL,False,False
1564.0,37.04778491463546,37.013496837802116,60.0,42.31020874401359,42.31020874401359,50.0,3.3848166995210875,3.0419359311876586,False,False,False,False,False,False,False,False,NONE,NORMAL,False,False
1565.0,37.08257591064131,37.04778491463546,60.0,42.39068174260707,42.39068174260707,50.0,3.391254539408566,3.043344579349973,False,False,False,False,False,False,False,False,NONE,NORMAL,False,False
1566.0,37.11786241130787,37.08257591064131,60.0,42.47047786704801,42.47047786704801,50.0,3.397638229363841,3.0447732226982565,False,False,False,False,False,False,False,False,NONE,NORMAL,False,False
1567.0,37.15363707485751,37.11786241130787,60.0,42.549602054324914,42.549602054324914,50.0,3.403968164345993,3.046221528849628,False,False,False,False,False,False,False,False,NONE,NORMAL,False,False
1568.0,37.18989263163559,37.15363707485751,60.0,42.62805920540099,42.62805920540099,50.0,3.410244736432079,3.0476891686512877,False,False,False,False,False,False,False,False,NONE,NORMAL,False,False
1569.0,37.226621883502425,37.18989263163559,60.0,42.70585418546473,42.70585418546473,50.0,3.4164683348371785,3.0491758161688374,False,False,False,False,False,False,False,False,NONE,NORMAL,False,False
1570.0,37.263817703228455,37.226621883502425,60.0,42.78299182418038,42.78299182418038,50.0,3.42263934593443,3.050681148674113,False,False,False,False,False,False,False,False,NONE,NORMAL,False,False
1571.0,37.3014730338927,37.263817703228455,60.0,42.8594769159382,42.8594769159382,50.0,3.4287581532750564,3.0522048466325313,False,False,False,False,False,False,False,False,NONE,NORMAL,False,False
1572.0,37.33958088828453,37.3014730338927,60.0,42.9353142201045,42.9353142201045,50.0,3.4348251376083603,3.0537465936899832,False,False,False,False,False,False,False,False,NONE,NORMAL,False,False
1573.0,37.37813434830877,37.33958088828453,60.0,43.01050846127124,43.01050846127124,50.0,3.4408406769016993,3.0553060766592814,False,False,False,False,False,False,False,False,NONE,NORMAL,False,False
1574.0,37.417126564394195,37.37813434830877,60.0,43.08506432950546,43.08506432950546,50.0,3.4468051463604366,3.0568829855061823,False,False,False,False,False,False,False,False,NONE,NORMAL,False,False
1575.0,37.45655075490548,37.417126564394195,60.0,43.15898648059806,43.15898648059806,50.0,3.452718918447845,3.0584770133349948,False,False,False,False,False,False,False,False,NONE,NORMAL,False,False
1576.0,37.4964002055586,37.45655075490548,60.0,43.232279536312255,43.232279536312255,50.0,3.4585823629049806,3.060087856373795,False,False,False,False,False,False,False,False,NONE,NORMAL,False,False
1577.0,37.536668268839726,37.4964002055586,60.0,43.304948084631334,43.304948084631334,50.0,3.4643958467705067,3.0617152139592685,False,False,False,False,False,False,False,False,NONE,NORMAL,False,False
1578.0,37.57734836342765,37.536668268839726,60.0,43.376996680006016,43.376996680006016,50.0,3.470159734400481,3.0633587885211764,False,False,False,False,False,False,False,False,NONE,NORMAL,False,False
1579.0,37.618433973619815,37.57734836342765,60.0,43.44842984360095,43.44842984360095,50.0,3.475874387488076,3.065018285566485,False,False,False,False,False,False,False,False,NONE,NORMAL,False,False
1580.0,37.65991864876183,37.618433973619815,60.0,43.51925206354069,43.51925206354069,50.0,3.4815401650832554,3.066693413663151,False,False,False,False,False,False,False,False,NONE,NORMAL,False,False
1581.0,37.70179600268071,37.65991864876183,60.0,43.58946779515486,43.58946779515486,50.0,3.487157423612389,3.0683838844235996,False,False,False,False,False,False,False,False,NONE,NORMAL,False,False
1582.0,37.74405971312171,37.70179600268071,60.0,43.659081461222584,43.659081461222584,50.0,3.4927265168978066,3.07008941248788,False,False,False,False,False,False,False,False,NONE,NORMAL,False,False
1583.0,37.786703521188784,37.74405971312171,60.0,43.72809745221598,43.72809745221598,50.0,3.498247796177278,3.071809715506549,False,False,False,False,False,False,False,False,NONE,NORMAL,False,False
1584.0,37.829721230788806,37.786703521188784,60.0,43.79652012654296,43.79652012654296,50.0,3.5037216101234367,3.0735445141232614,False,False,False,False,False,False,False,False,NONE,NORMAL,False,False
1585.0,37.873106708079405,37.829721230788806,60.0,43.864353810788984,43.864353810788984,50.0,3.509148304863119,3.0752935319571044,False,False,False,False,False,False,False,False,NONE,NORMAL,False,False
1586.0,37.91685388092059,37.873106708079405,60.0,43.931602799957986,43.931602799957986,50.0,3.514528223996639,3.077056495584677,False,False,False,False,False,False,False,False,NONE,NORMAL,False,False
1587.0,37.9609567383301,37.91685388092059,60.0,43.9982713577122,43.9982713577122,50.0,3.519861708616976,3.0788331345219326,False,False,False,False,False,False,False,False,NONE,NORMAL,False,False
1588.0,38.0054093299424,37.9609567383301,60.0,44.06436371661104,44.06436371661104,50.0,3.5251490973288835,3.080623181205797,False,False,False,False,False,False,False,False,NONE,NORMAL,False,False
1589.0,38.05020576547164,38.0054093299424,60.0,44.12988407834902,44.12988407834902,50.0,3.530390726267922,3.0824263709755666,False,False,False,False,False,False,False,False,NONE,NORMAL,False,False
1590.0,38.09534021417817,38.05020576547164,60.0,44.194836613992436,44.194836613992436,50.0,3.535586929119395,3.0842424420541112,False,False,False,False,False,False,False,False,NONE,NORMAL,False,False
1591.0,38.140806904339,38.09534021417817,60.0,44.25922546421501,44.25922546421501,50.0,3.5407380371372006,3.0860711355288855,False,False,False,False,False,False,False,False,NONE,NORMAL,False,False
1592.0,38.186600122721984,38.140806904339,60.0,44.32305473953248,44.32305473953248,50.0,3.5458443791625984,3.087912195332754,False,False,False,False,False,False,False,False,NONE,NORMAL,False,False
1593.0,38.232714214063805,38.186600122721984,60.0,44.38632852053589,44.38632852053589,50.0,3.550906281642871,3.0897653682246644,False,False,False,False,False,False,False,False,NONE,NORMAL,False,False
1594.0,38.279143580551775,38.232714214063805,60.0,44.449050858123755,44.449050858123755,50.0,3.5559240686499005,3.091630403770145,False,False,False,False,False,False,False,False,NONE,NORMAL,False,False
1595.0,38.32588268130947,38.279143580551775,60.0,44.51122577373302,44.51122577373302,50.0,3.560898061898641,3.0935070543216714,False,False,False,False,False,False,False,False,NONE,NORMAL,False,False
1596.0,38.37292603188613,38.32588268130947,60.0,44.57285725956877,44.57285725956877,50.0,3.5658285807655017,3.0953950749988874,False,False,False,False,False,False,False,False,NONE,NORMAL,False,False
1597.0,38.42026820374993,38.37292603188613,60.0,44.63394927883269,44.63394927883269,50.0,3.570715942306615,3.0972942236687064,False,False,False,False,False,False,False,False,NONE,NORMAL,False,False
1598.0,38.467903823785,38.42026820374993,60.0,44.69450576595014,44.69450576595014,50.0,3.575560461276011,3.099204260925292,False,False,False,False,False,False,False,False,NONE,NORMAL,False,False
1599.0,38.51582757379238,38.467903823785,60.0,44.75453062679614,44.75453062679614,50.0,3.5803624501436913,3.101124950069934,False,False,False,False,False,False,False,False,NONE,NORMAL,False,False
1600.0,38.56403418999465,38.51582757379238,60.0,44.814027738919805,44.814027738919805,50.0,3.5851222191135843,3.103056057090831,False,False,False,False,False,False,False,False,NONE,NORMAL,False,False
1601.0,38.612518462544514,38.56403418999465,60.0,44.87300095176756,44.87300095176756,50.0,3.589840076141405,3.104997350642777,False,False,False,False,False,False,False,False,NONE,NORMAL,False,False
1602.0,38.661275235037074,38.612518462544514,60.0,44.93145408690497,44.93145408690497,50.0,3.5945163269523976,3.1069486020267743,False,False,False,False,False,False,False,False,NONE,NORMAL,False,False
1603.0,38.71029940402601,38.661275235037074,60.0,44.98939093823722,44.98939093823722,50.0,3.599151275058978,3.1089095851695765,False,False,False,False,False,False,False,False,NONE,NORMAL,False,False
1604.0,38.75958591854352,38.71029940402601,60.0,45.04681527222816,45.04681527222816,50.0,3.6037452217782526,3.110880076603163,False,False,False,False,False,False,False,False,NONE,NORMAL,False,False
1605.0,38.809129779624044,38.75958591854352,60.0,45.10373082811793,45.10373082811793,50.0,3.6082984662494346,3.1128598554441673,False,False,False,False,False,False,False,False,NONE,NORMAL,False,False
1606.0,38.85892603983184,38.809129779624044,60.0,45.16014131813929,45.16014131813929,50.0,3.6128113054511433,3.1148487033732493,False,False,False,False,False,False,False,False,NONE,NORMAL,False,False
1607.0,38.908969802792264,38.85892603983184,60.0,45.21605042773233,45.21605042773233,50.0,3.6172840342185864,3.11684640461444,False,False,False,False,False,False,False,False,NONE,NORMAL,False,False
1608.0,38.95925622272688,38.908969802792264,60.0,45.271461815757945,45.271461815757945,50.0,3.6217169452606357,3.118852745914444,False,False,False,False,False,False,False,False,NONE,NORMAL,False,False
1609.0,39.00978050399237,38.95925622272688,60.0,45.326379114709695,45.326379114709695,50.0,3.626110329176776,3.1208675165219235,False,False,False,False,False,False,False,False,NONE,NORMAL,False,False
1610.0,39.06053790062309,39.00978050399237,60.0,45.38080593092425,45.38080593092425,50.0,3.6304644744739396,3.122890508166768,False,False,False,False,False,False,False,False,NONE,NORMAL,False,False
1611.0,39.111523715877475,39.06053790062309,60.0,45.43474584479041,45.43474584479041,50.0,3.634779667583233,3.124921515039341,False,False,False,False,False,False,False,False,NONE,NORMAL,False,False
1612.0,39.16273330178816,39.111523715877475,60.0,45.48820241095664,45.48820241095664,50.0,3.6390561928765313,3.1269603337697403,False,False,False,False,False,False,False,False,NONE,NORMAL,False,False
1613.0,39.21416205871575,39.16273330178816,60.0,45.54117915853702,45.54117915853702,50.0,3.6432943326829617,3.1290067634070464,False,False,False,False,False,False,False,False,NONE,NORMAL,False,False
1614.0,39.265805434906426,39.21416205871575,60.0,45.59367959131585,45.59367959131585,50.0,3.647494367305268,3.1310606053985826,False,False,False,False,False,False,False,False,NONE,NORMAL,False,False
1615.0,39.31765892605312,39.265805434906426,60.0,45.645707187950634,45.645707187950634,50.0,3.651656575036051,3.133121663569196,False,False,False,False,False,False,False,False,NONE,NORMAL,False,False
1616.0,39.36971807486046,39.31765892605312,60.0,45.69726540217368,45.69726540217368,50.0,3.655781232173894,3.1351897441005514,False,False,False,False,False,False,False,False,NONE,NORMAL,False,False
1617.0,39.421978470613354,39.36971807486046,60.0,45.748357662992035,45.748357662992035,50.0,3.6598686130393627,3.137264655510452,False,False,False,False,False,False,False,False,NONE,NORMAL,False,False
1618.0,39.47443574874922,39.421978470613354,60.0,45.798987374886075,45.798987374886075,50.0,3.663918989990886,3.1393462086321957,False,False,False,False,False,False,False,False,NONE,NORMAL,False,False
1619.0,39.52708559043388,39.47443574874922,60.0,45.84915791800646,45.84915791800646,50.0,3.667932633440517,3.1414342165939595,False,False,False,False,False,False,False,False,NONE,NORMAL,False,False
1620.0,39.57992372214101,39.52708559043388,60.0,45.89887264836963,45.89887264836963,50.0,3.6719098118695706,3.143528494798237,False,False,False,False,False,False,False,False,NONE,NORMAL,False,False
1621.0,39.63294591523529,39.57992372214101,60.0,45.9481348980518,45.9481348980518,50.0,3.6758507918441437,3.1456288609013066,False,False,False,False,False,False,False,False,NONE,NORMAL,False,False
1622.0,39.68614798555905,39.63294591523529,60.0,45.996947975381346,45.996947975381346,50.0,3.6797558380305078,3.1477351347927645,False,False,False,False,False,False,False,False,NONE,NORMAL,False,False
1623.0,39.73952579302258,39.68614798555905,60.0,46.045315165129786,46.045315165129786,50.0,3.683625213210383,3.149847138575103,False,False,False,False,False,False,False,False,NONE,NORMAL,False,False
1624.0,39.79307524119785,39.73952579302258,60.0,46.09323972870114,46.09323972870114,50.0,3.6874591782960913,3.151964696543355,False,False,False,False,False,False,False,False,NONE,NORMAL,False,False
1625.0,39.84679227691593,39.79307524119785,60.0,46.14072490431989,46.14072490431989,50.0,3.6912579923455913,3.154087635164797,False,False,False,False,False,False,False,False,NONE,NORMAL,False,False
1626.0,39.90067288986779,39.84679227691593,60.0,46.18777390721723,46.18777390721723,50.0,3.695021912577378,3.156215783058722,False,False,False,False,False,False,False,False,NONE,NORMAL,False,False
1627.0,39.95471311220869,39.90067288986779,60.0,46.234389929816025,46.234389929816025,50.0,3.698751194385282,3.1583489709762835,False,False,False,False,False,False,False,False,NONE,NORMAL,False,False
1628.0,40.00890901816596,39.95471311220869,60.0,46.28057614191408,46.28057614191408,50.0,3.7024460913531265,3.160487031780414,False,False,False,False,False,False,False,False,NONE,NORMAL,False,False
1629.0,40.063256723650305,40.00890901816596,60.0,46.32633569086598,46.32633569086598,50.0,3.7061068552692786,3.1626298004258246,False,False,False,False,False,False,False,False,NONE,NORMAL,False,False
1630.0,40.117752385870496,40.063256723650305,60.0,46.37167170176338,46.37167170176338,50.0,3.7097337361410707,3.164777113939081,False,False,False,False,False,False,False,False,NONE,NORMAL,False,False
1631.0,40.17239220295153,40.117752385870496,60.0,46.41658727761384,46.41658727761384,50.0,3.7133269822091073,3.16692881139877,False,False,False,False,False,False,False,False,NONE,NORMAL,False,False
1632.0,40.2271724135561,40.17239220295153,60.0,46.46108549951805,46.46108549951805,50.0,3.716886839961444,3.1690847339157537,False,False,False,False,False,False,False,False,NONE,NORMAL,False,False
1633.0,40.28208929650951,40.2271724135561,60.0,46.5051694268457,46.5051694268457,50.0,3.720413554147656,3.171244724613511,False,False,False,False,False,False,False,False,NONE,NORMAL,False,False
1634.0,40.33713917042793,40.28208929650951,60.0,46.54884209740974,46.54884209740974,50.0,3.723907367792779,3.1734086286085783,False,False,False,False,False,False,False,False,NONE,NORMAL,False,False
1635.0,40.39231839334994,40.33713917042793,60.0,46.59210652763918,46.59210652763918,50.0,3.7273685222111346,3.175576292991082,False,False,False,False,False,False,False,False,NONE,NORMAL,False,False
1636.0,40.4476233623714,40.39231839334994,60.0,46.63496571275042,46.63496571275042,50.0,3.7307972570200336,3.1777475668053756,False,False,False,False,False,False,False,False,NONE,NORMAL,False,False
1637.0,40.50305051328366,40.4476233623714,60.0,46.6774226269171,46.6774226269171,50.0,3.734193810153368,3.1799223010307736,False,False,False,False,False,False,False,False,NONE,NORMAL,False,False
1638.0,40.55859632021493,40.50305051328366,60.0,46.719480223438424,46.719480223438424,50.0,3.737558417875074,3.182100348562395,False,False,False,False,False,False,False,False,NONE,NORMAL,False,False
1639.0,40.61425729527497,40.55859632021493,60.0,46.76114143490608,46.76114143490608,50.0,3.7408913147924863,3.1842815641921067,False,False,False,False,False,False,False,False,NONE,NORMAL,False,False
1640.0,40.67002998820296,40.61425729527497,60.0,46.80240917336967,46.80240917336967,50.0,3.7441927338695735,3.186465804589584,False,False,False,False,False,False,False,False,NONE,NORMAL,False,False
1641.0,40.725910986018626,40.67002998820296,60.0,46.84328633050066,46.84328633050066,50.0,3.747462906440053,3.1886529282834686,False,False,False,False,False,False,False,False,NONE,NORMAL,False,False
1642.0,40.7818969126764,40.725910986018626,60.0,46.8837757777549,46.8837757777549,50.0,3.750702062220392,3.1908427956426584,False,False,False,False,False,False,False,False,NONE,NORMAL,False,False
1643.0,40.8379844287229,40.7818969126764,60.0,46.92388036653374,46.92388036653374,50.0,3.753910429322699,3.19303526885769,False,False,False,False,False,False,False,False,NONE,NORMAL,False,False
1644.0,40.89417023095742,40.8379844287229,60.0,46.96360292834363,46.96360292834363,50.0,3.7570882342674907,3.1952302119222526,False,False,False,False,False,False,False,False,NONE,NORMAL,False,False
1645.0,40.95045105209557,40.89417023095742,60.0,47.00294627495432,47.00294627495432,50.0,3.7602357019963453,3.1974274906148152,False,False,False,False,False,False,False,False,NONE,NORMAL,False,False
1646.0,41.006823660435984,40.95045105209557,60.0,47.04191319855569,47.04191319855569,50.0,3.7633530558844552,3.199626972480369,False,False,False,False,False,False,False,False,NONE,NORMAL,False,False
1647.0,41.063284859530064,41.006823660435984,60.0,47.0805064719131,47.0805064719131,50.0,3.766440517753048,3.201828526812296,False,False,False,False,False,False,False,False,NONE,NORMAL,False,False
1648.0,41.1198314878548,41.063284859530064,60.0,47.11872884852137,47.11872884852137,50.0,3.76949830788171,3.204032024634354,False,False,False,False,False,False,False,False,NONE,NORMAL,False,False
1649.0,41.17646041848859,41.1198314878548,60.0,47.15658306275736,47.15658306275736,50.0,3.772526645020589,3.20623733868279,False,False,False,False,False,False,False,False,NONE,NORMAL,False,False
1650.0,41.23316855878998,41.17646041848859,60.0,47.194071830031135,47.194071830031135,50.0,3.775525746402491,3.2084443433885754,False,False,False,False,False,False,False,False,NONE,NORMAL,False,False
1651.0,41.28995285007949,41.23316855878998,60.0,47.2311978469358,47.2311978469358,50.0,3.778495827754864,3.2106529148597636,False,False,False,False,False,False,False,False,NONE,NORMAL,False,False
1652.0,41.34681026732425,41.28995285007949,60.0,47.267963791395886,47.267963791395886,50.0,3.7814371033116707,3.2128629308639782,False,False,False,False,False,False,False,False,NONE,NORMAL,False,False
1653.0,41.40373781882566,41.34681026732425,60.0,47.3043723228145,47.3043723228145,50.0,3.7843497858251602,3.2150742708110283,False,False,False,False,False,False,False,False,NONE,NORMAL,False,False
1654.0,41.46073254590985,41.40373781882566,60.0,47.34042608221897,47.34042608221897,50.0,3.7872340865775174,3.2172868157356467,False,False,False,False,False,False,False,False,NONE,NORMAL,False,False
1655.0,41.51779152262105,41.46073254590985,60.0,47.37612769240523,47.37612769240523,50.0,3.7900902153924183,3.2195004482803635,False,False,False,False,False,False,False,False,NONE,NORMAL,False,False
1656.0,41.57491185541785,41.51779152262105,60.0,47.411479758080915,47.411479758080915,50.0,3.7929183806464732,3.2217150526785048,False,False,False,False,False,False,False,False,NONE,NORMAL,False,False
1657.0,41.63209068287217,41.57491185541785,60.0,47.446484866007026,47.446484866007026,50.0,3.795718789280562,3.223930514737323,False,False,False,False,False,False,False,False,NONE,NORMAL,False,False
1658.0,41.68932517537115,41.63209068287217,60.0,47.48114558513835,47.48114558513835,50.0,3.798491646811068,3.226146721821257,False,False,False,False,False,False,False,False,NONE,NORMAL,False,False
1659.0,41.74661253482172,41.68932517537115,60.0,47.51546446676251,47.51546446676251,50.0,3.8012371573410006,3.228363562835324,False,False,False,False,False,False,False,False,NONE,NORMAL,False,False
1660.0,41.803949994357964,41.74661253482172,60.0,47.54944404463784,47.54944404463784,50.0,3.803955523571027,3.230580928208645,False,False,False,False,False,False,False,False,NONE,NORMAL,False,False
1661.0,41.86133481805119,41.803949994357964,60.0,47.583086835129805,47.583086835129805,50.0,3.8066469468103845,3.2327987098780975,False,False,False,False,False,False,False,False,NONE,NORMAL,False,False
1662.0,41.91876430062275,41.86133481805119,60.0,47.61639533734632,47.61639533734632,50.0,3.8093116269877054,3.235016801272104,False,False,False,False,False,False,False,False,NONE,NORMAL,False,False
1663.0,41.976235767159466,41.91876430062275,60.0,47.649372033271646,47.649372033271646,50.0,3.811949762661732,3.237235097294555,False,False,False,False,False,False,False,False,NONE,NORMAL,False,False
1664.0,42.033746572831774,41.976235767159466,60.0,47.68201938789913,47.68201938789913,50.0,3.8145615510319306,3.239453494308857,False,False,False,False,False,False,False,False,NONE,NORMAL,False,False
1665.0,42.09129410261446,42.033746572831774,60.0,47.71433984936266,47.71433984936266,50.0,3.8171471879490126,3.241671890122124,False,False,False,False,False,False,False,False,NONE,NORMAL,False,False
1666.0,42.14887577101005,42.09129410261446,60.0,47.7463358490669,47.7463358490669,50.0,3.819706867925352,3.2438901839694907,False,False,False,False,False,False,False,False,NONE,NORMAL,False,False
1667.0,42.206489021774715,42.14887577101005,60.0,47.77800980181627,47.77800980181627,50.0,3.8222407841453014,3.2461082764985694,False,False,False,False,False,False,False,False,NONE,NORMAL,False,False
1668.0,42.26413132764686,42.206489021774715,60.0,47.80936410594273,47.80936410594273,50.0,3.824749128475418,3.2483260697540324,False,False,False,False,False,False,False,False,NONE,NORMAL,False,False
1669.0,42.321800190078086,42.26413132764686,60.0,47.840401143432345,47.840401143432345,50.0,3.8272320914745874,3.250543467162332,False,False,False,False,False,False,False,False,NONE,NORMAL,False,False
1670.0,42.379493138966836,42.321800190078086,60.0,47.87112328005073,47.87112328005073,50.0,3.8296898624040585,3.2527603735165496,False,False,False,False,False,False,False,False,NONE,NORMAL,False,False
1671.0,42.43720773239444,42.379493138966836,60.0,47.901532865467146,47.901532865467146,50.0,3.8321226292373716,3.25497669496138,False,False,False,False,False,False,False,False,NONE,NORMAL,False,False
1672.0,42.494941556363635,42.43720773239444,60.0,47.93163223337757,47.93163223337757,50.0,3.8345305786702055,3.2571923389782507,False,False,False,False,False,False,False,False,NONE,NORMAL,False,False
1673.0,42.55269222453959,42.494941556363635,60.0,47.96142370162656,47.96142370162656,50.0,3.836913896130125,3.2594072143705684,False,False,False,False,False,False,False,False,NONE,NORMAL,False,False
1674.0,42.610457377993306,42.55269222453959,60.0,47.99090957232791,47.99090957232791,50.0,3.8392727657862324,3.2616212312491006,False,False,False,False,False,False,False,False,NONE,NORMAL,False,False
1675.0,42.66823468494743,42.610457377993306,60.0,48.02009213198423,48.02009213198423,50.0,3.841607370558738,3.2638343010174897,False,False,False,False,False,False,False,False,NONE,NORMAL,False,False
1676.0,42.726021840524474,42.66823468494743,60.0,48.048973651605365,48.048973651605365,50.0,3.843917892128429,3.2660463363578995,False,False,False,False,False,False,False,False,NONE,NORMAL,False,False
1677.0,42.78381656649741,42.726021840524474,60.0,48.0775563868257,48.0775563868257,50.0,3.846204510946056,3.2682572512167885,False,False,False,False,False,False,False,False,NONE,NORMAL,False,False
1678.0,42.8416166110425,42.78381656649741,60.0,48.10584257802028,48.10584257802028,50.0,3.8484674062416224,3.2704669607908214,False,False,False,False,False,False,False,False,NONE,NORMAL,False,False
1679.0,42.899419748494566,42.8416166110425,60.0,48.133834450419975,48.133834450419975,50.0,3.850706756033598,3.2726753815129026,False,False,False,False,False,False,False,False,NONE,NORMAL,False,False
1680.0,42.95722377910454,42.899419748494566,60.0,48.16153421422543,48.16153421422543,50.0,3.8529227371380346,3.2748824310383484,False,False,False,False,False,False,False,False,NONE,NORMAL,False,False
1681.0,43.015026528799176,42.95722377910454,60.0,48.18894406471994,48.18894406471994,50.0,3.8551155251775953,3.2770880282311814,False,False,False,False,False,False,False,False,NONE,NORMAL,False,False
1682.0,43.07282584894317,43.015026528799176,60.0,48.21606618238131,48.21606618238131,50.0,3.857285294590505,3.279292093150562,False,False,False,False,False,False,False,False,NONE,NORMAL,False,False
1683.0,43.130619616103374,43.07282584894317,60.0,48.2429027329926,48.2429027329926,50.0,3.859432218639408,3.2814945470373393,False,False,False,False,False,False,False,False,NONE,NORMAL,False,False
1684.0,43.18840573181531,43.130619616103374,60.0,48.26945586775187,48.26945586775187,50.0,3.8615564694201496,3.2836953123007384,False,False,False,False,False,False,False,False,NONE,NORMAL,False,False
1685.0,43.24618212235184,43.18840573181531,60.0,48.295727723380864,48.295727723380864,50.0,3.8636582178704693,3.2858943125051705,False,False,False,False,False,False,False,False,NONE,NORMAL,False,False
1686.0,43.303946738493984,43.24618212235184,60.0,48.32172042223257,48.32172042223257,50.0,3.865737633778606,3.2880914723571726,False,False,False,False,False,False,False,False,NONE,NORMAL,False,False
1687.0,43.36169755530392,43.303946738493984,60.0,48.347436072397954,48.347436072397954,50.0,3.8677948857918363,3.290286717692471,False,False,False,False,False,False,False,False,NONE,NORMAL,False,False
1688.0,43.4194325719001,43.36169755530392,60.0,48.372876767811505,48.372876767811505,50.0,3.8698301414249205,3.2924799754631735,False,False,False,False,False,False,False,False,NONE,NORMAL,False,False
1689.0,43.47714981123445,43.4194325719001,60.0,48.398044588355816,48.398044588355816,50.0,3.871843567068465,3.2946711737250842,False,False,False,False,False,False,False,False,NONE,NORMAL,False,False
1690.0,43.53484731987166,43.47714981123445,60.0,48.422941599965306,48.422941599965306,50.0,3.8738353279972246,3.2968602416251453,False,False,False,False,False,False,False,False,NONE,NORMAL,False,False
1691.0,43.59252316777059,43.53484731987166,60.0,48.447569854728734,48.447569854728734,50.0,3.8758055883782987,3.299047109389,False,False,False,False,False,False,False,False,NONE,NORMAL,False,False
1692.0,43.65017544806765,43.59252316777059,60.0,48.47193139099095,48.47193139099095,50.0,3.877754511279276,3.30123170830868,False,False,False,False,False,False,False,False,NONE,NORMAL,False,False
1693.0,43.70780227686223,43.65017544806765,60.0,48.49602823345355,48.49602823345355,50.0,3.8796822586762842,3.3034139707304186,False,False,False,False,False,False,False,False,NONE,NORMAL,False,False
1694.0,43.765401793004166,43.70780227686223,60.0,48.51986239327466,48.51986239327466,50.0,3.881588991461973,3.305593830042578,False,False,False,False,False,False,False,False,NONE,NORMAL,False,False
1695.0,43.822972157883136,43.765401793004166,60.0,48.543435868167705,48.543435868167705,50.0,3.8834748694534165,3.3077712206637027,False,False,False,False,False,False,False,False,NONE,NORMAL,False,False
1696.0,43.88051155522007,43.822972157883136,60.0,48.56675064249932,48.56675064249932,50.0,3.885340051399946,3.3099460780306957,False,False,False,False,False,False,False,False,NONE,NORMAL,False,False
1697.0,43.93801819086045,43.88051155522007,60.0,48.58980868738629,48.58980868738629,50.0,3.887184694990903,3.3121183385871067,False,False,False,False,False,False,False,False,NONE,NORMAL,False,False
1698.0,43.995490292569635,43.93801819086045,60.0,48.612611960791604,48.612611960791604,50.0,3.889008956863328,3.314287939771545,False,False,False,False,False,False,False,False,NONE,NORMAL,False,False
1699.0,44.052926109829976,43.995490292569635,60.0,48.635162407619575,48.635162407619575,50.0,3.890812992609566,3.3164548200062076,False,False,False,False,False,False,False,False,NONE,NORMAL,False,False
1700.0,44.110323913639895,44.052926109829976,60.0,48.657461959810085,48.657461959810085,50.0,3.8925969567848067,3.3186189186855266,False,False,False,False,False,False,False,False,NONE,NORMAL,False,False
1701.0,44.16768199631486,44.110323913639895,60.0,48.679512536431965,48.679512536431965,50.0,3.894361002914557,3.3207801761649285,False,False,False,False,False,False,False,False,NONE,NORMAL,False,False
1702.0,44.224998671290095,44.16768199631486,60.0,48.70131604377542,48.70131604377542,50.0,3.896105283502034,3.322938533749716,False,False,False,False,False,False,False,False,NONE,NORMAL,False,False
1703.0,44.28227227292523,44.224998671290095,60.0,48.72287437544374,48.72287437544374,50.0,3.897829950035499,3.325093933684058,False,False,False,False,False,False,False,False,NONE,NORMAL,False,False
1704.0,44.339501156310774,44.28227227292523,60.0,48.74418941244397,48.74418941244397,50.0,3.899535152995518,3.3272463191400945,False,False,False,False,False,False,False,False,NONE,NORMAL,False,False
1705.0,44.39668369707628,44.339501156310774,60.0,48.76526302327688,48.76526302327688,50.0,3.9012210418621502,3.3293956342071596,False,False,False,False,False,False,False,False,NONE,NORMAL,False,False
1706.0,44.45381829120037,44.39668369707628,60.0,48.78609706402599,48.78609706402599,50.0,3.9028877651220792,3.3315418238811096,False,False,False,False,False,False,False,False,NONE,NORMAL,False,False
1707.0,44.51090335482256,44.45381829120037,60.0,48.8066933784459,48.8066933784459,50.0,3.904535470275672,3.3336848340537673,False,False,False,False,False,False,False,False,NONE,NORMAL,False,False
1708.0,44.567937324056714,44.51090335482256,60.0,48.8270537980496,48.8270537980496,50.0,3.9061643038439677,3.3358246115024754,False,False,False,False,False,False,False,False,NONE,NORMAL,False,False
1709.0,44.6249186548063,44.567937324056714,60.0,48.84718014219516,48.84718014219516,50.0,3.9077744113756125,3.337961103879759,False,False,False,False,False,False,False,False,NONE,NORMAL,False,False
1710.0,44.68184582258136,44.6249186548063,60.0,48.86707421817154,48.86707421817154,50.0,3.909365937453723,3.3400942597030965,False,False,False,False,False,False,False,False,NONE,NORMAL,False,False
1711.0,44.73871732231714,44.68184582258136,60.0,48.886737821283575,48.886737821283575,50.0,3.910939025702686,3.3422240283447997,False,False,False,False,False,False,False,False,NONE,NORMAL,False,False
1712.0,44.795531668194435,44.73871732231714,60.0,48.906172734936206,48.906172734936206,50.0,3.9124938187948963,3.344350360022001,False,False,False,False,False,False,False,False,NONE,NORMAL,False,False
1713.0,44.8522873934615,44.795531668194435,60.0,48.92538073071794,48.92538073071794,50.0,3.914030458457435,3.346473205786744,False,False,False,False,False,False,False,False,NONE,NORMAL,False,False
1714.0,44.90898305025775,44.8522873934615,60.0,48.94436356848357,48.94436356848357,50.0,3.9155490854786854,3.348592517516184,False,False,False,False,False,False,False,False,NONE,NORMAL,False,False
1715.0,44.96561720943895,44.90898305025775,60.0,48.96312299643602,48.96312299643602,50.0,3.9170498397148816,3.3507082479028876,False,False,False,False,False,False,False,False,NONE,NORMAL,False,False
1716.0,45.02218846040409,44.96561720943895,60.0,48.98166075120763,48.98166075120763,50.0,3.9185328600966103,3.3528203504452394,False,False,False,False,False,False,False,False,NONE,NORMAL,False,False
1717.0,45.07869541092382,45.02218846040409,60.0,48.99997855794047,48.99997855794047,50.0,3.9199982846352377,3.354928779437951,False,False,False,False,False,False,False,False,NONE,NORMAL,False,False
1718.0,45.135136686970476,45.07869541092382,60.0,49.01807813036612,49.01807813036612,50.0,3.9214462504292897,3.3570334899626713,False,False,False,False,False,False,False,False,NONE,NORMAL,False,False
1719.0,45.19151093254969,45.135136686970476,60.0,49.03596117088461,49.03596117088461,50.0,3.922876893670769,3.359134437878695,False,False,False,False,False,False,False,False,NONE,NORMAL,False,False
1720.0,45.247816809533454,45.19151093254969,60.0,49.053629370642646,49.053629370642646,50.0,3.924290349651412,3.3612315798137775,False,False,False,False,False,False,False,False,NONE,NORMAL,False,False
1721.0,45.304052997494836,45.247816809533454,60.0,49.07108440961122,49.07108440961122,50.0,3.9256867527688972,3.36332487315504,False,False,False,False,False,False,False,False,NONE,NORMAL,False,False
1722.0,45.360218193544135,45.304052997494836,60.0,49.08832795666236,49.08832795666236,50.0,3.9270662365329887,3.3654142760399806,False,False,False,False,False,False,False,False,NONE,NORMAL,False,False
1723.0,45.41631111216653,45.360218193544135,60.0,49.10536166964534,49.10536166964534,50.0,3.9284289335716274,3.3674997473475825,False,False,False,False,False,False,False,False,NONE,NORMAL,False,False
1724.0,45.47233048506128,45.41631111216653,60.0,49.12218719546212,49.12218719546212,50.0,3.9297749756369695,3.36958124668951,False,False,False,False,False,False,False,False,NONE,NORMAL,False,False
1725.0,45.52827506098227,45.47233048506128,60.0,49.13880617014206,49.13880617014206,50.0,3.931104493611365,3.3716587344014104,False,False,False,False,False,False,False,False,NONE,NORMAL,False,False
1726.0,45.58414360558017,45.52827506098227,60.0,49.15522021891616,49.15522021891616,50.0,3.932417617513293,3.373732171534303,False,False,False,False,False,False,False,False,NONE,NORMAL,False,False
1727.0,45.63993490124589,45.58414360558017,60.0,49.171430956290365,49.171430956290365,50.0,3.933714476503229,3.375801519846071,False,False,False,False,False,False,False,False,NONE,NORMAL,False,False
1728.0,45.69564774695553,45.63993490124589,60.0,49.18743998611841,49.18743998611841,50.0,3.934995198889473,3.377866741793032,False,False,False,False,False,False,False,False,NONE,NORMAL,False,False
1729.0,45.75128095811676,45.69564774695553,60.0,49.203248901673994,49.203248901673994,50.0,3.9362599121339197,3.3799278005216147,False,False,False,False,False,False,False,False,NONE,NORMAL,False,False
1730.0,45.80683336641653,45.75128095811676,60.0,49.21885928572218,49.21885928572218,50.0,3.9375087428577746,3.3819846598601226,False,False,False,False,False,False,False,False,NONE,NORMAL,False,False
1731.0,45.86230381967019,45.80683336641653,60.0,49.234272710590325,49.234272710590325,50.0,3.938741816847226,3.384037284310581,False,False,False,False,False,False,False,False,NONE,NORMAL,False,False
1732.0,45.917691181672026,45.86230381967019,60.0,49.249490738238315,49.249490738238315,50.0,3.9399592590590653,3.386085639040682,False,False,False,False,False,False,False,False,NONE,NORMAL,False,False
1733.0,45.972994332047065,45.917691181672026,60.0,49.26451492032812,49.26451492032812,50.0,3.9411611936262494,3.388129689875818,False,False,False,False,False,False,False,False,NONE,NORMAL,False,False
1734.0,46.02821216610429,45.972994332047065,60.0,49.27934679829284,49.27934679829284,50.0,3.9423477438634276,3.3901694032911935,False,False,False,False,False,False,False,False,NONE,NORMAL,False,False
1735.0,46.08334359469114,46.02821216610429,60.0,49.293987903405096,49.293987903405096,50.0,3.9435190322724076,3.392204746404036,False,False,False,False,False,False,False,False,NONE,NORMAL,False,False
1736.0,46.138387544049294,46.08334359469114,60.0,49.30843975684479,49.30843975684479,50.0,3.9446751805475833,3.394235686965886,False,False,False,False,False,False,False,False,NONE,NORMAL,False,False
1737.0,46.19334295567193,46.138387544049294,60.0,49.322703869766386,49.322703869766386,50.0,3.945816309581311,3.396262193354972,False,False,False,False,False,False,False,False,NONE,NORMAL,False,False
1738.0,46.24820878616199,46.19334295567193,60.0,49.33678174336539,49.33678174336539,50.0,3.9469425394692315,3.3982842345686715,False,False,False,False,False,False,False,False,NONE,NORMAL,False,False
1739.0,46.30298400709194,46.24820878616199,60.0,49.35067486894452,49.35067486894452,50.0,3.9480539895155617,3.4003017802160587,False,False,False,False,False,False,False,False,NONE,NORMAL,False,False
1740.0,46.35766760486473,46.30298400709194,60.0,49.36438472797911,49.36438472797911,50.0,3.9491507782383284,3.402314800510527,False,False,False,False,False,False,False,False,NONE,NORMAL,False,False
1741.0,46.41225858057593,46.35766760486473,60.0,49.377912792181995,49.377912792181995,50.0,3.9502330233745595,3.4043232662625007,False,False,False,False,False,False,False,False,NONE,NORMAL,False,False
1742.0,46.46675594987725,46.41225858057593,60.0,49.391260523567915,49.391260523567915,50.0,3.951300841885433,3.4063271488722253,False,False,False,False,False,False,False,False,NONE,NORMAL,False,False
1743.0,46.52115874284113,46.46675594987725,60.0,49.4044293745172,49.4044293745172,50.0,3.952354349961376,3.408326420322636,False,False,False,False,False,False,False,False,NONE,NORMAL,False,False
1744.0,46.57546600382661,46.52115874284113,60.0,49.41742078783912,49.41742078783912,50.0,3.95339366302713,3.410321053172308,False,False,False,False,False,False,False,False,NONE,NORMAL,False,False
1745.0,46.62967679134644,46.57546600382661,60.0,49.43023619683451,49.43023619683451,50.0,3.9544188957467608,3.4123110205484863,False,False,False,False,False,False,False,False,NONE,NORMAL,False,False
1746.0,46.683790177935286,46.62967679134644,60.0,49.442877025357944,49.442877025357944,50.0,3.9554301620286356,3.4142962961401886,False,False,False,False,False,False,False,False,NONE,NORMAL,False,False
1747.0,46.73780525001918,46.683790177935286,60.0,49.455344687879425,49.455344687879425,50.0,3.956427575030354,3.4162768541913904,False,False,False,False,False,False,False,False,NONE,NORMAL,False,False
1748.0,46.79172110778611,46.73780525001918,60.0,49.46764058954543,49.46764058954543,50.0,3.9574112471636345,3.4182526694942834,False,False,False,False,False,False,False,False,NONE,NORMAL,False,False
1749.0,46.84553686505776,46.79172110778611,60.0,49.479766126239575,49.479766126239575,50.0,3.958381290099166,3.420223717382611,False,False,False,False,False,False,False,False,NONE,NORMAL,False,False
1750.0,46.8992516491624,46.84553686505776,60.0,49.49172268464263,49.49172268464263,50.0,3.9593378147714104,3.4221899737250765,False,False,False,False,False,False,False,False,NONE,NORMAL,False,False
1751.0,46.95286460080886,46.8992516491624,60.0,49.50351164229218,49.50351164229218,50.0,3.9602809313833744,3.424151414918826,False,False,False,False,False,False,False,False,NONE,NORMAL,False,False
1752.0,47.0063748739617,46.95286460080886,60.0,49.51513436764168,49.51513436764168,50.0,3.961210749411334,3.426108017883005,False,False,False,False,False,False,False,False,NONE,NORMAL,False,False
1753.0,47.059781635717414,47.0063748739617,60.0,49.526592220119035,49.526592220119035,50.0,3.962127377609523,3.4280597600523866,False,False,False,False,False,False,False,False,NONE,NORMAL,False,False
1754.0,47.113084066181784,47.059781635717414,60.0,49.53788655018473,49.53788655018473,50.0,3.9630309240147783,3.430006619371069,False,False,False,False,False,False,False,False,NONE,NORMAL,False,False
1755.0,47.16628135834828,47.113084066181784,60.0,49.54901869938945,49.54901869938945,50.0,3.963921495951156,3.4319485742862534,False,False,False,False,False,False,False,False,NONE,NORMAL,False,False
1756.0,47.21937271797752,47.16628135834828,60.0,49.55999000043122,49.55999000043122,50.0,3.9647992000344976,3.433885603742074,False,False,False,False,False,False,False,False,NONE,NORMAL,False,False
1757.0,47.272357363477866,47.21937271797752,60.0,49.57080177721209,49.57080177721209,50.0,3.9656641421769674,3.4358176871735173,False,False,False,False,False,False,False,False,NONE,NORMAL,False,False
1758.0,47.325234525786975,47.272357363477866,60.0,49.58145534489436,49.58145534489436,50.0,3.9665164275915488,3.437744804500396,False,False,False,False,False,False,False,False,NONE,NORMAL,False,False
1759.0,47.37800344825448,47.325234525786975,60.0,49.59195200995631,49.59195200995631,50.0,3.9673561607965047,3.439666936121395,False,False,False,False,False,False,False,False,NONE,NORMAL,False,False
1760.0,47.43066338652564,47.37800344825448,60.0,49.60229307024753,49.60229307024753,50.0,3.9681834456198026,3.441584062908186,False,False,False,False,False,False,False,False,NONE,NORMAL,False,False
1761.0,47.48321360842602,47.43066338652564,60.0,49.61247981504375,49.61247981504375,50.0,3.9689983852035,3.44349616619961,False,False,False,False,False,False,False,False,NONE,NORMAL,False,False
1762.0,47.535653393847234,47.48321360842602,60.0,49.62251352510124,49.62251352510124,50.0,3.9698010820080993,3.4454032277959143,False,False,False,False,False,False,False,False,NONE,NORMAL,False,False
1763.0,47.58798203463361,47.535653393847234,60.0,49.63239547271078,49.63239547271078,50.0,3.9705916378168626,3.4473052299530726,False,False,False,False,False,False,False,False,NONE,NORMAL,False,False
1764.0,47.64019883446991,47.58798203463361,60.0,49.64212692175124,49.64212692175124,50.0,3.971370153740099,3.449202155377154,False,False,False,False,False,False,False,False,NONE,NORMAL,False,False
1765.0,47.69230310876998,47.64019883446991,60.0,49.65170912774259,49.65170912774259,50.0,3.9721367302194075,3.4510939872187603,False,False,False,False,False,False,False,False,NONE,NORMAL,False,False
1766.0,47.744294184566414,47.69230310876998,60.0,49.66114333789868,49.66114333789868,50.0,3.972891467031894,3.4529807090675293,False,False,False,False,False,False,False,False,NONE,NORMAL,False,False
1767.0,47.796171400401185,47.744294184566414,60.0,49.670430791179406,49.670430791179406,50.0,3.9736344632943523,3.454862304946697,False,False,False,False,False,False,False,False,NONE,NORMAL,False,False
1768.0,47.84793410621715,47.796171400401185,60.0,49.67957271834263,49.67957271834263,50.0,3.97436581746741,3.456738759307723,False,False,False,False,False,False,False,False,NONE,NORMAL,False,False
1769.0,47.899581663250615,47.84793410621715,60.0,49.68857034199557,49.68857034199557,50.0,3.9750856273596455,3.4586100570249734,False,False,False,False,False,False,False,False,NONE,NORMAL,False,False
1770.0,47.95111344392474,47.899581663250615,60.0,49.69742487664586,49.69742487664586,50.0,3.975793990131669,3.4604761833904667,False,False,False,False,False,False,False,False,NONE,NORMAL,False,False
1771.0,48.00252883174389,47.95111344392474,60.0,49.706137528752116,49.706137528752116,50.0,3.976491002300169,3.462337124108683,False,False,False,False,False,False,False,False,NONE,NORMAL,False,False
1772.0,48.053827221188946,48.00252883174389,60.0,49.71470949677425,49.71470949677425,50.0,3.9771767597419396,3.4641928652914187,False,False,False,False,False,False,False,False,NONE,NORMAL,False,False
1773.0,48.10500801761346,48.053827221188946,60.0,49.72314197122324,49.72314197122324,50.0,3.9778513576978596,3.4660433934527184,False,False,False,False,False,False,False,False,NONE,NORMAL,False,False
1774.0,48.156070637140765,48.10500801761346,60.0,49.73143613471066,49.73143613471066,50.0,3.978514890776853,3.467888695503846,False,False,False,False,False,False,False,False,NONE,NORMAL,False,False
1775.0,48.20701450656192,48.156070637140765,60.0,49.739593161997654,49.739593161997654,50.0,3.9791674529598122,3.469728758748325,False,False,False,False,False,False,False,False,NONE,NORMAL,False,False
1776.0,48.25783906323457,48.20701450656192,60.0,49.74761422004369,49.74761422004369,50.0,3.9798091376034948,3.4715635708770303,False,False,False,False,False,False,False,False,NONE,NORMAL,False,False
1777.0,48.30854375498267,48.25783906323457,60.0,49.75550046805486,49.75550046805486,50.0,3.980440037444389,3.4733931199633368,False,False,False,False,False,False,False,False,NONE,NORMAL,False,False
1778.0,48.359128039997096,48.30854375498267,60.0,49.76325305753185,49.76325305753185,50.0,3.981060244602548,3.475217394458319,False,False,False,False,False,False,False,False,NONE,NORMAL,False,False
1779.0,48.409591386737034,48.359128039997096,60.0,49.77087313231744,49.77087313231744,50.0,3.981669850585395,3.4770363831860136,False,False,False,False,False,False,False,False,NONE,NORMAL,False,False
1780.0,48.459933273832306,48.409591386737034,60.0,49.77836182864382,49.77836182864382,50.0,3.9822689462915055,3.478850075338726,False,False,False,False,False,False,False,False,NONE,NORMAL,False,False
1781.0,48.510153189986504,48.459933273832306,60.0,49.785720275179386,49.785720275179386,50.0,3.982857622014351,3.4806584604723967,False,False,False,False,False,False,False,False,NONE,NORMAL,False,False
1782.0,48.560250633880905,48.510153189986504,60.0,49.79294959307526,49.79294959307526,50.0,3.9834359674460207,3.4824615285020197,False,False,False,False,False,False,False,False,NONE,NORMAL,False,False
1783.0,48.61022511407928,48.560250633880905,60.0,49.80005089601145,49.80005089601145,50.0,3.984004071680916,3.484259269697108,False,False,False,False,False,False,False,False,NONE,NORMAL,False,False
1784.0,48.6600761489335,48.61022511407928,60.0,49.807025290242684,49.807025290242684,50.0,3.9845620232194148,3.4860516746772157,False,False,False,False,False,False,False,False,NONE,NORMAL,False,False
1785.0,48.70980326648989,48.6600761489335,60.0,49.81387387464379,49.81387387464379,50.0,3.985109909971503,3.487838734407509,False,False,False,False,False,False,False,False,NONE,NORMAL,False,False
1786.0,48.759406004396496,48.70980326648989,60.0,49.82059774075495,49.82059774075495,50.0,3.9856478192603957,3.489620440194388,False,False,False,False,False,False,False,False,NONE,NORMAL,False,False
1787.0,48.80888390981099,48.759406004396496,60.0,49.82719797282636,49.82719797282636,50.0,3.9861758378261087,3.4913967836811564,False,False,False,False,False,False,False,False,NONE,NORMAL,False,False
1788.0,48.858236539309516,48.80888390981099,60.0,49.83367564786282,49.83367564786282,50.0,3.9866940518290255,3.493167756843743,False,False,False,False,False,False,False,False,NONE,NORMAL,False,False
1789.0,48.907463458796215,48.858236539309516,60.0,49.84003183566774,49.84003183566774,50.0,3.987202546853419,3.4949333519864694,False,False,False,False,False,False,False,False,NONE,NORMAL,False,False
1790.0,48.95656424341352,48.907463458796215,60.0,49.84626759888706,49.84626759888706,50.0,3.987701407910965,3.4966935617378674,False,False,False,False,False,False,False,False,NONE,NORMAL,False,False
1791.0,49.005538477453285,48.95656424341352,60.0,49.85238399305269,49.85238399305269,50.0,3.988190719444215,3.4984483790465424,False,False,False,False,False,False,False,False,NONE,NORMAL,False,False
1792.0,49.05438575426858,49.005538477453285,60.0,49.85838206662566,49.85838206662566,50.0,3.9886705653300525,3.5001977971770852,False,False,False,False,False,False,False,False,NONE,NORMAL,False,False
1793.0,49.103105676186296,49.05438575426858,60.0,49.864262861039016,49.864262861039016,50.0,3.9891410288831213,3.50194180970603,False,False,False,False,False,False,False,False,NONE,NORMAL,False,False
1794.0,49.15169785442043,49.103105676186296,60.0,49.87002741074037,49.87002741074037,50.0,3.9896021928592296,3.5036804105178563,False,False,False,False,False,False,False,False,NONE,NORMAL,False,False
1795.0,49.2001619089862,49.15169785442043,60.0,49.87567674323413,49.87567674323413,50.0,3.9900541394587306,3.5054135938010376,False,False,False,False,False,False,False,False,NONE,NORMAL,False,False
1796.0,49.24849746861477,49.2001619089862,60.0,49.88121187912343,49.88121187912343,50.0,3.990496950329874,3.5071413540441383,False,False,False,False,False,False,False,False,NONE,NORMAL,False,False
1797.0,49.29670417066878,49.24849746861477,60.0,49.88663383215179,49.88663383215179,50.0,3.990930706572143,3.5088636860319458,False,False,False,False,False,False,False,False,NONE,NORMAL,False,False
1798.0,49.344781661058576,49.29670417066878,60.0,49.89194360924443,49.89194360924443,50.0,3.991355488739554,3.510580584841658,False,False,False,False,False,False,False,False,NONE,NORMAL,False,False
1799.0,49.392729594159064,49.344781661058576,60.0,49.89714221054934,49.89714221054934,50.0,3.991771376843947,3.512292045839105,False,False,False,False,False,False,False,False,NONE,NORMAL,False,False
1800.0,49.44054763272738,49.392729594159064,60.0,49.90223062947806,49.90223062947806,50.0,3.992178450358245,3.513998064675017,False,False,False,False,False,False,False,False,NONE,NORMAL,False,False
1801.0,49.48823544782122,49.44054763272738,60.0,49.90720985274611,49.90720985274611,50.0,3.9925767882196883,3.5156986372813366,False,False,False,False,False,False,False,False,NONE,NORMAL,False,False
1802.0,49.535792718717765,49.48823544782122,60.0,49.91208086041316,49.91208086041316,50.0,3.992966468833053,3.5173937598675673,False,False,False,False,False,False,False,False,NONE,NORMAL,False,False
1803.0,49.58321913283343,49.535792718717765,60.0,49.91684462592303,49.91684462592303,50.0,3.9933475700738423,3.5190834289171717,False,False,False,False,False,False,False,False,NONE,NORMAL,False,False
1804.0,49.630514385644176,49.58321913283343,60.0,49.921502116143195,49.921502116143195,50.0,3.9937201692914557,3.5207676411840017,False,False,False,False,False,False,False,False,NONE,NORMAL,False,False
1805.0,49.67767818060654,49.630514385644176,60.0,49.92605429140422,49.92605429140422,50.0,3.9940843433123376,3.5224463936887735,False,False,False,False,False,False,False,False,NONE,NORMAL,False,False
1806.0,49.724710229079285,49.67767818060654,60.0,49.93050210553883,49.93050210553883,50.0,3.994440168443106,3.5241196837155853,False,False,False,False,False,False,False,False,NONE,NORMAL,False,False
1807.0,49.7716102502458,49.724710229079285,60.0,49.93484650592068,49.93484650592068,50.0,3.9947877204736546,3.5257875088084676,False,False,False,False,False,False,False,False,NONE,NORMAL,False,False
1808.0,49.81837797103702,49.7716102502458,60.0,49.939088433502945,49.939088433502945,50.0,3.9951270746802354,3.5274498667679817,False,False,False,False,False,False,False,False,NONE,NORMAL,False,False
1809.0,49.86501312605509,49.81837797103702,60.0,49.94322882285653,49.94322882285653,50.0,3.9954583058285227,3.5291067556478444,False,False,False,False,False,False,False,False,NONE,NORMAL,False,False
1810.0,49.91151545749759,49.86501312605509,60.0,49.9472686022082,49.9472686022082,50.0,3.9957814881766556,3.530758173751605,False,False,False,False,False,False,False,False,NONE,NORMAL,False,False
1811.0,49.957884715082486,49.91151545749759,60.0,49.9512086934782,49.9512086934782,50.0,3.996096695478256,3.532404119629349,False,False,False,False,False,False,False,False,NONE,NORMAL,False,False
1812.0,50.00412065597358,49.957884715082486,60.0,49.9550500123179,49.9550500123179,50.0,3.996404000985432,3.5340445920744434,False,False,False,False,False,False,False,False,NONE,NORMAL,False,False
1813.0,50.05022304470672,50.00412065597358,60.0,49.958793468146936,49.958793468146936,50.0,3.9967034774517547,3.53567959012032,False,False,False,False,False,False,False,False,NONE,NORMAL,False,False
1814.0,50.096191653116506,50.05022304470672,60.0,49.96243996419027,49.96243996419027,50.0,3.9969951971352216,3.537309113037293,False,False,False,False,False,False,False,False,NONE,NORMAL,False,False
1815.0,50.142026260263684,50.096191653116506,60.0,49.965990397514894,49.965990397514894,50.0,3.9972792318011914,3.538933160329413,False,False,False,False,False,False,False,False,NONE,NORMAL,False,False
1816.0,50.18772665236308,50.142026260263684,60.0,49.9694456590664,49.9694456590664,50.0,3.997555652725312,3.5405517317313584,False,False,False,False,False,False,False,False,NONE,NORMAL,False,False
1817.0,50.23329262271219,50.18772665236308,60.0,49.97280663370518,49.97280663370518,50.0,3.9978245306964144,3.542164827205359,False,False,False,False,False,False,False,False,NONE,NORMAL,False,False
1818.0,50.27872397162032,50.23329262271219,60.0,49.976074200242515,49.976074200242515,50.0,3.998085936019401,3.543772446938156,False,False,False,False,False,False,False,False,NONE,NORMAL,False,False
1819.0,50.32402050633834,50.27872397162032,60.0,49.97924923147629,49.97924923147629,50.0,3.998339938518103,3.545374591337999,False,False,False,False,False,False,False,False,NONE,NORMAL,False,False
1820.0,50.36918204098899,50.32402050633834,60.0,49.98233259422658,49.98233259422658,50.0,3.998586607538126,3.5469712610316684,False,False,False,False,False,False,False,False,NONE,NORMAL,False,False
1821.0,50.414208396497806,50.36918204098899,60.0,49.985325149370986,49.985325149370986,50.0,3.998826011949679,3.5485624568615455,False,False,False,False,False,False,False,False,NONE,NORMAL,False,False
1822.0,50.45909940052458,50.414208396497806,60.0,49.98822775187968,49.98822775187968,50.0,3.999058220150374,3.550148179882701,False,False,False,False,False,False,False,False,NONE,NORMAL,False,False
1823.0,50.503854887395384,50.45909940052458,60.0,49.99104125085028,49.99104125085028,50.0,3.9992833000680226,3.551728431360025,False,False,False,False,False,False,False,False,NONE,NORMAL,False,False
1824.0,50.548474698035186,50.503854887395384,60.0,49.9937664895425,49.9937664895425,50.0,3.9995013191634,3.5533032127653907,False,False,False,False,False,False,False,False,NONE,NORMAL,False,False
1825.0,50.592958679901,50.548474698035186,60.0,49.99640430541252,49.99640430541252,50.0,3.9997123444330014,3.554872525774841,False,False,False,False,False,False,False,False,NONE,NORMAL,False,False
1826.0,50.63730668691559,50.592958679901,60.0,49.9989555301472,49.9989555301472,50.0,3.999916442411776,3.556436372265818,False,False,False,False,False,False,False,False,NONE,NORMAL,False,False
1827.0,50.68151857940173,50.63730668691559,60.0,50.001420989698026,50.001420989698026,50.0,4.0001136791758425,3.5579947543144157,False,False,False,False,False,False,False,False,NONE,NORMAL,False,False
1828.0,50.72559422401698,50.68151857940173,60.0,50.00380150431488,50.00380150431488,50.0,4.000304120345191,3.559547674192668,False,False,False,False,False,False,False,False,NONE,NORMAL,False,False
1829.0,50.76953349368903,50.72559422401698,60.0,50.006097888579546,50.006097888579546,50.0,4.000487831086364,3.561095134365866,False,False,False,False,False,False,False,False,NONE,NORMAL,False,False
1830.0,50.813336267551556,50.76953349368903,60.0,50.00831095143905,50.00831095143905,50.0,4.000664876115124,3.562637137489904,False,False,False,False,False,False,False,False,NONE,NORMAL,False,False
1831.0,50.85700243088059,50.813336267551556,60.0,50.01044149623877,50.01044149623877,50.0,4.000835319699101,3.5641736864086586,False,False,False,False,False,False,False,False,NONE,NORMAL,False,False
1832.0,50.9005318750315,50.85700243088059,60.0,50.012490320755326,50.012490320755326,50.0,4.000999225660426,3.565704784151395,False,False,False,False,False,False,False,False,NONE,NORMAL,False,False
1833.0,50.943924497376315,50.9005318750315,60.0,50.01445821722926,50.01445821722926,50.0,4.001156657378341,3.567230433930204,False,False,False,False,False,False,False,False,NONE,NORMAL,False,False
1834.0,50.987180201241756,50.943924497376315,60.0,50.016345972397566,50.016345972397566,50.0,4.0013076777918055,3.568750639137467,False,False,False,False,False,False,False,False,NONE,NORMAL,False,False
1835.0,51.03029889584762,50.987180201241756,60.0,50.01815436752591,50.01815436752591,50.0,4.001452349402073,3.570265403343348,False,False,False,False,False,False,False,False,NONE,NORMAL,False,False
1836.0,51.07328049624581,51.03029889584762,60.0,50.019884178440805,50.019884178440805,50.0,4.001590734275265,3.5717747302933183,False,False,False,False,False,False,False,False,NONE,NORMAL,False,False
1837.0,51.11612492325973,51.07328049624581,60.0,50.02153617556139,50.02153617556139,50.0,4.001722894044911,3.573278623905706,False,False,False,False,False,False,False,False,NONE,NORMAL,False,False
1838.0,51.15883210342426,51.11612492325973,60.0,50.023111123931166,50.023111123931166,50.0,4.001848889914493,3.574777088269272,False,False,False,False,False,False,False,False,NONE,NORMAL,False,False
1839.0,51.20140196892618,51.15883210342426,60.0,50.02460978324952,50.02460978324952,50.0,4.0019687826599615,3.5762701276408166,False,False,False,False,False,False,False,False,NONE,NORMAL,False,False
1840.0,51.24383445754512,51.20140196892618,60.0,50.02603290790296,50.02603290790296,50.0,4.002082632632237,3.577757746442811,False,False,False,False,False,False,False,False,NONE,NORMAL,False,False
1841.0,51.28612951259498,51.24383445754512,60.0,50.02738124699629,50.02738124699629,50.0,4.0021904997597035,3.579239949261055,False,False,False,False,False,False,False,False,NONE,NORMAL,False,False
1842.0,51.328287082865806,51.28612951259498,60.0,50.028655544383454,50.028655544383454,50.0,4.002292443550676,3.580716740842362,False,False,False,False,False,False,False,False,NONE,NORMAL,False,False
1843.0,51.37030712256616,51.328287082865806,60.0,50.0298565386983,50.0298565386983,50.0,4.002388523095863,3.5821881260922703,False,False,False,False,False,False,False,False,NONE,NORMAL,False,False
1844.0,51.412189591265964,51.37030712256616,60.0,50.030984963385116,50.030984963385116,50.0,4.002478797070809,3.5836541100727812,False,False,False,False,False,False,False,False,NONE,NORMAL,False,False
1845.0,51.45393445383978,51.412189591265964,60.0,50.032041546728976,50.032041546728976,50.0,4.002563323738318,3.58511469800012,False,False,False,False,False,False,False,False,NONE,NORMAL,False,False
1846.0,51.49554168041062,51.45393445383978,60.0,50.03302701188597,50.03302701188597,50.0,4.002642160950877,3.586569895242521,False,False,False,False,False,False,False,False,NONE,NORMAL,False,False
1847.0,51.53701124629413,51.49554168041062,60.0,50.03394207691307,50.03394207691307,50.0,4.002715366153046,3.5880197073180433,False,False,False,False,False,False,False,False,NONE,NORMAL,False,False
1848.0,51.57834313194327,51.53701124629413,60.0,50.03478745479809,50.03478745479809,50.0,4.002782996383847,3.5894641398924065,False,False,False,False,False,False,False,False,NONE,NORMAL,False,False
1849.0,51.61953732289349,51.57834313194327,60.0,50.035563853489236,50.035563853489236,50.0,4.002845108279139,3.590903198776851,False,False,False,False,False,False,False,False,NONE,NORMAL,False,False
1850.0,51.66059380970829,51.61953732289349,60.0,50.03627197592455,50.03627197592455,50.0,4.002901758073964,3.592336889926023,False,False,False,False,False,False,False,False,NONE,NORMAL,False,False
1851.0,51.701512587925194,51.66059380970829,60.0,50.03691252006121,50.03691252006121,50.0,4.002953001604896,3.5937652194358876,False,False,False,False,False,False,False,False,NONE,NORMAL,False,False
1852.0,51.74229365800227,51.701512587925194,60.0,50.03748617890468,50.03748617890468,50.0,4.002998894312374,3.5951881935416536,False,False,False,False,False,False,False,False,NONE,NORMAL,False,False
1853.0,51.782937025265,51.74229365800227,60.0,50.03799364053759,50.03799364053759,50.0,4.003039491243007,3.5966058186157355,False,False,False,False,False,False,False,False,NONE,NORMAL,False,False
1854.0,51.82344269985361,51.782937025265,60.0,50.03843558814853,50.03843558814853,50.0,4.003074847051883,3.59801810116573,False,False,False,False,False,False,False,False,NONE,NORMAL,False,False
1855.0,51.86381069667085,51.82344269985361,60.0,50.03881270006066,50.03881270006066,50.0,4.003105016004853,3.5994250478324172,False,False,False,False,False,False,False,False,NONE,NORMAL,False,False
1856.0,51.90404103533016,51.86381069667085,60.0,50.03912564976006,50.03912564976006,50.0,4.003130051980805,3.6008266653877845,False,False,False,False,False,False,False,False,NONE,NORMAL,False,False
1857.0,51.94413374010425,51.90404103533016,60.0,50.03937510592411,50.03937510592411,50.0,4.003150008473929,3.602222960733072,False,False,False,False,False,False,False,False,NONE,NORMAL,False,False
1858.0,51.984088839874154,51.94413374010425,60.0,50.0395617324495,50.0395617324495,50.0,4.00316493859596,3.603613940896841,False,False,False,False,False,False,False,False,NONE,NORMAL,False,False
1859.0,52.023906368078684,51.984088839874154,60.0,50.039686188480225,50.039686188480225,50.0,4.003174895078418,3.6049996130330637,False,False,False,False,False,False,False,False,NONE,NORMAL,False,False
1860.0,52.063586362664246,52.023906368078684,60.0,50.039749128435304,50.039749128435304,50.0,4.0031799302748245,3.6063799844192337,False,False,False,False,False,False,False,False,NONE,NORMAL,False,False
1861.0,52.1031288660351,52.063586362664246,60.0,50.03975120203641,50.03975120203641,50.0,4.003180096162913,3.6077550624544985,False,False,False,False,False,False,False,False,NONE,NORMAL,False,False
1862.0,52.14253392500401,52.1031288660351,60.0,50.03969305433539,50.03969305433539,50.0,4.003175444346831,3.6091248546578125,False,False,False,False,False,False,False,False,NONE,NORMAL,False,False
1863.0,52.181801590743326,52.14253392500401,60.0,50.03957532574146,50.03957532574146,50.0,4.003166026059317,3.6104893686661095,False,False,False,False,False,False,False,False,NONE,NORMAL,False,False
1864.0,52.220931918736454,52.181801590743326,60.0,50.03939865204843,50.03939865204843,50.0,4.003151892163874,3.6118486122324995,False,False,False,False,False,False,False,False,NONE,NORMAL,False,False
1865.0,52.2599249687297,52.220931918736454,60.0,50.03916366446162,50.03916366446162,50.0,4.003133093156929,3.613202593224481,False,False,False,False,False,False,False,False,NONE,NORMAL,False,False
1866.0,52.298780804684476,52.2599249687297,60.0,50.038870989624726,50.038870989624726,50.0,4.003109679169978,3.6145513196221772,False,False,False,False,False,False,False,False,NONE,NORMAL,False,False
1867.0,52.33749949472999,52.298780804684476,60.0,50.03852124964653,50.03852124964653,50.0,4.003081699971722,3.6158947995165898,False,False,False,False,False,False,False,False,NONE,NORMAL,False,False
1868.0,52.37608111111622,52.33749949472999,60.0,50.03811506212737,50.03811506212737,50.0,4.003049204970189,3.6172330411078715,False,False,False,False,False,False,False,False,NONE,NORMAL,False,False
1869.0,52.41452573016734,52.37608111111622,60.0,50.037653040185546,50.037653040185546,50.0,4.003012243214844,3.6185660527036196,False,False,False,False,False,False,False,False,NONE,NORMAL,False,False
1870.0,52.452833432235494,52.41452573016734,60.0,50.03713579248359,50.03713579248359,50.0,4.002970863398687,3.6198938427171914,False,False,False,False,False,False,False,False,NONE,NORMAL,False,False
1871.0,52.49100430165492,52.452833432235494,60.0,50.03656392325426,50.03656392325426,50.0,4.002925113860341,3.6212164196660317,False,False,False,False,False,False,False,False,NONE,NORMAL,False,False
1872.0,52.52903842669653,52.49100430165492,60.0,50.03593803232656,50.03593803232656,50.0,4.002875042586125,3.6225337921700236,False,False,False,False,False,False,False,False,NONE,NORMAL,False,False
1873.0,52.56693589952276,52.52903842669653,60.0,50.035258715151464,50.035258715151464,50.0,4.002820697212117,3.6238459689498574,False,False,False,False,False,False,False,False,NONE,NORMAL,False,False
1874.0,52.60469681614285,52.56693589952276,60.0,50.03452656282762,50.03452656282762,50.0,4.0027621250262095,3.625152958825419,False,False,False,False,False,False,False,False,NONE,NORMAL,False,False
1875.0,52.64232127636844,52.60469681614285,60.0,50.03374216212682,50.03374216212682,50.0,4.002699372970145,3.62645477071419,False,False,False,False,False,False,False,False,NONE,NORMAL,False,False
1876.0,52.67980938376964,52.64232127636844,60.0,50.03290609551938,50.03290609551938,50.0,4.00263248764155,3.627751413629676,False,False,False,False,False,False,False,False,NONE,NORMAL,False,False
1877.0,52.71716124563125,52.67980938376964,60.0,50.03201894119934,50.03201894119934,50.0,4.002561515295947,3.629042896679841,False,False,False,False,False,False,False,False,NONE,NORMAL,False,False
1878.0,52.75437697290957,52.71716124563125,60.0,50.031081273109564,50.031081273109564,50.0,4.002486501848765,3.6303292290655698,False,False,False,False,False,False,False,False,NONE,NORMAL,False,False
1879.0,52.79145668018938,52.75437697290957,60.0,50.030093660966706,50.030093660966706,50.0,4.002407492877336,3.6316104200791406,False,False,False,False,False,False,False,False,NONE,NORMAL,False,False
1880.0,52.82840048564139,52.79145668018938,60.0,50.02905667028595,50.02905667028595,50.0,4.002324533622875,3.6328864791027184,False,False,False,False,False,False,False,False,NONE,NORMAL,False,False
1881.0,52.86520851097995,52.82840048564139,60.0,50.02797086240572,50.02797086240572,50.0,4.002237668992458,3.6341574156068623,False,False,False,False,False,False,False,False,NONE,NORMAL,False,False
1882.0,52.901880881421135,52.86520851097995,60.0,50.02683679451226,50.02683679451226,50.0,4.002146943560981,3.635423239149052,False,False,False,False,False,False,False,False,NONE,NORMAL,False,False
1883.0,52.93841772564123,52.901880881421135,60.0,50.025655019663965,50.025655019663965,50.0,4.002052401573117,3.6366839593722307,False,False,False,False,False,False,False,False,NONE,NORMAL,False,False
1884.0,52.97481917573541,52.93841772564123,60.0,50.024426086815666,50.024426086815666,50.0,4.001954086945253,3.6379395860033616,False,False,False,False,False,False,False,False,NONE,NORMAL,False,False
1885.0,53.011085367176946,52.97481917573541,60.0,50.023150540842806,50.023150540842806,50.0,4.001852043267425,3.639190128852002,False,False,False,False,False,False,False,False,NONE,NORMAL,False,False
1886.0,53.047216438776566,53.011085367176946,60.0,50.02182892256538,50.02182892256538,50.0,4.0017463138052305,3.6404355978088994,False,False,False,False,False,False,False,False,NONE,NORMAL,False,False
1887.0,53.083212532642285,53.047216438776566,60.0,50.02046176877188,50.02046176877188,50.0,4.001636941501751,3.641676002844589,False,False,False,False,False,False,False,False,NONE,NORMAL,False,False
1888.0,53.119073794139425,53.083212532642285,60.0,50.01904961224295,50.01904961224295,50.0,4.001523968979436,3.6429113540080236,False,False,False,False,False,False,False,False,NONE,NORMAL,False,False
1889.0,53.15480037185111,53.119073794139425,60.0,50.01759298177511,50.01759298177511,50.0,4.001407438542008,3.6441416614252056,False,False,False,False,False,False,False,False,NONE,NORMAL,False,False
1890.0,53.190392417538966,53.15480037185111,60.0,50.01609240220417,50.01609240220417,50.0,4.001287392176334,3.645366935297841,False,False,False,False,False,False,False,False,NONE,NORMAL,False,False
1891.0,53.225850086104195,53.190392417538966,60.0,50.01454839442862,50.01454839442862,50.0,4.00116387155429,3.64658718590201,False,False,False,False,False,False,False,False,NONE,NORMAL,False,False
1892.0,53.26117353554897,53.225850086104195,60.0,50.012961475432874,50.012961475432874,50.0,4.00103691803463,3.6478024235868434,False,False,False,False,False,False,False,False,NONE,NORMAL,False,False
1893.0,53.29636292693812,53.26117353554897,60.0,50.01133215831035,50.01133215831035,50.0,4.000906572664828,3.6490126587732252,False,False,False,False,False,False,False,False,NONE,NORMAL,False,False
1894.0,53.33141842436115,53.29636292693812,60.0,50.00966095228651,50.00966095228651,50.0,4.00077287618292,3.6502179019525025,False,False,False,False,False,False,False,False,NONE,NORMAL,False,False
1895.0,53.36634019489457,53.33141842436115,60.0,50.00794836274167,50.00794836274167,50.0,4.000635869019334,3.651418163685212,False,False,False,False,False,False,False,False,NONE,NORMAL,False,False
1896.0,53.40112840856446,53.36634019489457,60.0,50.00619489123379,50.00619489123379,50.0,4.000495591298703,3.6526134545998215,False,False,False,False,False,False,False,False,NONE,NORMAL,False,False
1897.0,53.435783238309476,53.40112840856446,60.0,50.00440103552107,50.00440103552107,50.0,4.000352082841686,3.6538037853914807,False,False,False,False,False,False,False,False,NONE,NORMAL,False,False
1898.0,53.47030485994407,53.435783238309476,60.0,50.002567289584505,50.002567289584505,50.0,4.000205383166761,3.654989166820795,False,False,False,False,False,False,False,False,NONE,NORMAL,False,False
1899.0,53.50469345212201,53.47030485994407,60.0,50.00069414365019,50.00069414365019,50.0,4.000055531492015,3.6561696097126046,False,False,False,False,False,False,False,False,NONE,NORMAL,False,False
1900.0,53.53894919630022,53.50469345212201,60.0,49.99878208421164,49.99878208421164,50.0,3.9999025667369312,3.657345124954781,False,False,False,False,False,False,False,False,NONE,NORMAL,False,False
1901.0,53.57307227670292,53.53894919630022,60.0,49.99683159405193,49.99683159405193,50.0,3.9997465275241546,3.658515723497038,False,False,False,False,False,False,False,False,NONE,NORMAL,False,False
1902.0,53.60706288028607,53.57307227670292,60.0,49.99484315226572,49.99484315226572,50.0,3.9995874521812578,3.659681416349753,False,False,False,False,False,False,False,False,NONE,NORMAL,False,False
1903.0,53.64092119670204,53.60706288028607,60.0,49.99281723428114,49.99281723428114,50.0,3.999425378742491,3.6608422145828023,False,False,False,False,False,False,False,False,NONE,NORMAL,False,False
1904.0,53.67464741826464,53.64092119670204,60.0,49.990754311881666,49.990754311881666,50.0,3.9992603449505335,3.661998129324414,False,False,False,False,False,False,False,False,NONE,NORMAL,False,False
1905.0,53.70824173991446,53.67464741826464,60.0,49.988654853227736,49.988654853227736,50.0,3.999092388258219,3.6631491717600255,False,False,False,False,False,False,False,False,NONE,NORMAL,False,False
1906.0,53.741704359184375,53.70824173991446,60.0,49.986519322878344,49.986519322878344,50.0,3.9989215458302674,3.664295353131161,False,False,False,False,False,False,False,False,NONE,NORMAL,False,False
1907.0,53.77503547616544,53.741704359184375,60.0,49.98434818181251,49.98434818181251,50.0,3.9987478545450004,3.665436684734316,False,False,False,False,False,False,False,False,NONE,NORMAL,False,False
1908.0,53.80823529347306,53.77503547616544,60.0,49.98214188745062,49.98214188745062,50.0,3.998571350996049,3.666573177919863,False,False,False,False,False,False,False,False,NONE,NORMAL,False,False
1909.0,53.84130401621338,53.80823529347306,60.0,49.979900893675634,49.979900893675634,50.0,3.9983920714940506,3.667704844090956,False,False,False,False,False,False,False,False,NONE,NORMAL,False,False
1910.0,53.874241851949954,53.84130401621338,60.0,49.97762565085424,49.97762565085424,50.0,3.9982100520683392,3.6688316947024626,False,False,False,False,False,False,False,False,NONE,NORMAL,False,False
1911.0,53.90704901067084,53.874241851949954,60.0,49.97531660585792,49.97531660585792,50.0,3.998025328468634,3.669953741259894,False,False,False,False,False,False,False,False,NONE,NORMAL,False,False
1912.0,53.93972570475567,53.90704901067084,60.0,49.97297420208368,49.97297420208368,50.0,3.997837936166694,3.671070995318357,False,False,False,False,False,False,False,False,NONE,NORMAL,False,False
1913.0,53.972272148943325,53.93972570475567,60.0,49.97059887947507,49.97059887947507,50.0,3.9976479103580056,3.6721834684815136,False,False,False,False,False,False,False,False,NONE,NORMAL,False,False
1914.0,54.00468856029962,53.972272148943325,60.0,49.968191074542695,49.968191074542695,50.0,3.9974552859634156,3.6732911724005533,False,False,False,False,False,False,False,False,NONE,NORMAL,False,False
1915.0,54.036975158185385,54.00468856029962,60.0,49.96575122038491,49.96575122038491,50.0,3.9972600976307926,3.674394118773176,False,False,False,False,False,False,False,False,NONE,NORMAL,False,False
1916.0,54.06913216422479,54.036975158185385,60.0,49.96327974670822,49.96327974670822,50.0,3.9970623797366573,3.6754923193425864,False,False,False,False,False,False,False,False,NONE,NORMAL,False,False
1917.0,54.101159802273926,54.06913216422479,60.0,49.96077707984769,49.96077707984769,50.0,3.996862166387815,3.676585785896502,False,False,False,False,False,False,False,False,NONE,NORMAL,False,False
1918.0,54.1330582983896,54.101159802273926,60.0,49.95824364278718,49.95824364278718,50.0,3.9966594914229745,3.6776745302661684,False,False,False,False,False,False,False,False,NONE,NORMAL,False,False
1919.0,54.16482788079849,54.1330582983896,60.0,49.95567985517956,49.95567985517956,50.0,3.996454388414365,3.6787585643253893,False,False,False,False,False,False,False,False,NONE,NORMAL,False,False
1920.0,54.19646877986646,54.16482788079849,60.0,49.953086133366675,49.953086133366675,50.0,3.996246890669334,3.6798378999895665,False,False,False,False,False,False,False,False,NONE,NORMAL,False,False
1921.0,54.22798122806818,54.19646877986646,60.0,49.95046289039937,49.95046289039937,50.0,3.9960370312319498,3.680912549214748,False,False,False,False,False,False,False,False,NONE,NORMAL,False,False
1922.0,54.25936545995697,54.22798122806818,60.0,49.94781053605731,49.94781053605731,50.0,3.995824842884585,3.6819825239966915,False,False,False,False,False,False,False,False,NONE,NORMAL,False,False
1923.0,54.290621712134936,54.25936545995697,60.0,49.945129476868736,49.945129476868736,50.0,3.995610358149499,3.6830478363699326,False,False,False,False,False,False,False,False,NONE,NORMAL,False,False
1924.0,54.32175022322328,54.290621712134936,60.0,49.942420116130094,49.942420116130094,50.0,3.9953936092904074,3.6841084984068715,False,False,False,False,False,False,False,False,NONE,NORMAL,False,False
1925.0,54.352751233833,54.32175022322328,60.0,49.93968285392563,49.93968285392563,50.0,3.9951746283140506,3.6851645222168603,False,False,False,False,False,False,False,False,NONE,NORMAL,False,False
1926.0,54.38362498653564,54.352751233833,60.0,49.93691808714675,49.93691808714675,50.0,3.9949534469717403,3.6862159199453104,False,False,False,False,False,False,False,False,NONE,NORMAL,False,False
1927.0,54.41437172583446,54.38362498653564,60.0,49.93412620951143,49.93412620951143,50.0,3.9947300967609145,3.6872627037728014,False,False,False,False,False,False,False,False,NONE,NORMAL,False,False
1928.0,54.4449916981357,54.41437172583446,60.0,49.93130761158344,49.93130761158344,50.0,3.9945046089266754,3.688304885914207,False,False,False,False,False,False,False,False,NONE,NORMAL,False,False
1929.0,54.47548515172025,54.4449916981357,60.0,49.92846268079152,49.92846268079152,50.0,3.9942770144633215,3.689342478617826,False,False,False,False,False,False,False,False,NONE,NORMAL,False,False
1930.0,54.505852336715385,54.47548515172025,60.0,49.92559180144836,49.92559180144836,50.0,3.994047344115869,3.690375494164525,False,False,False,False,False,False,False,False,NONE,NORMAL,False,False
1931.0,54.53609350506685,54.505852336715385,60.0,49.92269535476965,49.92269535476965,50.0,3.9938156283815722,3.691403944866891,False,False,False,False,False,False,False,False,NONE,NORMAL,False,False
1932.0,54.56620891051115,54.53609350506685,60.0,49.919773718892856,49.919773718892856,50.0,3.9935818975114286,3.692427843068394,False,False,False,False,False,False,False,False,NONE,NORMAL,False,False
1933.0,54.59619880854806,54.56620891051115,60.0,49.91682726889599,49.91682726889599,50.0,3.9933461815116793,3.6934472011425568,False,False,False,False,False,False,False,False,NONE,NORMAL,False,False
1934.0,54.62606345641338,54.59619880854806,60.0,49.91385637681635,49.91385637681635,50.0,3.9931085101453077,3.694462031492138,False,False,False,False,False,False,False,False,NONE,NORMAL,False,False
1935.0,54.6558031130519,54.62606345641338,60.0,49.91086141166897,49.91086141166897,50.0,3.9928689129335173,3.6954723465483195,False,False,False,False,False,False,False,False,NONE,NORMAL,False,False
1936.0,54.68541803909063,54.6558031130519,60.0,49.90784273946518,49.90784273946518,50.0,3.9926274191572144,3.696478158769909,False,False,False,False,False,False,False,False,NONE,NORMAL,False,False
1937.0,54.71490849681221,54.68541803909063,60.0,49.904800723231,49.904800723231,50.0,3.9923840578584797,3.697479480642544,False,False,False,False,False,False,False,False,NONE,NORMAL,False,False
1938.0,54.74427475012862,54.71490849681221,60.0,49.90173572302537,49.90173572302537,50.0,3.9921388578420296,3.698476324677914,False,False,False,False,False,False,False,False,NONE,NORMAL,False,False
1939.0,54.773517064555,54.74427475012862,60.0,49.898648095958315,49.898648095958315,50.0,3.991891847676665,3.699468703412985,False,False,False,False,False,False,False,False,NONE,NORMAL,False,False
1940.0,54.802635707183754,54.773517064555,60.0,49.89553819620915,49.89553819620915,50.0,3.9916430556967324,3.700456629409234,False,False,False,False,False,False,False,False,NONE,NORMAL,False,False
1941.0,54.831630946658926,54.802635707183754,60.0,49.89240637504449,49.89240637504449,50.0,3.9913925100035588,3.7014401152518914,False,False,False,False,False,False,False,False,NONE,NORMAL,False,False
1942.0,54.86050305315069,54.831630946658926,60.0,49.88925298083602,49.88925298083602,50.0,3.9911402384668815,3.7024191735491985,False,False,False,False,False,False,False,False,NONE,NORMAL,False,False
1943.0,54.889252298330135,54.86050305315069,60.0,49.8860783590785,49.8860783590785,50.0,3.99088626872628,3.7033938169316634,False,False,False,False,False,False,False,False,NONE,NORMAL,False,False
1944.0,54.91787895534426,54.889252298330135,60.0,49.882882852407405,49.882882852407405,50.0,3.9906306281925925,3.704364058051332,False,False,False,False,False,False,False,False,NONE,NORMAL,False,False
1945.0,54.946383298791076,54.91787895534426,60.0,49.87966680061656,49.87966680061656,50.0,3.990373344049325,3.7053299095810703,False,False,False,False,False,False,False,False,NONE,NORMAL,False,False
1946.0,54.974765604695094,54.946383298791076,60.0,49.876430540675784,49.876430540675784,50.0,3.990114443254063,3.706291384213844,False,False,False,False,False,False,False,False,NONE,NORMAL,False,False
1947.0,55.00302615048288,54.974765604695094,60.0,49.8731744067483,49.8731744067483,50.0,3.989853952539864,3.707248494662015,False,False,False,False,False,False,False,False,NONE,NORMAL,False,False
1948.0,55.031165214958875,55.00302615048288,60.0,49.86989873020809,49.86989873020809,50.0,3.989591898416647,3.708201253656646,False,False,False,False,False,False,False,False,NONE,NORMAL,False,False
1949.0,55.05918307828146,55.031165214958875,60.0,49.8666038396573,49.8666038396573,50.0,3.9893283071725842,3.7091496739468086,False,False,False,False,False,False,False,False,NONE,NORMAL,False,False
1950.0,55.08708002193911,55.05918307828146,60.0,49.863290060943314,49.863290060943314,50.0,3.9890632048754653,3.710093768298904,False,False,False,False,False,False,False,False,NONE,NORMAL,False,False
1951.0,55.11485632872692,55.08708002193911,60.0,49.85995771717596,49.85995771717596,50.0,3.9887966173740765,3.711033549495986,False,False,False,False,False,False,False,False,NONE,NORMAL,False,False
1952.0,55.14251228272317,55.11485632872692,60.0,49.856607128744514,49.856607128744514,50.0,3.988528570299561,3.711969030337097,False,False,False,False,False,False,False,False,NONE,NORMAL,False,False
1953.0,55.17004816926618,55.14251228272317,60.0,49.853238613334646,49.853238613334646,50.0,3.9882590890667715,3.7129002236366104,False,False,False,False,False,False,False,False,NONE,NORMAL,False,False
1954.0,55.197464274931384,55.17004816926618,60.0,49.849852485945306,49.849852485945306,50.0,3.9879881988756245,3.7138271422235776,False,False,False,False,False,False,False,False,NONE,NORMAL,False,False
1955.0,55.22476088750853,55.197464274931384,60.0,49.84644905890544,49.84644905890544,50.0,3.987715924712435,3.714749798941087,False,False,False,False,False,False,False,False,NONE,NORMAL,False,False
1956.0,55.25193829597909,55.22476088750853,60.0,49.84302864189076,49.84302864189076,50.0,3.987442291351261,3.715668206645627,False,False,False,False,False,False,False,False,NONE,NORMAL,False,False
1957.0,55.27899679049396,55.25193829597909,60.0,49.8395915419403,49.8395915419403,50.0,3.9871673233552243,3.7165823782064584,False,False,False,False,False,False,False,False,NONE,NORMAL,False,False
1958.0,55.30593666235124,55.27899679049396,60.0,49.83613806347296,49.83613806347296,50.0,3.9868910450778365,3.717492326504991,False,False,False,False,False,False,False,False,NONE,NORMAL,False,False
1959.0,55.33275820397425,55.30593666235124,60.0,49.832668508303925,49.832668508303925,50.0,3.986613480664314,3.7183980644341736,False,False,False,False,False,False,False,False,NONE,NORMAL,False,False
1960.0,55.35946170888975,55.33275820397425,60.0,49.82918317566104,49.82918317566104,50.0,3.9863346540528837,3.719299604897885,False,False,False,False,False,False,False,False,NONE,NORMAL,False,False
1961.0,55.38604747170632,55.35946170888975,60.0,49.8256823622011,49.8256823622011,50.0,3.986054588976088,3.7201969608103322,False,False,False,False,False,False,False,False,NONE,NORMAL,False,False
1962.0,55.412515788092975,55.38604747170632,60.0,49.822166362025996,49.822166362025996,50.0,3.9857733089620795,3.7210901450954643,False,False,False,False,False,False,False,False,NONE,NORMAL,False,False
1963.0,55.43886695475793,55.412515788092975,60.0,49.81863546669887,49.81863546669887,50.0,3.98549083733591,3.721979170686376,False,False,False,False,False,False,False,False,NONE,NORMAL,False,False
1964.0,55.46510126942753,55.43886695475793,60.0,49.815089965260135,49.815089965260135,50.0,3.9852071972208107,3.7228640505247412,False,False,False,False,False,False,False,False,NONE,NORMAL,False,False
1965.0,55.491219030825455,55.46510126942753,60.0,49.811530144243406,49.811530144243406,50.0,3.9849224115394724,3.7237447975602307,False,False,False,False,False,False,False,False,NONE,NORMAL,False,False
1966.0,55.517220538652,55.491219030825455,60.0,49.80795628769135,49.80795628769135,50.0,3.9846365030153077,3.724621424749952,False,False,False,False,False,False,False,False,NONE,NORMAL,False,False
1967.0,55.54310609356359,55.517220538652,60.0,49.804368677171546,49.804368677171546,50.0,3.9843494941737236,3.72549394505789,False,False,False,False,False,False,False,False,NONE,NORMAL,False,False
1968.0,55.56887599715249,55.54310609356359,60.0,49.80076759179214,49.80076759179214,50.0,3.984061407343371,3.7263623714543517,False,False,False,False,False,False,False,False,NONE,NORMAL,False,False
1969.0,55.5945305519267,55.56887599715249,60.0,49.79715330821747,49.79715330821747,50.0,3.9837722646573974,3.727226716915423,False,False,False,False,False,False,False,False,NONE,NORMAL,False,False
1970.0,55.62007006128994,55.5945305519267,60.0,49.79352610068362,49.79352610068362,50.0,3.9834820880546897,3.728086994422431,False,False,False,False,False,False,False,False,NONE,NORMAL,False,False
1971.0,55.645494829521915,55.62007006128994,60.0,49.78988624101394,49.78988624101394,50.0,3.983190899281115,3.7289432169614067,False,False,False,False,False,False,False,False,NONE,NORMAL,False,False
1972.0,55.67080516175873,55.645494829521915,60.0,49.78623399863435,49.78623399863435,50.0,3.982898719890748,3.7297953975225613,False,False,False,False,False,False,False,False,NONE,NORMAL,False,False
1973.0,55.69600136397346,55.67080516175873,60.0,49.78256964058874,49.78256964058874,50.0,3.9826055712470994,3.730643549099764,False,False,False,False,False,False,False,False,NONE,NORMAL,False,False
1974.0,55.72108374295689,55.69600136397346,60.0,49.77889343155415,49.77889343155415,50.0,3.982311474524332,3.7314876846900304,False,False,False,False,False,False,False,False,NONE,NORMAL,False,False
1975.0,55.746052606298434,55.72108374295689,60.0,49.775205633855926,49.775205633855926,50.0,3.982016450708474,3.7323278172930126,False,False,False,False,False,False,False,False,NONE,NORMAL,False,False
1976.0,55.77090826236726,55.746052606298434,60.0,49.77150650748289,49.77150650748289,50.0,3.981720520598631,3.733163959910495,False,False,False,False,False,False,False,False,NONE,NORMAL,False,False
1977.0,55.79565102029348,55.77090826236726,60.0,49.767796310102234,49.767796310102234,50.0,3.981423704808179,3.733996125545903,False,False,False,False,False,False,False,False,NONE,NORMAL,False,False
1978.0,55.82028118994968,55.79565102029348,60.0,49.76407529707455,49.76407529707455,50.0,3.981126023765964,3.7348243272038073,False,False,False,False,False,False,False,False,NONE,NORMAL,False,False
1979.0,55.84479908193249,55.82028118994968,60.0,49.760343721468594,49.760343721468594,50.0,3.9808274977174873,3.7356485778894433,False,False,False,False,False,False,False,False,NONE,NORMAL,False,False
1980.0,55.869205007544274,55.84479908193249,60.0,49.756601834076115,49.756601834076115,50.0,3.980528146726089,3.7364688906082333,False,False,False,False,False,False,False,False,NONE,NORMAL,False,False
1981.0,55.89349927877515,55.869205007544274,60.0,49.75284988342661,49.75284988342661,50.0,3.980227990674129,3.7372852783653094,False,False,False,False,False,False,False,False,NONE,NORMAL,False,False
1982.0,55.91768220828507,55.89349927877515,60.0,49.74908811580186,49.74908811580186,50.0,3.9799270492641488,3.7380977541650493,False,False,False,False,False,False,False,False,NONE,NORMAL,False,False
1983.0,55.94175410938601,55.91768220828507,60.0,49.74531677525052,49.74531677525052,50.0,3.9796253420200416,3.7389063310106163,False,False,False,False,False,False,False,False,NONE,NORMAL,False,False
1984.0,55.965715296024484,55.94175410938601,60.0,49.74153610360265,49.74153610360265,50.0,3.9793228882882117,3.739711021903498,False,False,False,False,False,False,False,False,NONE,NORMAL,False,False
1985.0,55.98956608276405,55.965715296024484,60.0,49.73774634048405,49.73774634048405,50.0,3.979019707238724,3.740511839843061,False,False,False,False,False,False,False,False,NONE,NORMAL,False,False
1986.0,56.01330678476809,55.98956608276405,60.0,49.733947723330665,49.733947723330665,50.0,3.978715817866453,3.741308797826105,False,False,False,False,False,False,False,False,NONE,NORMAL,False,False
1987.0,56.03693771778268,56.01330678476809,60.0,49.73014048740279,49.73014048740279,50.0,3.9784112389922233,3.7421019088464202,False,False,False,False,False,False,False,False,NONE,NORMAL,False,False
1988.0,56.06045919811964,56.03693771778268,60.0,49.726324865799285,49.726324865799285,50.0,3.978105989263943,3.7428911858943574,False,False,False,False,False,False,False,False,NONE,NORMAL,False,False
1989.0,56.08387154263978,56.06045919811964,60.0,49.722501089471734,49.722501089471734,50.0,3.9778000871577386,3.743676641956395,False,False,False,False,False,False,False,False,NONE,NORMAL,False,False
1990.0,56.10717506873621,56.08387154263978,60.0,49.71866938723839,49.71866938723839,50.0,3.977493550979071,3.744458290014718,False,False,False,False,False,False,False,False,NONE,NORMAL,False,False
1991.0,56.130370094317925,56.10717506873621,60.0,49.714829985798275,49.714829985798275,50.0,3.977186398863862,3.7452361430467977,False,False,False,False,False,False,False,False,NONE,NORMAL,False,False
1992.0,56.153456937793386,56.130370094317925,60.0,49.71098310974497,49.71098310974497,50.0,3.9768786487795977,3.746010214024981,False,False,False,False,False,False,False,False,NONE,NORMAL,False,False
1993.0,56.17643591805442,56.153456937793386,60.0,49.707128981580546,49.707128981580546,50.0,3.9765703185264436,3.746780515916077,False,False,False,False,False,False,False,False,NONE,NORMAL,False,False
1994.0,56.19930735446016,56.17643591805442,60.0,49.70326782172924,49.70326782172924,50.0,3.9762614257383393,3.7475470616809616,False,False,False,False,False,False,False,False,NONE,NORMAL,False,False
1995.0,56.22207156682115,56.19930735446016,60.0,49.6993998485512,49.6993998485512,50.0,3.975951987884096,3.748309864274169,False,False,False,False,False,False,False,False,NONE,NORMAL,False,False
1996.0,56.24472887538364,56.22207156682115,60.0,49.69552527835611,49.69552527835611,50.0,3.9756420222684885,3.749068936643509,False,False,False,False,False,False,False,False,NONE,NORMAL,False,False
1997.0,56.267279600814,56.24472887538364,60.0,49.6916443254167,49.6916443254167,50.0,3.9753315460333365,3.7498242917296687,False,False,False,False,False,False,False,False,NONE,NORMAL,False,False
1998.0,56.289724064183275,56.267279600814,60.0,49.68775720198228,49.68775720198228,50.0,3.9750205761585824,3.750575942465837,False,False,False,False,False,False,False,False,NONE,NORMAL,False,False
1999.0,56.312062586951896,56.289724064183275,60.0,49.683864118292085,49.683864118292085,50.0,3.974709129463367,3.7513239017773206,False,False,False,False,False,False,False,False,NONE,NORMAL,False,False
2000.0,56.33429549095449,56.312062586951896,60.0,49.679965282588704,49.679965282588704,50.0,3.9743972226070965,3.7520681825811715,False,False,False,False,False,False,False,False,NONE,NORMAL,False,False
2001.0,56.35642309838496,56.33429549095449,60.0,49.676060901131336,49.676060901131336,50.0,3.974084872090507,3.752808797785816,False,False,False,False,False,False,False,False,NONE,NORMAL,False,False
2002.0,56.378445731781554,56.35642309838496,60.0,49.67215117820894,49.67215117820894,50.0,3.973772094256715,3.7535457602906934,False,False,False,False,False,False,False,False,NONE,NORMAL,False,False
2003.0,56.400363714012194,56.378445731781554,60.0,49.66823631615344,49.66823631615344,50.0,3.9734589052922753,3.754279082985892,False,False,False,False,False,False,False,False,NONE,NORMAL,False,False
2004.0,56.42217736825983,56.400363714012194,60.0,49.66431651535274,49.66431651535274,50.0,3.973145321228219,3.7550087787517947,False,False,False,False,False,False,False,False,NONE,NORMAL,False,False
2005.0,56.44388701800806,56.42217736825983,60.0,49.6603919742638,49.6603919742638,50.0,3.972831357941104,3.7557348604587304,False,False,False,False,False,False,False,False,NONE,NORMAL,False,False
2006.0,56.4654929870268,56.44388701800806,60.0,49.65646288942553,49.65646288942553,50.0,3.9725170311540428,3.756457340966621,False,False,False,False,False,False,False,False,NONE,NORMAL,False,False
2007.0,56.48699559935812,56.4654929870268,60.0,49.65252945547166,49.65252945547166,50.0,3.9722023564377325,3.7571762331246457,False,False,False,False,False,False,False,False,NONE,NORMAL,False,False
2008.0,56.50839517930217,56.48699559935812,60.0,49.64859186514355,49.64859186514355,50.0,3.971887349211484,3.757891549770899,False,False,False,False,False,False,False,False,NONE,NORMAL,False,False
2009.0,56.52969205140339,56.50839517930217,60.0,49.64465030930299,49.64465030930299,50.0,3.971572024744239,3.758603303732058,False,False,False,False,False,False,False,False,NONE,NORMAL,False,False
2010.0,56.55088654043665,56.52969205140339,60.0,49.640704976944754,49.640704976944754,50.0,3.9712563981555804,3.759311507823054,False,False,False,False,False,False,False,False,NONE,NORMAL,False,False
2011.0,56.571978971393655,56.55088654043665,60.0,49.63675605520931,49.63675605520931,50.0,3.970940484416745,3.760016174846747,False,False,False,False,False,False,False,False,NONE,NORMAL,False,False
2012.0,56.592969669469454,56.571978971393655,60.0,49.632803729395334,49.632803729395334,50.0,3.970624298351627,3.7607173175936017,False,False,False,False,False,False,False,False,NONE,NORMAL,False,False
2013.0,56.61385896004909,56.592969669469454,60.0,49.62884818297219,49.62884818297219,50.0,3.9703078546377752,3.761414948841375,False,False,False,False,False,False,False,False,NONE,NORMAL,False,False
2014.0,56.63464716869435,56.61385896004909,60.0,49.62488959759231,49.62488959759231,50.0,3.9699911678073847,3.7621090813548017,False,False,False,False,False,False,False,False,NONE,NORMAL,False,False
2015.0,56.65533462113065,56.63464716869435,60.0,49.620928153103584,49.620928153103584,50.0,3.9696742522482866,3.7627997278852865,False,False,False,False,False,False,False,False,NONE,NORMAL,False,False
2016.0,56.67592164323408,56.65533462113065,60.0,49.61696402756163,49.61696402756163,50.0,3.96935712220493,3.7634869011705967,False,False,False,False,False,False,False,False,NONE,NORMAL,False,False
2017.0,56.696408561018565,56.67592164323408,60.0,49.61299739724202,49.61299739724202,50.0,3.9690397917793616,3.764170613934565,False,False,False,False,False,False,False,False,NONE,NORMAL,False,False
2018.0,56.7167957006231,56.696408561018565,60.0,49.60902843665245,49.60902843665245,50.0,3.968722274932196,3.764850878886791,False,False,False,False,False,False,False,False,NONE,NORMAL,False,False
2019.0,56.73708338829924,56.7167957006231,60.0,49.6050573185448,49.6050573185448,50.0,3.9684045854835843,3.7655277087223475,False,False,False,False,False,False,False,False,NONE,NORMAL,False,False
2020.0,56.75727195039851,56.73708338829924,60.0,49.601084213927166,49.601084213927166,50.0,3.9680867371141733,3.766201116121497,False,False,False,False,False,False,False,False,NONE,NORMAL,False,False
2021.0,56.77736171336017,56.75727195039851,60.0,49.5971092920759,49.5971092920759,50.0,3.9677687433660718,3.7668711137493975,False,False,False,False,False,False,False,False,NONE,NORMAL,False,False
2022.0,56.79735300369897,56.77736171336017,60.0,49.59313272054744,49.59313272054744,50.0,3.967450617643795,3.7675377142558295,False,False,False,False,False,False,False,False,NONE,NORMAL,False,False
2023.0,56.81724614799302,56.79735300369897,60.0,49.58915466519014,49.58915466519014,50.0,3.967132373215211,3.768200930274916,False,False,False,False,False,False,False,False,NONE,NORMAL,False,False
2024.0,56.83704147287179,56.81724614799302,60.0,49.58517529015612,49.58517529015612,50.0,3.96681402321249,3.7688607744248466,False,False,False,False,False,False,False,False,NONE,NORMAL,False,False
2025.0,56.856739305004325,56.83704147287179,60.0,49.58119475791299,49.58119475791299,50.0,3.966495580633039,3.7695172593076087,False,False,False,False,False,False,False,False,NONE,NORMAL,False,False
2026.0,56.876339971087496,56.856739305004325,60.0,49.577213229255435,49.577213229255435,50.0,3.9661770583404348,3.7701703975087226,False,False,False,False,False,False,False,False,NONE,NORMAL,False,False
2027.0,56.89584379783433,56.876339971087496,60.0,49.57323086331682,49.57323086331682,50.0,3.965858469065346,3.7708202015969783,False,False,False,False,False,False,False,False,NONE,NORMAL,False,False
2028.0,56.91525111196255,56.89584379783433,60.0,49.569247817580816,49.569247817580816,50.0,3.965539825406465,3.7714666841241726,False,False,False,False,False,False,False,False,NONE,NORMAL,False,False
2029.0,56.934562240183205,56.91525111196255,60.0,49.56526424789279,49.56526424789279,50.0,3.9652211398314234,3.7721098576248595,False,False,False,False,False,False,False,False,NONE,NORMAL,False,False
2030.0,56.953777509189365,56.934562240183205,60.0,49.56128030847121,49.56128030847121,50.0,3.964902424677697,3.7727497346160934,False,False,False,False,False,False,False,False,NONE,NORMAL,False,False
2031.0,56.972897245645,56.953777509189365,60.0,49.55729615191911,49.55729615191911,50.0,3.964583692153529,3.7733863275971813,False,False,False,False,False,False,False,False,NONE,NORMAL,False,False
2032.0,56.991921776173946,56.972897245645,60.0,49.55331192923525,49.55331192923525,50.0,3.96426495433882,3.774019649049439,False,False,False,False,False,False,False,False,NONE,NORMAL,False,False
2033.0,57.01085142734895,56.991921776173946,60.0,49.54932778982543,49.54932778982543,50.0,3.9639462231860345,3.7746497114359485,False,False,False,False,False,False,False,False,NONE,NORMAL,False,False
2034.0,57.02968652568094,57.01085142734895,60.0,49.54534388151368,49.54534388151368,50.0,3.9636275105210945,3.775276527201317,False,False,False,False,False,False,False,False,NONE,NORMAL,False,False
2035.0,57.04842739760822,57.02968652568094,60.0,49.5413603505533,49.5413603505533,50.0,3.963308828044264,3.7759001087714483,False,False,False,False,False,False,False,False,NONE,NORMAL,False,False
2036.0,57.067074369485994,57.04842739760822,60.0,49.53737734163796,49.53737734163796,50.0,3.962990187331037,3.7765204685533025,False,False,False,False,False,False,False,False,NONE,NORMAL,False,False
2037.0,57.08562776757582,57.067074369485994,60.0,49.533394997912765,49.533394997912765,50.0,3.9626715998330213,3.777137618934674,False,False,False,False,False,False,False,False,NONE,NORMAL,False,False
2038.0,57.10408791803532,57.08562776757582,60.0,49.529413460985054,49.529413460985054,50.0,3.9623530768788044,3.777751572283963,False,False,False,False,False,False,False,False,NONE,NORMAL,False,False
2039.0,57.12245514690781,57.10408791803532,60.0,49.52543287093538,49.52543287093538,50.0,3.9620346296748306,3.778362340949956,False,False,False,False,False,False,False,False,NONE,NORMAL,False,False
2040.0,57.140729780112274,57.12245514690781,60.0,49.52145336632835,49.52145336632835,50.0,3.961716269306268,3.7789699372616017,False,False,False,False,False,False,False,False,NONE,NORMAL,False,False
2041.0,57.15891214343329,57.140729780112274,60.0,49.51747508422333,49.51747508422333,50.0,3.9613980067378662,3.779574373527801,False,False,False,False,False,False,False,False,NONE,NORMAL,False,False
2042.0,57.17700256251105,57.15891214343329,60.0,49.513498160185144,49.513498160185144,50.0,3.9610798528148115,3.7801756620371925,False,False,False,False,False,False,False,False,NONE,NORMAL,False,False
2043.0,57.19500136283161,57.17700256251105,60.0,49.509522728294826,49.509522728294826,50.0,3.960761818263586,3.780773815057939,False,False,False,False,False,False,False,False,NONE,NORMAL,False,False
2044.0,57.21290886971714,57.19500136283161,60.0,49.505548921160106,49.505548921160106,50.0,3.9604439136928082,3.7813688448375284,False,False,False,False,False,False,False,False,NONE,NORMAL,False,False
2045.0,57.23072540831629,57.21290886971714,60.0,49.50157686992599,49.50157686992599,50.0,3.960126149594079,3.781960763602563,False,False,False,False,False,False,False,False,NONE,NORMAL,False,False
2046.0,57.248451303594706,57.23072540831629,60.0,49.49760670428526,49.49760670428526,50.0,3.959808536342821,3.782549583558565,False,False,False,False,False,False,False,False,NONE,NORMAL,False,False
2047.0,57.26608688032564,57.248451303594706,60.0,49.49363855248887,49.49363855248887,50.0,3.9594910841991093,3.783135316889772,False,False,False,False,False,False,False,False,NONE,NORMAL,False,False
2048.0,57.28363246308058,57.26608688032564,60.0,49.48967254135631,49.48967254135631,50.0,3.959173803308505,3.7837179757589507,False,False,False,False,False,False,False,False,NONE,NORMAL,False,False
2049.0,57.30108837622014,57.28363246308058,60.0,49.48570879628597,49.48570879628597,50.0,3.9588567037028777,3.7842975723071968,False,False,False,False,False,False,False,False,NONE,NORMAL,False,False
2050.0,57.31845494388489,57.30108837622014,60.0,49.481747441265306,49.481747441265306,50.0,3.9585397953012245,3.7848741186537547,False,False,False,False,False,False,False,False,NONE,NORMAL,False,False
2051.0,57.335732489986356,57.31845494388489,60.0,49.47778859888114,49.47778859888114,50.0,3.958223087910491,3.7854476268958237,False,False,False,False,False,False,False,False,NONE,NORMAL,False,False
2052.0,57.35292133819816,57.335732489986356,60.0,49.47383239032974,49.47383239032974,50.0,3.9579065912263793,3.7860181091083795,False,False,False,False,False,False,False,False,NONE,NORMAL,False,False
2053.0,57.37002181194718,57.35292133819816,60.0,49.46987893542694,49.46987893542694,50.0,3.9575903148341554,3.7865855773439927,False,False,False,False,False,False,False,False,NONE,NORMAL,False,False
2054.0,57.387034234404865,57.37002181194718,60.0,49.465928352618185,49.465928352618185,50.0,3.9572742682094546,3.7871500436326517,False,False,False,False,False,False,False,False,NONE,NORMAL,False,False
2055.0,57.4039589284786,57.387034234404865,60.0,49.461980758988474,49.461980758988474,50.0,3.9569584607190778,3.7877115199815856,False,False,False,False,False,False,False,False,NONE,NORMAL,False,False
2056.0,57.42079621680327,57.4039589284786,60.0,49.458036270272345,49.458036270272345,50.0,3.9566429016217874,3.788270018375096,False,False,False,False,False,False,False,False,NONE,NORMAL,False,False
2057.0,57.43754642173274,57.42079621680327,60.0,49.45409500086366,49.45409500086366,50.0,3.956327600069093,3.7888255507743844,False,False,False,False,False,False,False,False,NONE,NORMAL,False,False
2058.0,57.4542098653316,57.43754642173274,60.0,49.45015706382553,49.45015706382553,50.0,3.9560125651060423,3.7893781291173867,False,False,False,False,False,False,False,False,NONE,NORMAL,False,False
2059.0,57.47078686936694,57.4542098653316,60.0,49.44622257090001,49.44622257090001,50.0,3.955697805672001,3.789927765318608,False,False,False,False,False,False,False,False,NONE,NORMAL,False,False
2060.0,57.48727775530019,57.47078686936694,60.0,49.442291632517836,49.442291632517836,50.0,3.955383330601427,3.790474471268964,False,False,False,False,False,False,False,False,NONE,NORMAL,False,False
2061.0,57.50368284427909,57.48727775530019,60.0,49.43836435780808,49.43836435780808,50.0,3.9550691486246463,3.791018258835619,False,False,False,False,False,False,False,False,NONE,NORMAL,False,False
2062.0,57.52000245712977,57.50368284427909,60.0,49.434440854607786,49.434440854607786,50.0,3.954755268368623,3.791559139861829,False,False,False,False,False,False,False,False,NONE,NORMAL,False,False
2063.0,57.53623691434886,57.52000245712977,60.0,49.43052122947146,49.43052122947146,50.0,3.9544416983577166,3.7920971261667917,False,False,False,False,False,False,False,False,NONE,NORMAL,False,False
2064.0,57.55238653609577,57.53623691434886,60.0,49.42660558768062,49.42660558768062,50.0,3.9541284470144493,3.792632229545493,False,False,False,False,False,False,False,False,NONE,NORMAL,False,False
2065.0,57.56845164218494,57.55238653609577,60.0,49.42269403325324,49.42269403325324,50.0,3.9538155226602587,3.7931644617685563,False,False,False,False,False,False,False,False,NONE,NORMAL,False,False
2066.0,57.58443255207835,57.56845164218494,60.0,49.41878666895314,49.41878666895314,50.0,3.9535029335162513,3.7936938345820996,False,False,False,False,False,False,False,False,NONE,NORMAL,False,False
2067.0,57.60032958487798,57.58443255207835,60.0,49.41488359629935,49.41488359629935,50.0,3.9531906877039478,3.794220359707589,False,False,False,False,False,False,False,False,NONE,NORMAL,False,False
2068.0,57.61614305931842,57.60032958487798,60.0,49.41098491557532,49.41098491557532,50.0,3.9528787932460254,3.7947440488416992,False,False,False,False,False,False,False,False,NONE,NORMAL,False,False
2069.0,57.631873293759504,57.61614305931842,60.0,49.407090725838295,49.407090725838295,50.0,3.9525672580670634,3.795264913656174,False,False,False,False,False,False,False,False,NONE,NORMAL,False,False
2070.0,57.64752060617917,57.631873293759504,60.0,49.40320112492841,49.40320112492841,50.0,3.9522560899942727,3.7957829657976863,False,False,False,False,False,False,False,False,NONE,NORMAL,False,False
2071.0,57.66308531416622,57.64752060617917,60.0,49.399316209477846,49.399316209477846,50.0,3.9519452967582276,3.796298216887708,False,False,False,False,False,False,False,False,NONE,NORMAL,False,False
2072.0,57.67856773491332,57.66308531416622,60.0,49.395436074919964,49.395436074919964,50.0,3.951634885993597,3.796810678522377,False,False,False,False,False,False,False,False,NONE,NORMAL,False,False
2073.0,57.693968185210075,57.67856773491332,60.0,49.391560815498295,49.391560815498295,50.0,3.9513248652398634,3.7973203622723655,False,False,False,False,False,False,False,False,NONE,NORMAL,False,False
2074.0,57.709286981436,57.693968185210075,60.0,49.38769052427549,49.38769052427549,50.0,3.9510152419420392,3.7978272796827555,False,False,False,False,False,False,False,False,NONE,NORMAL,False,False
2075.0,57.724524439553846,57.709286981436,60.0,49.38382529314238,49.38382529314238,50.0,3.9507060234513904,3.79833144227291,False,False,False,False,False,False,False,False,NONE,NORMAL,False,False
2076.0,57.73968087510283,57.724524439553846,60.0,49.37996521282676,49.37996521282676,50.0,3.9503972170261408,3.7988328615363507,False,False,False,False,False,False,False,False,NONE,NORMAL,False,False
2077.0,57.75475660319198,57.73968087510283,60.0,49.37611037290226,49.37611037290226,50.0,3.950088829832181,3.799331548940643,False,False,False,False,False,False,False,False,NONE,NORMAL,False,False
2078.0,57.76975193849363,57.75475660319198,60.0,49.37226086179715,49.37226086179715,50.0,3.949780868943772,3.799827515927268,False,False,False,False,False,False,False,False,NONE,NORMAL,False,False
2079.0,57.784667195236885,57.76975193849363,60.0,49.36841676680304,49.36841676680304,50.0,3.949473341344243,3.8003207739115137,False,False,False,False,False,False,False,False,NONE,NORMAL,False,False
2080.0,57.79950268720132,57.784667195236885,60.0,49.3645781740836,49.3645781740836,50.0,3.9491662539266876,3.800811334282356,False,False,False,False,False,False,False,False,NONE,NORMAL,False,False
2081.0,57.81425872771055,57.79950268720132,60.0,49.36074516868315,49.36074516868315,50.0,3.948859613494652,3.8012992084023494,False,False,False,False,False,False,False,False,NONE,NORMAL,False,False
2082.0,57.82893562962607,57.81425872771055,60.0,49.356917834535366,49.356917834535366,50.0,3.9485534267628295,3.801784407607517,False,False,False,False,False,False,False,False,NONE,NORMAL,False,False
2083.0,57.84353370534112,57.82893562962607,60.0,49.353096254471716,49.353096254471716,50.0,3.9482477003577374,3.802266943207239,False,False,False,False,False,False,False,False,NONE,NORMAL,False,False
2084.0,57.85805326677455,57.84353370534112,60.0,49.34928051022996,49.34928051022996,50.0,3.9479424408183967,3.802746826484151,False,False,False,False,False,False,False,False,NONE,NORMAL,False,False
2085.0,57.872494625364844,57.85805326677455,60.0,49.34547068246266,49.34547068246266,50.0,3.947637654597013,3.803224068694038,False,False,False,False,False,False,False,False,NONE,NORMAL,False,False
2086.0,57.88685809206423,57.872494625364844,60.0,49.34166685074554,49.34166685074554,50.0,3.9473333480596433,3.8036986810657347,False,False,False,False,False,False,False,False,NONE,NORMAL,False,False
2087.0,57.901143977332815,57.88685809206423,60.0,49.33786909358583,49.33786909358583,50.0,3.9470295274868663,3.8041706748010213,False,False,False,False,False,False,False,False,NONE,NORMAL,False,False
2088.0,57.915352591132816,57.901143977332815,60.0,49.33407748843058,49.33407748843058,50.0,3.946726199074446,3.8046400610745303,False,False,False,False,False,False,False,False,NONE,NORMAL,False,False
2089.0,57.929484242922854,57.915352591132816,60.0,49.330292111674915,49.330292111674915,50.0,3.9464233689339934,3.805106851033648,False,False,False,False,False,False,False,False,NONE,NORMAL,False,False
2090.0,57.943539241652374,57.929484242922854,60.0,49.326513038670264,49.326513038670264,50.0,3.946121043093621,3.805571055798422,False,False,False,False,False,False,False,False,NONE,NORMAL,False,False
2091.0,57.957517895756084,57.943539241652374,60.0,49.322740343732484,49.322740343732484,50.0,3.945819227498599,3.8060326864614673,False,False,False,False,False,False,False,False,NONE,NORMAL,False,False
2092.0,57.971420513148495,57.957517895756084,60.0,49.31897410014999,49.31897410014999,50.0,3.945517928011999,3.8064917540878795,False,False,False,False,False,False,False,False,NONE,NORMAL,False,False
2093.0,57.98524740121852,57.971420513148495,60.0,49.31521438019184,49.31521438019184,50.0,3.9452171504153473,3.8069482697151438,False,False,False,False,False,False,False,False,NONE,NORMAL,False,False
2094.0,57.99899886682414,57.98524740121852,60.0,49.31146125511572,49.31146125511572,50.0,3.9449169004092575,3.8074022443530486,False,False,False,False,False,False,False,False,NONE,NORMAL,False,False
2095.0,58.01267521628719,57.99899886682414,60.0,49.30771479517598,49.30771479517598,50.0,3.9446171836140786,3.8078536889836028,False,False,False,False,False,False,False,False,NONE,NORMAL,False,False
2096.0,58.02627675538815,58.01267521628719,60.0,49.30397506963149,49.30397506963149,50.0,3.944318005570519,3.808302614560954,False,False,False,False,False,False,False,False,NONE,NORMAL,False,False
2097.0,58.03980378936105,58.02627675538815,60.0,49.30024214675359,49.30024214675359,50.0,3.9440193717402874,3.808749032011303,False,False,False,False,False,False,False,False,NONE,NORMAL,False,False
2098.0,58.05325662288844,58.03980378936105,60.0,49.29651609383389,49.29651609383389,50.0,3.943721287506711,3.80919295223283,False,False,False,False,False,False,False,False,NONE,NORMAL,False,False
2099.0,58.066635560096415,58.05325662288844,60.0,49.292796977192054,49.292796977192054,50.0,3.9434237581753644,3.8096343860956146,False,False,False,False,False,False,False,False,NONE,NORMAL,False,False
2100.0,58.07994090454973,58.066635560096415,60.0,49.28908486218359,49.28908486218359,50.0,3.9431267889746873,3.8100733444415615,False,False,False,False,False,False,False,False,NONE,NORMAL,False,False
2101.0,58.093172959246964,58.07994090454973,60.0,49.28537981320753,49.28537981320753,50.0,3.942830385056602,3.8105098380843256,False,False,False,False,False,False,False,False,NONE,NORMAL,False,False
2102.0,58.10633202661576,58.093172959246964,60.0,49.281681893714065,49.281681893714065,50.0,3.942534551497125,3.810943877809242,False,False,False,False,False,False,False,False,NONE,NORMAL,False,False
2103.0,58.119418408508125,58.10633202661576,60.0,49.27799116621218,49.27799116621218,50.0,3.9422392932969745,3.811375474373253,False,False,False,False,False,False,False,False,NONE,NORMAL,False,False
2104.0,58.13243240619585,58.119418408508125,60.0,49.274307692277276,49.274307692277276,50.0,3.941944615382182,3.8118046385048427,False,False,False,False,False,False,False,False,NONE,NORMAL,False,False
2105.0,58.14537432036593,58.13243240619585,60.0,49.27063153255857,49.27063153255857,50.0,3.9416505226046854,3.8122313809039667,False,False,False,False,False,False,False,False,NONE,NORMAL,False,False
2106.0,58.158244451116026,58.14537432036593,60.0,49.26696274678666,49.26696274678666,50.0,3.9413570197429326,3.8126557122419906,False,False,False,False,False,False,False,False,NONE,NORMAL,False,False
2107.0,58.17104309795012,58.158244451116026,60.0,49.263301393780985,49.263301393780985,50.0,3.9410641115024787,3.8130776431616242,False,False,False,False,False,False,False,False,NONE,NORMAL,False,False
2108.0,58.183770559774096,58.17104309795012,60.0,49.25964753145715,49.25964753145715,50.0,3.9407718025165717,3.8134971842768586,False,False,False,False,False,False,False,False,NONE,NORMAL,False,False
2109.0,58.19642713489148,58.183770559774096,60.0,49.2560012168343,49.2560012168343,50.0,3.940480097346744,3.8139143461729086,False,False,False,False,False,False,False,False,NONE,NORMAL,False,False
2110.0,58.209013120999195,58.19642713489148,60.0,49.25236250604246,49.25236250604246,50.0,3.9401890004833966,3.8143291394061514,False,False,False,False,False,False,False,False,NONE,NORMAL,False,False
2111.0,58.22152881518342,58.209013120999195,60.0,49.24873145432975,49.24873145432975,50.0,3.93989851634638,3.8147415745040716,False,False,False,False,False,False,False,False,NONE,NORMAL,False,False
2112.0,58.23397451391546,58.22152881518342,60.0,49.24510811606961,49.24510811606961,50.0,3.9396086492855686,3.8151516619652037,False,False,False,False,False,False,False,False,NONE,NORMAL,False,False
2113.0,58.246350513047695,58.23397451391546,60.0,49.24149254476798,49.24149254476798,50.0,3.9393194035814383,3.8155594122590815,False,False,False,False,False,False,False,False,NONE,NORMAL,False,False
2114.0,58.25865710780964,58.246350513047695,60.0,49.23788479307051,49.23788479307051,50.0,3.939030783445641,3.81596483582618,False,False,False,False,False,False,False,False,NONE,NORMAL,False,False
2115.0,58.270894592804,58.25865710780964,60.0,49.23428491276952,49.23428491276952,50.0,3.9387427930215613,3.8163679430778696,False,False,False,False,False,False,False,False,NONE,NORMAL,False,False
2116.0,58.283063262002855,58.270894592804,60.0,49.23069295481114,49.23069295481114,50.0,3.938455436384891,3.8167687443963643,False,False,False,False,False,False,False,False,NONE,NORMAL,False,False
2117.0,58.29516340874381,58.283063262002855,60.0,49.22710896930227,49.22710896930227,50.0,3.9381687175441815,3.8171672501346747,False,False,False,False,False,False,False,False,NONE,NORMAL,False,False
2118.0,58.307195325726305,58.29516340874381,60.0,49.223533005517595,49.223533005517595,50.0,3.9378826404414076,3.8175634706165598,False,False,False,False,False,False,False,False,NONE,NORMAL,False,False
2119.0,58.31915930500791,58.307195325726305,60.0,49.21996511190647,49.21996511190647,50.0,3.9375972089525173,3.8179574161364838,False,False,False,False,False,False,False,False,NONE,NORMAL,False,False
2120.0,58.33105563800075,58.31915930500791,60.0,49.216405336099825,49.216405336099825,50.0,3.937312426887986,3.818349096959572,False,False,False,False,False,False,False,False,NONE,NORMAL,False,False
2121.0,58.34288461546792,58.33105563800075,60.0,49.21285372491698,49.21285372491698,50.0,3.9370282979933586,3.8187385233215676,False,False,False,False,False,False,False,False,NONE,NORMAL,False,False
2122.0,58.354646527520025,58.34288461546792,60.0,49.20931032437247,49.20931032437247,50.0,3.9367448259497975,3.8191257054287937,False,False,False,False,False,False,False,False,NONE,NORMAL,False,False
2123.0,58.36634166361168,58.354646527520025,60.0,49.205775179682774,49.205775179682774,50.0,3.936462014374622,3.819510653458111,False,False,False,False,False,False,False,False,NONE,NORMAL,False,False
2124.0,58.377970312538174,58.36634166361168,60.0,49.20224833527306,49.20224833527306,50.0,3.936179866821845,3.8198933775568817,False,False,False,False,False,False,False,False,NONE,NORMAL,False,False
2125.0,58.389532762432154,58.377970312538174,60.0,49.19872983478387,49.19872983478387,50.0,3.9358983867827093,3.820273887842931,False,False,False,False,False,False,False,False,NONE,NORMAL,False,False
2126.0,58.40102930076032,58.389532762432154,60.0,49.19521972107773,49.19521972107773,50.0,3.935617577686218,3.820652194404515,False,False,False,False,False,False,False,False,NONE,NORMAL,False,False
2127.0,58.41246021432025,58.40102930076032,60.0,49.19171803624577,49.19171803624577,50.0,3.9353374428996615,3.821028307300285,False,False,False,False,False,False,False,False,NONE,NORMAL,False,False
2128.0,58.42382578923724,58.41246021432025,60.0,49.188224821614234,49.188224821614234,50.0,3.935057985729139,3.821402236559253,False,False,False,False,False,False,False,False,NONE,NORMAL,False,False
2129.0,58.435126310961174,58.42382578923724,60.0,49.184740117751055,49.184740117751055,50.0,3.934779209420084,3.821773992180766,False,False,False,False,False,False,False,False,NONE,NORMAL,False,False
2130.0,58.44636206426351,58.435126310961174,60.0,49.181263964472315,49.181263964472315,50.0,3.9345011171577853,3.82214358413447,False,False,False,False,False,False,False,False,NONE,NORMAL,False,False
2131.0,58.45753333323428,58.44636206426351,60.0,49.177796400848656,49.177796400848656,50.0,3.9342237120678925,3.822511022360286,False,False,False,False,False,False,False,False,NONE,NORMAL,False,False
2132.0,58.468640401279124,58.45753333323428,60.0,49.17433746521172,49.17433746521172,50.0,3.9339469972169376,3.8228763167683795,False,False,False,False,False,False,False,False,NONE,NORMAL,False,False
2133.0,58.4796835511165,58.468640401279124,60.0,49.17088719516048,49.17088719516048,50.0,3.9336709756128387,3.823239477239136,False,False,False,False,False,False,False,False,NONE,NORMAL,False,False
2134.0,58.49066306477473,58.4796835511165,60.0,49.16744562756752,49.16744562756752,50.0,3.9333956502054015,3.823600513623138,False,False,False,False,False,False,False,False,NONE,NORMAL,False,False
2135.0,58.501579223589296,58.49066306477473,60.0,49.16401279858542,49.16401279858542,50.0,3.9331210238868333,3.8239594357411377,False,False,False,False,False,False,False,False,NONE,NORMAL,False,False
2136.0,58.51243230820011,58.501579223589296,60.0,49.1605887436529,49.1605887436529,50.0,3.932847099492232,3.824316253384038,False,False,False,False,False,False,False,False,NONE,NORMAL,False,False
2137.0,58.52322259854884,58.51243230820011,60.0,49.157173497501084,49.157173497501084,50.0,3.9325738798000867,3.824670976312868,False,False,False,False,False,False,False,False,NONE,NORMAL,False,False
2138.0,58.533950373876245,58.52322259854884,60.0,49.153767094159605,49.153767094159605,50.0,3.9323013675327685,3.8250236142587686,False,False,False,False,False,False,False,False,NONE,NORMAL,False,False
2139.0,58.54461591271966,58.533950373876245,60.0,49.15036956696282,49.15036956696282,50.0,3.9320295653570256,3.825374176922966,False,False,False,False,False,False,False,False,NONE,NORMAL,False,False
2140.0,58.555219492910425,58.54461591271966,60.0,49.14698094855581,49.14698094855581,50.0,3.9317584758844646,3.825722673976763,False,False,False,False,False,False,False,False,NONE,NORMAL,False,False
2141.0,58.56576139157147,58.555219492910425,60.0,49.1436012709005,49.1436012709005,50.0,3.9314881016720395,3.826069115061515,False,False,False,False,False,False,False,False,NONE,NORMAL,False,False
2142.0,58.576241885114854,58.56576139157147,60.0,49.14023056528159,49.14023056528159,50.0,3.931218445222527,3.8264135097886203,False,False,False,False,False,False,False,False,NONE,NORMAL,False,False
2143.0,58.58666124923941,58.576241885114854,60.0,49.13686886231263,49.13686886231263,50.0,3.9309495089850106,3.8267558677395024,False,False,False,False,False,False,False,False,NONE,NORMAL,False,False
2144.0,58.59701975892839,58.58666124923941,60.0,49.13351619194187,49.13351619194187,50.0,3.93068129535535,3.827096198465601,False,False,False,False,False,False,False,False,NONE,NORMAL,False,False
2145.0,58.607317688447225,58.59701975892839,60.0,49.130172583458254,49.130172583458254,50.0,3.9304138066766603,3.8274345114883546,False,False,False,False,False,False,False,False,NONE,NORMAL,False,False
2146.0,58.61755531134128,58.607317688447225,60.0,49.12683806549718,49.12683806549718,50.0,3.9301470452397744,3.8277708162991955,False,False,False,False,False,False,False,False,NONE,NORMAL,False,False
2147.0,58.62773290043369,58.61755531134128,60.0,49.12351266604642,49.12351266604642,50.0,3.9298810132837136,3.8281051223595357,False,False,False,False,False,False,False,False,NONE,NORMAL,False,False
2148.0,58.63785072782323,58.62773290043369,60.0,49.12019641245185,49.12019641245185,50.0,3.9296157129961475,3.8284374391007647,False,False,False,False,False,False,False,False,NONE,NORMAL,False,False
2149.0,58.6479090648822,58.63785072782323,60.0,49.11688933142319,49.11688933142319,50.0,3.929351146513855,3.828767775924234,False,False,False,False,False,False,False,False,NONE,NORMAL,False,False
2150.0,58.657908182254396,58.6479090648822,60.0,49.1135914490398,49.1135914490398,50.0,3.929087315923184,3.829096142201257,False,False,False,False,False,False,False,False,NONE,NORMAL,False,False
2151.0,58.66784834985314,58.657908182254396,60.0,49.110302790756336,49.110302790756336,50.0,3.928824223260507,3.8294225472731003,False,False,False,False,False,False,False,False,NONE,NORMAL,False,False
2152.0,58.67772983685931,58.66784834985314,60.0,49.107023381408325,49.107023381408325,50.0,3.928561870512666,3.829747000450981,False,False,False,False,False,False,False,False,NONE,NORMAL,False,False
2153.0,58.68755291171944,58.67772983685931,60.0,49.10375324521786,49.10375324521786,50.0,3.9283002596174286,3.830069511016063,False,False,False,False,False,False,False,False,NONE,NORMAL,False,False
2154.0,58.69731784214389,58.68755291171944,60.0,49.10049240579913,49.10049240579913,50.0,3.9280393924639303,3.830390088219457,False,False,False,False,False,False,False,False,NONE,NORMAL,False,False
2155.0,58.70702489510498,58.69731784214389,60.0,49.097240886163966,49.097240886163966,50.0,3.9277792708931174,3.8307087412822147,False,False,False,False,False,False,False,False,NONE,NORMAL,False,False
2156.0,58.716674336835275,58.70702489510498,60.0,49.09399870872735,49.09399870872735,50.0,3.927519896698188,3.8310254793953336,False,False,False,False,False,False,False,False,NONE,NORMAL,False,False
2157.0,58.7262664328258,58.716674336835275,60.0,49.09076589531287,49.09076589531287,50.0,3.9272612716250297,3.8313403117197535,False,False,False,False,False,False,False,False,NONE,NORMAL,False,False
2158.0,58.73580144782443,58.7262664328258,60.0,49.087542467158215,49.087542467158215,50.0,3.927003397372657,3.831653247386362,False,False,False,False,False,False,False,False,NONE,NORMAL,False,False
2159.0,58.745279645834195,58.73580144782443,60.0,49.08432844492046,49.08432844492046,50.0,3.926746275593637,3.8319642954959936,False,False,False,False,False,False,False,False,NONE,NORMAL,False,False
2160.0,58.7547012901117,58.745279645834195,60.0,49.08112384868152,49.08112384868152,50.0,3.926489907894522,3.8322734651194383,False,False,False,False,False,False,False,False,NONE,NORMAL,False,False
2161.0,58.76406664316559,58.7547012901117,60.0,49.07792869795346,49.07792869795346,50.0,3.926234295836277,3.832580765297442,False,False,False,False,False,False,False,False,NONE,NORMAL,False,False
2162.0,58.77337596675499,58.76406664316559,60.0,49.074743011683736,49.074743011683736,50.0,3.925979440934699,3.832886205040713,False,False,False,False,False,False,False,False,NONE,NORMAL,False,False
2163.0,58.782629521888076,58.77337596675499,60.0,49.07156680826056,49.07156680826056,50.0,3.925725344660845,3.8331897933299297,False,False,False,False,False,False,False,False,NONE,NORMAL,False,False
2164.0,58.79182756882064,58.782629521888076,60.0,49.06840010551804,49.06840010551804,50.0,3.925472008441443,3.833491539115747,False,False,False,False,False,False,False,False,NONE,NORMAL,False,False
2165.0,58.800970367054695,58.79182756882064,60.0,49.06524292074137,49.06524292074137,50.0,3.9252194336593096,3.8337914513188065,False,False,False,False,False,False,False,False,NONE,NORMAL,False,False
2166.0,58.8100581753371,58.800970367054695,60.0,49.062095270672046,49.062095270672046,50.0,3.9249676216537637,3.8340895388297436,False,False,False,False,False,False,False,False,NONE,NORMAL,False,False
2167.0,58.81909125165827,58.8100581753371,60.0,49.05895717151296,49.05895717151296,50.0,3.9247165737210365,3.8343858105091972,False,False,False,False,False,False,False,False,NONE,NORMAL,False,False
2168.0,58.82806985325095,58.81909125165827,60.0,49.05582863893349,49.05582863893349,50.0,3.9244662911146793,3.8346802751878246,False,False,False,False,False,False,False,False,NONE,NORMAL,False,False
2169.0,58.83699423658892,58.82806985325095,60.0,49.05270968807456,49.05270968807456,50.0,3.9242167750459647,3.834972941666308,False,False,False,False,False,False,False,False,NONE,NORMAL,False,False
2170.0,58.84586465738582,58.83699423658892,60.0,49.04960033355364,49.04960033355364,50.0,3.923968026684291,3.8352638187153736,False,False,False,False,False,False,False,False,NONE,NORMAL,False,False
2171.0,58.85468137059401,58.84586465738582,60.0,49.046500589469815,49.046500589469815,50.0,3.9237200471575853,3.835552915075798,False,False,False,False,False,False,False,False,NONE,NORMAL,False,False
2172.0,58.86344463040343,58.85468137059401,60.0,49.043410469408656,49.043410469408656,50.0,3.9234728375526924,3.8358402394584297,False,False,False,False,False,False,False,False,NONE,NORMAL,False,False
2173.0,58.872154690240585,58.86344463040343,60.0,49.04032998644721,49.04032998644721,50.0,3.923226398915777,3.836125800544197,False,False,False,False,False,False,False,False,NONE,NORMAL,False,False
2174.0,58.880811802767454,58.872154690240585,60.0,49.03725915315886,49.03725915315886,50.0,3.9229807322527086,3.8364096069841325,False,False,False,False,False,False,False,False,NONE,NORMAL,False,False
2175.0,58.88941621988047,58.880811802767454,60.0,49.03419798161815,49.03419798161815,50.0,3.922735838529452,3.836691667399384,False,False,False,False,False,False,False,False,NONE,NORMAL,False,False
2176.0,58.89796819270959,58.88941621988047,60.0,49.03114648340573,49.03114648340573,50.0,3.9224917186724584,3.8369719903812323,False,False,False,False,False,False,False,False,NONE,NORMAL,False,False
2177.0,58.906467971617374,58.89796819270959,60.0,49.02810466961306,49.02810466961306,50.0,3.9222483735690448,3.8372505844911142,False,False,False,False,False,False,False,False,NONE,NORMAL,False,False
2178.0,58.914915806198096,58.906467971617374,60.0,49.025072550847185,49.025072550847185,50.0,3.9220058040677745,3.8375274582606367,False,False,False,False,False,False,False,False,NONE,NORMAL,False,False
2179.0,58.9233119452768,58.914915806198096,60.0,49.022050137235475,49.022050137235475,50.0,3.921764010978838,3.837802620191602,False,False,False,False,False,False,False,False,NONE,NORMAL,False,False
2180.0,58.93165663690865,58.9233119452768,60.0,49.01903743843039,49.01903743843039,50.0,3.9215229950744313,3.838076078756022,False,False,False,False,False,False,False,False,NONE,NORMAL,False,False
2181.0,58.93995012837795,58.93165663690865,60.0,49.016034463614,49.016034463614,50.0,3.92128275708912,3.8383478423961477,False,False,False,False,False,False,False,False,NONE,NORMAL,False,False
2182.0,58.94819266619752,58.93995012837795,60.0,49.013041221502796,49.013041221502796,50.0,3.9210432977202236,3.838617919524485,False,False,False,False,False,False,False,False,NONE,NORMAL,False,False
2183.0,58.95638449610796,58.94819266619752,60.0,49.01005772035224,49.01005772035224,50.0,3.9208046176281797,3.8388863185238216,False,False,False,False,False,False,False,False,NONE,NORMAL,False,False
2184.0,58.96452586307691,58.95638449610796,60.0,49.007083967961265,49.007083967961265,50.0,3.920566717436901,3.8391530477472493,False,False,False,False,False,False,False,False,NONE,NORMAL,False,False
2185.0,58.97261701129851,58.96452586307691,60.0,49.00411997167693,49.00411997167693,50.0,3.9203295977341543,3.8394181155181872,False,False,False,False,False,False,False,False,NONE,NORMAL,False,False
2186.0,58.980658184192656,58.97261701129851,60.0,49.00116573839883,49.00116573839883,50.0,3.9200932590719066,3.8396815301304126,False,False,False,False,False,False,False,False,NONE,NORMAL,False,False
2187.0,58.98864962440451,58.980658184192656,60.0,48.99822127458372,48.99822127458372,50.0,3.9198577019666976,3.8399432998480805,False,False,False,False,False,False,False,False,NONE,NORMAL,False,False
2188.0,58.99659157380393,58.98864962440451,60.0,48.99528658624984,48.99528658624984,50.0,3.9196229268999874,3.840203432905753,False,False,False,False,False,False,False,False,NONE,NORMAL,False,False
2189.0,59.00448427348495,58.99659157380393,60.0,48.99236167898139,48.99236167898139,50.0,3.919388934318511,3.8404619375084277,False,False,False,False,False,False,False,False,NONE,NORMAL,False,False
2190.0,59.012327963765266,59.00448427348495,60.0,48.98944655793296,48.98944655793296,50.0,3.9191557246346367,3.840718821831564,False,False,False,False,False,False,False,False,NONE,NORMAL,False,False
2191.0,59.020122884185824,59.012327963765266,60.0,48.98654122783381,48.98654122783381,50.0,3.918923298226705,3.840974094021114,False,False,False,False,False,False,False,False,NONE,NORMAL,False,False
2192.0,59.027869273510404,59.020122884185824,60.0,48.98364569299233,48.98364569299233,50.0,3.9186916554393867,3.8412277621935482,False,False,False,False,False,False,False,False,NONE,NORMAL,False,False
2193.0,59.035567369725214,59.027869273510404,60.0,48.9807599573002,48.9807599573002,50.0,3.918460796584016,3.8414798344358907,False,False,False,False,False,False,False,False,NONE,NORMAL,False,False
2194.0,59.04321741003853,59.035567369725214,60.0,48.977884024236765,48.977884024236765,50.0,3.9182307219389414,3.841730318805747,False,False,False,False,False,False,False,False,NONE,NORMAL,False,False
2195.0,59.05081963088038,59.04321741003853,60.0,48.975017896873254,48.975017896873254,50.0,3.91800143174986,3.841979223331333,False,False,False,False,False,False,False,False,NONE,NORMAL,False,False
2196.0,59.05837426790224,59.05081963088038,60.0,48.972161577877,48.972161577877,50.0,3.9177729262301604,3.8422265560115134,False,False,False,False,False,False,False,False,NONE,NORMAL,False,False
2197.0,59.06588155597679,59.05837426790224,60.0,48.96931506951563,48.96931506951563,50.0,3.9175452055612503,3.842472324815829,False,False,False,False,False,False,False,False,NONE,NORMAL,False,False
2198.0,59.07334172919762,59.06588155597679,60.0,48.966478373661204,48.966478373661204,50.0,3.9173182698928963,3.842716537684532,False,False,False,False,False,False,False,False,NONE,NORMAL,False,False
2199.0,59.08075502087912,59.07334172919762,60.0,48.96365149179438,48.96365149179438,50.0,3.9170921193435504,3.8429592025286197,False,False,False,False,False,False,False,False,NONE,NORMAL,False,False
2200.0,59.088121663556194,59.08075502087912,60.0,48.960834425008485,48.960834425008485,50.0,3.916866754000679,3.84320032722987,False,False,False,False,False,False,False,False,NONE,NORMAL,False,False
2201.0,59.09544188898421,59.088121663556194,60.0,48.95802717401362,48.95802717401362,50.0,3.91664217392109,3.843439919640874,False,False,False,False,False,False,False,False,NONE,NORMAL,False,False
2202.0,59.10271592813883,59.09544188898421,60.0,48.955229739140684,48.955229739140684,50.0,3.9164183791312546,3.843677987585075,False,False,False,False,False,False,False,False,NONE,NORMAL,False,False
2203.0,59.10994401121592,59.10271592813883,60.0,48.952442120345374,48.952442120345374,50.0,3.91619536962763,3.843914538856803,False,False,False,False,False,False,False,False,NONE,NORMAL,False,False
2204.0,59.11712636763149,59.10994401121592,60.0,48.949664317212196,48.949664317212196,50.0,3.9159731453769755,3.844149581221311,False,False,False,False,False,False,False,False,NONE,NORMAL,False,False
2205.0,59.124263226021675,59.11712636763149,60.0,48.94689632895847,48.94689632895847,50.0,3.915751706316678,3.844383122414814,False,False,False,False,False,False,False,False,NONE,NORMAL,False,False
2206.0,59.131354814242734,59.124263226021675,60.0,48.94413815443818,48.94413815443818,50.0,3.915531052355054,3.8446151701445257,False,False,False,False,False,False,False,False,NONE,NORMAL,False,False
2207.0,59.13840135937103,59.131354814242734,60.0,48.94138979214591,48.94138979214591,50.0,3.915311183371673,3.8448457320886984,False,False,False,False,False,False,False,False,NONE,NORMAL,False,False
2208.0,59.14540308770313,59.13840135937103,60.0,48.93865124022076,48.93865124022076,50.0,3.9150920992176608,3.845074815896663,False,False,False,False,False,False,False,False,NONE,NORMAL,False,False
2209.0,59.15236022475584,59.14540308770313,60.0,48.93592249645015,48.93592249645015,50.0,3.9148737997160117,3.8453024291888642,False,False,False,False,False,False,False,False,NONE,NORMAL,False,False
2210.0,59.159272995266335,59.15236022475584,60.0,48.933203558273654,48.933203558273654,50.0,3.914656284661892,3.8455285795569067,False,False,False,False,False,False,False,False,NONE,NORMAL,False,False
2211.0,59.16614162319228,59.159272995266335,60.0,48.93049442278683,48.93049442278683,50.0,3.9144395538229464,3.8457532745635907,False,False,False,False,False,False,False,False,NONE,NORMAL,False,False
2212.0,59.172966331711955,59.16614162319228,60.0,48.927795086744915,48.927795086744915,50.0,3.914223606939593,3.8459765217429593,False,False,False,False,False,False,False,False,NONE,NORMAL,False,False
2213.0,59.179747343224456,59.172966331711955,60.0,48.92510554656668,48.92510554656668,50.0,3.914008443725334,3.846198328600332,False,False,False,False,False,False,False,False,NONE,NORMAL,False,False
2214.0,59.18648487934993,59.179747343224456,60.0,48.922425798338054,48.922425798338054,50.0,3.9137940638670443,3.8464187026123553,False,False,False,False,False,False,False,False,NONE,NORMAL,False,False
2215.0,59.19317916092975,59.18648487934993,60.0,48.91975583781582,48.91975583781582,50.0,3.9135804670252656,3.8466376512270406,False,False,False,False,False,False,False,False,NONE,NORMAL,False,False
2216.0,59.19983040802682,59.19317916092975,60.0,48.91709566043136,48.91709566043136,50.0,3.9133676528345087,3.846855181863809,False,False,False,False,False,False,False,False,NONE,NORMAL,False,False
2217.0,59.20643883992581,59.19983040802682,60.0,48.91444526129416,48.91444526129416,50.0,3.9131556209035327,3.8470713019135356,False,False,False,False,False,False,False,False,NONE,NORMAL,False,False
2218.0,59.21300467513352,59.20643883992581,60.0,48.91180463519554,48.91180463519554,50.0,3.912944370815643,3.8472860187385933,False,False,False,False,False,False,False,False,NONE,NORMAL,False,False
2219.0,59.21952813137913,59.21300467513352,60.0,48.90917377661216,48.90917377661216,50.0,3.9127339021289727,3.8474993396728974,False,False,False,False,False,False,False,False,NONE,NORMAL,False,False
2220.0,59.22600942561461,59.21952813137913,60.0,48.90655267970965,48.90655267970965,50.0,3.912524214376772,3.8477112720219515,False,False,False,False,False,False,False,False,NONE,NORMAL,False,False
2221.0,59.23244877401509,59.22600942561461,60.0,48.903941338346094,48.903941338346094,50.0,3.9123153070676877,3.8479218230628924,False,False,False,False,False,False,False,False,NONE,NORMAL,False,False
2222.0,59.23884639197924,59.23244877401509,60.0,48.90133974607554,48.90133974607554,50.0,3.9121071796860436,3.8481310000445372,False,False,False,False,False,False,False,False,NONE,NORMAL,False,False
2223.0,59.2452024941297,59.23884639197924,60.0,48.8987478961515,48.8987478961515,50.0,3.9118998316921196,3.8483388101874305,False,False,False,False,False,False,False,False,NONE,NORMAL,False,False
2224.0,59.25151729431355,59.2452024941297,60.0,48.89616578153038,48.89616578153038,50.0,3.91169326252243,3.8485452606838892,False,False,False,False,False,False,False,False,NONE,NORMAL,False,False
2225.0,59.25779100560273,59.25151729431355,60.0,48.89359339487496,48.89359339487496,50.0,3.911487471589997,3.8487503586980525,False,False,False,False,False,False,False,False,NONE,NORMAL,False,False
2226.0,59.2640238402946,59.25779100560273,60.0,48.891030728557766,48.891030728557766,50.0,3.9112824582846213,3.848954111365928,False,False,False,False,False,False,False,False,NONE,NORMAL,False,False
2227.0,59.27021600991237,59.2640238402946,60.0,48.88847777466443,48.88847777466443,50.0,3.9110782219731544,3.8491565257954434,False,False,False,False,False,False,False,False,NONE,NORMAL,False,False
2228.0,59.27636772520568,59.27021600991237,60.0,48.8859345249971,48.8859345249971,50.0,3.910874761999768,3.849357609066491,False,False,False,False,False,False,False,False,NONE,NORMAL,False,False
2229.0,59.282479196151215,59.27636772520568,60.0,48.883400971077755,48.883400971077755,50.0,3.9106720776862205,3.8495573682309785,False,False,False,False,False,False,False,False,NONE,NORMAL,False,False
2230.0,59.28855063195314,59.282479196151215,60.0,48.88087710415146,48.88087710415146,50.0,3.910470168332117,3.849755810312883,False,False,False,False,False,False,False,False,NONE,NORMAL,False,False
2231.0,59.29458224104383,59.28855063195314,60.0,48.87836291518977,48.87836291518977,50.0,3.9102690332151813,3.8499529423082937,False,False,False,False,False,False,False,False,NONE,NORMAL,False,False
2232.0,59.30057423108443,59.29458224104383,60.0,48.87585839489387,48.87585839489387,50.0,3.9100686715915094,3.8501487711854665,False,False,False,False,False,False,False,False,NONE,NORMAL,False,False
2233.0,59.30652680896552,59.30057423108443,60.0,48.873363533697834,48.873363533697834,50.0,3.9098690826958267,3.850343303884877,False,False,False,False,False,False,False,False,NONE,NORMAL,False,False
2234.0,59.31244018080777,59.30652680896552,60.0,48.87087832177192,48.87087832177192,50.0,3.9096702657417537,3.8505365473192663,False,False,False,False,False,False,False,False,NONE,NORMAL,False,False
2235.0,59.3183145519626,59.31244018080777,60.0,48.86840274902564,48.86840274902564,50.0,3.9094722199220513,3.8507285083737,False,False,False,False,False,False,False,False,NONE,NORMAL,False,False
2236.0,59.32415012701292,59.3183145519626,60.0,48.86593680511099,48.86593680511099,50.0,3.9092749444088795,3.8509191939056127,False,False,False,False,False,False,False,False,NONE,NORMAL,False,False
2237.0,59.32994710977384,59.32415012701292,60.0,48.863480479425604,48.863480479425604,50.0,3.9090784383540482,3.8511086107448635,False,False,False,False,False,False,False,False,NONE,NORMAL,False,False
2238.0,59.335705703293385,59.32994710977384,60.0,48.86103376111581,48.86103376111581,50.0,3.908882700889265,3.851296765693792,False,False,False,False,False,False,False,False,NONE,NORMAL,False,False
2239.0,59.3414261098533,59.335705703293385,60.0,48.8585966390798,48.8585966390798,50.0,3.908687731126384,3.851483665527266,False,False,False,False,False,False,False,False,NONE,NORMAL,False,False
2240.0,59.34710853096979,59.3414261098533,60.0,48.856169101970615,48.856169101970615,50.0,3.908493528157649,3.8516693169927407,False,False,False,False,False,False,False,False,NONE,NORMAL,False,False
2241.0,59.35275316739435,59.34710853096979,60.0,48.85375113819928,48.85375113819928,50.0,3.9083000910559424,3.8518537268103064,False,False,False,False,False,False,False,False,NONE,NORMAL,False,False
2242.0,59.35836021911457,59.35275316739435,60.0,48.851342735937756,48.851342735937756,50.0,3.9081074188750207,3.8520369016727485,False,False,False,False,False,False,False,False,NONE,NORMAL,False,False
2243.0,59.36392988535499,59.35836021911457,60.0,48.84894388312196,48.84894388312196,50.0,3.9079155106497567,3.8522188482455983,False,False,False,False,False,False,False,False,NONE,NORMAL,False,False
2244.0,59.369462364577906,59.36392988535499,60.0,48.84655456745477,48.84655456745477,50.0,3.9077243653963816,3.8523995731671903,False,False,False,False,False,False,False,False,NONE,NORMAL,False,False
2245.0,59.374957854484315,59.369462364577906,60.0,48.84417477640896,48.84417477640896,50.0,3.907533982112717,3.852579083048715,False,False,False,False,False,False,False,False,NONE,NORMAL,False,False
2246.0,59.38041655201472,59.374957854484315,60.0,48.84180449723013,48.84180449723013,50.0,3.9073443597784103,3.8527573844742777,False,False,False,False,False,False,False,False,NONE,NORMAL,False,False
2247.0,59.38583865335014,59.38041655201472,60.0,48.83944371693965,48.83944371693965,50.0,3.9071554973551716,3.8529344840009516,False,False,False,False,False,False,False,False,NONE,NORMAL,False,False
2248.0,59.39122435391295,59.38583865335014,60.0,48.83709242233748,48.83709242233748,50.0,3.906967393786998,3.8531103881588358,False,False,False,False,False,False,False,False,NONE,NORMAL,False,False
2249.0,59.396573848367886,59.39122435391295,60.0,48.83475060000511,48.83475060000511,50.0,3.9067800480004085,3.8532851034511104,False,False,False,False,False,False,False,False,NONE,NORMAL,False,False
2250.0,59.40188733062294,59.396573848367886,60.0,48.832418236308335,48.832418236308335,50.0,3.9065934589046667,3.8534586363540964,False,False,False,False,False,False,False,False,NONE,NORMAL,False,False
2251.0,59.40716499383042,59.40188733062294,60.0,48.830095317400165,48.830095317400165,50.0,3.906407625392013,3.853630993317307,False,False,False,False,False,False,False,False,NONE,NORMAL,False,False
2252.0,59.41240703038785,59.40716499383042,60.0,48.82778182922353,48.82778182922353,50.0,3.9062225463378826,3.8538021807635126,False,False,False,False,False,False,False,False,NONE,NORMAL,False,False
2253.0,59.41761363193908,59.41240703038785,60.0,48.825477757514165,48.825477757514165,50.0,3.906038220601133,3.8539722050887915,False,False,False,False,False,False,False,False,NONE,NORMAL,False,False
2254.0,59.422784989375245,59.41761363193908,60.0,48.82318308780324,48.82318308780324,50.0,3.9058546470242588,3.854141072662594,False,False,False,False,False,False,False,False,NONE,NORMAL,False,False
2255.0,59.427921292835826,59.422784989375245,60.0,48.820897805420195,48.820897805420195,50.0,3.9056718244336155,3.854308789827796,False,False,False,False,False,False,False,False,NONE,NORMAL,False,False
2256.0,59.433022731709706,59.427921292835826,60.0,48.81862189549543,48.81862189549543,50.0,3.9054897516396347,3.8544753629007618,False,False,False,False,False,False,False,False,NONE,NORMAL,False,False
2257.0,59.43808949463627,59.433022731709706,60.0,48.81635534296301,48.81635534296301,50.0,3.9053084274370407,3.8546407981713973,False,False,False,False,False,False,False,False,NONE,NORMAL,False,False
2258.0,59.44312176950647,59.43808949463627,60.0,48.81409813256326,48.81409813256326,50.0,3.905127850605061,3.8548051019032163,False,False,False,False,False,False,False,False,NONE,NORMAL,False,False
2259.0,59.44811974346389,59.44312176950647,60.0,48.81185024884552,48.81185024884552,50.0,3.904948019907642,3.8549682803333956,False,False,False,False,False,False,False,False,NONE,NORMAL,False,False
2260.0,59.45308360290598,59.44811974346389,60.0,48.80961167617078,48.80961167617078,50.0,3.9047689340936627,3.855130339672833,False,False,False,False,False,False,False,False,NONE,NORMAL,False,False
2261.0,59.458013533485065,59.45308360290598,60.0,48.80738239871417,48.80738239871417,50.0,3.9045905918971333,3.8552912861062127,False,False,False,False,False,False,False,False,NONE,NORMAL,False,False
2262.0,59.4629097201096,59.458013533485065,60.0,48.80516240046765,48.80516240046765,50.0,3.904412992037412,3.8554511257920603,False,False,False,False,False,False,False,False,NONE,NORMAL,False,False
2263.0,59.46777234694526,59.4629097201096,60.0,48.80295166524257,48.80295166524257,50.0,3.9042361332194053,3.855609864862808,False,False,False,False,False,False,False,False,NONE,NORMAL,False,False
2264.0,59.47260159741615,59.46777234694526,60.0,48.80075017667218,48.80075017667218,50.0,3.9040600141337745,3.8557675094248505,False,False,False,False,False,False,False,False,NONE,NORMAL,False,False
2265.0,59.47739765420599,59.47260159741615,60.0,48.79855791821421,48.79855791821421,50.0,3.9038846334571367,3.8559240655586096,False,False,False,False,False,False,False,False,NONE,NORMAL,False,False
2266.0,59.48216069925935,59.47739765420599,60.0,48.79637487315335,48.79637487315335,50.0,3.903709989852268,3.8560795393185936,False,False,False,False,False,False,False,False,NONE,NORMAL,False,False
2267.0,59.486890913782844,59.48216069925935,60.0,48.79420102460369,48.79420102460369,50.0,3.903536081968295,3.85623393673346,False,False,False,False,False,False,False,False,NONE,NORMAL,False,False
2268.0,59.49158847824633,59.486890913782844,60.0,48.792036355511286,48.792036355511286,50.0,3.903362908440903,3.8563872638060754,False,False,False,False,False,False,False,False,NONE,NORMAL,False,False
2269.0,59.49625357238423,59.49158847824633,60.0,48.78988084865657,48.78988084865657,50.0,3.903190467892526,3.856539526513579,False,False,False,False,False,False,False,False,NONE,NORMAL,False,False
2270.0,59.500886375196735,59.49625357238423,60.0,48.78773448665675,48.78773448665675,50.0,3.9030187589325402,3.856690730807444,False,False,False,False,False,False,False,False,NONE,NORMAL,False,False
2271.0,59.50548706495113,59.500886375196735,60.0,48.785597251968255,48.785597251968255,50.0,3.9028477801574604,3.856840882613539,False,False,False,False,False,False,False,False,NONE,NORMAL,False,False
2272.0,59.51005581918303,59.50548706495113,60.0,48.7834691268891,48.7834691268891,50.0,3.902677530151128,3.8569899878321934,False,False,False,False,False,False,False,False,NONE,NORMAL,False,False
2273.0,59.514592814697686,59.51005581918303,60.0,48.781350093561294,48.781350093561294,50.0,3.9025080074849035,3.8571380523382564,False,False,False,False,False,False,False,False,NONE,NORMAL,False,False
2274.0,59.519098227571355,59.514592814697686,60.0,48.77924013397315,48.77924013397315,50.0,3.9023392107178516,3.8572850819811624,False,False,False,False,False,False,False,False,NONE,NORMAL,False,False
2275.0,59.52357223315254,59.519098227571355,60.0,48.77713922996163,48.77713922996163,50.0,3.90217113839693,3.857431082584994,False,False,False,False,False,False,False,False,NONE,NORMAL,False,False
2276.0,59.528015006063406,59.52357223315254,60.0,48.775047363214675,48.775047363214675,50.0,3.902003789057174,3.8575760599485442,False,False,False,False,False,False,False,False,NONE,NORMAL,False,False
2277.0,59.53242672020106,59.528015006063406,60.0,48.7729645152735,48.7729645152735,50.0,3.90183716122188,3.8577200198453814,False,False,False,False,False,False,False,False,NONE,NORMAL,False,False
2278.0,59.53680754873895,59.53242672020106,60.0,48.770890667534836,48.770890667534836,50.0,3.901671253402787,3.8578629680239116,False,False,False,False,False,False,False,False,NONE,NORMAL,False,False
2279.0,59.54115766412824,59.53680754873895,60.0,48.76882580125326,48.76882580125326,50.0,3.9015060641002606,3.8580049102074425,False,False,False,False,False,False,False,False,NONE,NORMAL,False,False
2280.0,59.54547723809915,59.54115766412824,60.0,48.76676989754332,48.76676989754332,50.0,3.9013415918034657,3.858145852094249,False,False,False,False,False,False,False,False,NONE,NORMAL,False,False
2281.0,59.549766441662456,59.54547723809915,60.0,48.764722937381904,48.764722937381904,50.0,3.9011778349905524,3.858285799357635,False,False,False,False,False,False,False,False,NONE,NORMAL,False,False
2282.0,59.55402544511074,59.549766441662456,60.0,48.7626849016103,48.7626849016103,50.0,3.901014792128824,3.8584247576460022,False,False,False,False,False,False,False,False,NONE,NORMAL,False,False
2283.0,59.55825441801994,59.55402544511074,60.0,48.76065577093645,48.76065577093645,50.0,3.900852461674916,3.8585627325829086,False,False,False,False,False,False,False,False,NONE,NORMAL,False,False
2284.0,59.562453529250725,59.55825441801994,60.0,48.75863552593715,48.75863552593715,50.0,3.900690842074972,3.8586997297671384,False,False,False,False,False,False,False,False,NONE,NORMAL,False,False
2285.0,59.566622946949934,59.562453529250725,60.0,48.75662414706012,48.75662414706012,50.0,3.90052993176481,3.858835754772763,False,False,False,False,False,False,False,False,NONE,NORMAL,False,False
2286.0,59.57076283855203,59.566622946949934,60.0,48.75462161462616,48.75462161462616,50.0,3.9003697291700927,3.8589708131492113,False,False,False,False,False,False,False,False,NONE,NORMAL,False,False
2287.0,59.57487337078054,59.57076283855203,60.0,48.75262790883131,48.75262790883131,50.0,3.9002102327065047,3.859104910421328,False,False,False,False,False,False,False,False,NONE,NORMAL,False,False
2288.0,59.57895470964959,59.57487337078054,60.0,48.7506430097489,48.7506430097489,50.0,3.900051440779912,3.8592380520894447,False,False,False,False,False,False,False,False,NONE,NORMAL,False,False
2289.0,59.583007020465296,59.57895470964959,60.0,48.748666897331596,48.748666897331596,50.0,3.8998933517865275,3.859370243629445,False,False,False,False,False,False,False,False,NONE,NORMAL,False,False
2290.0,59.58703046782732,59.583007020465296,60.0,48.74669955141356,48.74669955141356,50.0,3.899735964113085,3.859501490492823,False,False,False,False,False,False,False,False,NONE,NORMAL,False,False
2291.0,59.59102521563035,59.58703046782732,60.0,48.74474095171241,48.74474095171241,50.0,3.8995792761369925,3.8596317981067614,False,False,False,False,False,False,False,False,NONE,NORMAL,False,False
2292.0,59.59499142706558,59.59102521563035,60.0,48.74279107783123,48.74279107783123,50.0,3.899423286226498,3.8597611718741858,False,False,False,False,False,False,False,False,NONE,NORMAL,False,False
2293.0,59.59892926462228,59.59499142706558,60.0,48.74084990926067,48.74084990926067,50.0,3.8992679927408536,3.8598896171738377,False,False,False,False,False,False,False,False,NONE,NORMAL,False,False
2294.0,59.60283889008928,59.59892926462228,60.0,48.738917425380855,48.738917425380855,50.0,3.8991133940304685,3.8600171393603384,False,False,False,False,False,False,False,False,NONE,NORMAL,False,False
2295.0,59.60672046455656,59.60283889008928,60.0,48.73699360546341,48.73699360546341,50.0,3.898959488437073,3.8601437437642554,False,False,False,False,False,False,False,False,NONE,NORMAL,False,False
2296.0,59.61057414841672,59.60672046455656,60.0,48.73507842867335,48.73507842867335,50.0,3.8988062742938676,3.8602694356921696,False,False,False,False,False,False,False,False,NONE,NORMAL,False,False
2297.0,59.61440010136661,59.61057414841672,60.0,48.733171874071104,48.733171874071104,50.0,3.898653749925688,3.86039422042674,False,False,False,False,False,False,False,False,NONE,NORMAL,False,False
2298.0,59.61819848240886,59.61440010136661,60.0,48.73127392061437,48.73127392061437,50.0,3.8985019136491497,3.860518103226775,False,False,False,False,False,False,False,False,NONE,NORMAL,False,False
2299.0,59.62196944985341,59.61819848240886,60.0,48.72938454716009,48.72938454716009,50.0,3.898350763772807,3.8606410893272916,False,False,False,False,False,False,False,False,NONE,NORMAL,False,False
2300.0,59.62571316131917,59.62196944985341,60.0,48.72750373246626,48.72750373246626,50.0,3.8982002985973008,3.860763183939589,False,False,False,False,False,False,False,False,NONE,NORMAL,False,False
2301.0,59.62942977373557,59.62571316131917,60.0,48.72563145519391,48.72563145519391,50.0,3.898050516415513,3.860884392251313,False,False,False,False,False,False,False,False,NONE,NORMAL,False,False
2302.0,59.633119443344185,59.62942977373557,60.0,48.72376769390883,48.72376769390883,50.0,3.8979014155127065,3.8610047194265245,False,False,False,False,False,False,False,False,NONE,NORMAL,False,False
2303.0,59.636782325700274,59.633119443344185,60.0,48.7219124270835,48.7219124270835,50.0,3.89775299416668,3.8611241706057635,False,False,False,False,False,False,False,False,NONE,NORMAL,False,False
2304.0,59.64041857567446,59.636782325700274,60.0,48.720065633098905,48.720065633098905,50.0,3.897605250647912,3.861242750906121,False,False,False,False,False,False,False,False,NONE,NORMAL,False,False
2305.0,59.6440283474543,59.64041857567446,60.0,48.71822729024635,48.71822729024635,50.0,3.8974581832197077,3.861360465421302,False,False,False,False,False,False,False,False,NONE,NORMAL,False,False
2306.0,59.647611794545966,59.6440283474543,60.0,48.71639737672923,48.71639737672923,50.0,3.8973117901383385,3.861477319221696,False,False,False,False,False,False,False,False,NONE,NORMAL,False,False
2307.0,59.65116906977583,59.647611794545966,60.0,48.71457587066484,48.71457587066484,50.0,3.897166069653187,3.8615933173544432,False,False,False,False,False,False,False,False,NONE,NORMAL,False,False
2308.0,59.654700325292175,59.65116906977583,60.0,48.7127627500861,48.7127627500861,50.0,3.8970210200068878,3.8617084648435025,False,False,False,False,False,False,False,False,NONE,NORMAL,False,False
2309.0,59.65820571256675,59.654700325292175,60.0,48.71095799294329,48.71095799294329,50.0,3.8968766394354635,3.86182276668972,False,False,False,False,False,False,False,False,NONE,NORMAL,False,False
2310.0,59.6616853823965,59.65820571256675,60.0,48.70916157710588,48.70916157710588,50.0,3.8967329261684704,3.8619362278708964,False,False,False,False,False,False,False,False,NONE,NORMAL,False,False
2311.0,59.665139484905225,59.6616853823965,60.0,48.707373480364154,48.707373480364154,50.0,3.896589878429132,3.8620488533418533,False,False,False,False,False,False,False,False,NONE,NORMAL,False,False
2312.0,59.668568169545225,59.665139484905225,60.0,48.7055936804309,48.7055936804309,50.0,3.8964474944344722,3.862160648034505,False,False,False,False,False,False,False,False,NONE,NORMAL,False,False
2313.0,59.67197158509897,59.668568169545225,60.0,48.703822154943175,48.703822154943175,50.0,3.896305772395454,3.862271616857922,False,False,False,False,False,False,False,False,NONE,NORMAL,False,False
2314.0,59.67534987968085,59.67197158509897,60.0,48.70205888146393,48.70205888146393,50.0,3.896164710517114,3.862381764698402,False,False,False,False,False,False,False,False,NONE,NORMAL,False,False
2315.0,59.67870320073877,59.67534987968085,60.0,48.700303837483645,48.700303837483645,50.0,3.8960243069986915,3.8624910964195394,False,False,False,False,False,False,False,False,NONE,NORMAL,False,False
2316.0,59.68203169505591,59.67870320073877,60.0,48.698557000422035,48.698557000422035,50.0,3.8958845600337626,3.862599616862288,False,False,False,False,False,False,False,False,NONE,NORMAL,False,False
2317.0,59.685335508752445,59.68203169505591,60.0,48.69681834762961,48.69681834762961,50.0,3.895745467810369,3.8627073308450353,False,False,False,False,False,False,False,False,NONE,NORMAL,False,False
2318.0,59.6886147872872,59.685335508752445,60.0,48.69508785638931,48.69508785638931,50.0,3.8956070285111446,3.862814243163669,False,False,False,False,False,False,False,False,NONE,NORMAL,False,False
2319.0,59.69186967545939,59.6886147872872,60.0,48.693365503918116,48.693365503918116,50.0,3.8954692403134494,3.8629203585916443,False,False,False,False,False,False,False,False,NONE,NORMAL,False,False
2320.0,59.69510031741032,59.69186967545939,60.0,48.691651267368634,48.691651267368634,50.0,3.895332101389491,3.863025681880053,False,False,False,False,False,False,False,False,NONE,NORMAL,False,False
2321.0,59.698306856625194,59.69510031741032,60.0,48.68994512383064,48.68994512383064,50.0,3.8951956099064513,3.8631302177576905,False,False,False,False,False,False,False,False,NONE,NORMAL,False,False
2322.0,59.70148943593474,59.698306856625194,60.0,48.68824705033264,48.68824705033264,50.0,3.895059764026611,3.8632339709311285,False,False,False,False,False,False,False,False,NONE,NORMAL,False,False
2323.0,59.70464819751701,59.70148943593474,60.0,48.68655702384342,48.68655702384342,50.0,3.8949245619074735,3.8633369460847815,False,False,False,False,False,False,False,False,NONE,NORMAL,False,False
2324.0,59.70778328289909,59.70464819751701,60.0,48.68487502127356,48.68487502127356,50.0,3.894790001701885,3.863439147880972,False,False,False,False,False,False,False,False,NONE,NORMAL,False,False
2325.0,59.710894832958914,59.70778328289909,60.0,48.68320101947698,48.68320101947698,50.0,3.894656081558159,3.8635405809600054,False,False,False,False,False,False,False,False,NONE,NORMAL,False,False
2326.0,59.713982987926904,59.710894832958914,60.0,48.68153499525236,48.68153499525236,50.0,3.894522799620189,3.8636412499402333,False,False,False,False,False,False,False,False,NONE,NORMAL,False,False
2327.0,59.71704788738784,59.713982987926904,60.0,48.67987692534474,48.67987692534474,50.0,3.8943901540275796,3.8637411594181263,False,False,False,False,False,False,False,False,NONE,NORMAL,False,False
2328.0,59.72008967028258,59.71704788738784,60.0,48.678226786446864,48.678226786446864,50.0,3.8942581429157492,3.8638403139683404,False,False,False,False,False,False,False,False,NONE,NORMAL,False,False
2329.0,59.723108474909814,59.72008967028258,60.0,48.676584555200705,48.676584555200705,50.0,3.894126764416056,3.8639387181437863,False,False,False,False,False,False,False,False,NONE,NORMAL,False,False
2330.0,59.72610443892784,59.723108474909814,60.0,48.67495020819892,48.67495020819892,50.0,3.8939960166559136,3.8640363764756995,False,False,False,False,False,False,False,False,NONE,NORMAL,False,False
2331.0,59.72907769935636,59.72610443892784,60.0,48.673323721986264,48.673323721986264,50.0,3.8938658977589014,3.8641332934737074,False,False,False,False,False,False,False,False,NONE,NORMAL,False,False
2332.0,59.732028392578265,59.72907769935636,60.0,48.67170507306096,48.67170507306096,50.0,3.893736405844877,3.8642294736258984,False,False,False,False,False,False,False,False,NONE,NORMAL,False,False
2333.0,59.73495665434139,59.732028392578265,60.0,48.67009423787617,48.67009423787617,50.0,3.8936075390300937,3.8643249213988935,False,False,False,False,False,False,False,False,NONE,NORMAL,False,False
2334.0,59.73786261976033,59.73495665434139,60.0,48.66849119284134,48.66849119284134,50.0,3.8934792954273068,3.864419641237911,False,False,False,False,False,False,False,False,NONE,NORMAL,False,False
2335.0,59.740746423318235,59.73786261976033,60.0,48.6668959143236,48.6668959143236,50.0,3.893351673145888,3.8645136375668394,False,False,False,False,False,False,False,False,NONE,NORMAL,False,False
2336.0,59.74360819886859,59.740746423318235,60.0,48.665308378649094,48.665308378649094,50.0,3.8932246702919273,3.864606914788302,False,False,False,False,False,False,False,False,NONE,NORMAL,False,False
2337.0,59.74644807963706,59.74360819886859,60.0,48.663728562104396,48.663728562104396,50.0,3.8930982849683518,3.8646994772837315,False,False,False,False,False,False,False,False,NONE,NORMAL,False,False
2338.0,59.749266198223225,59.74644807963706,60.0,48.662156440937736,48.662156440937736,50.0,3.892972515275019,3.864791329413435,False,False,False,False,False,False,False,False,NONE,NORMAL,False,False
2339.0,59.752062686602436,59.749266198223225,60.0,48.66059199136046,48.66059199136046,50.0,3.892847359308837,3.8648824755166626,False,False,False,False,False,False,False,False,NONE,NORMAL,False,False
2340.0,59.75483767612766,59.752062686602436,60.0,48.659035189548234,48.659035189548234,50.0,3.8927228151638587,3.864972919911679,False,False,False,False,False,False,False,False,NONE,NORMAL,False,False
2341.0,59.75759129753121,59.75483767612766,60.0,48.657486011642376,48.657486011642376,50.0,3.89259888093139,3.865062666895831,False,False,False,False,False,False,False,False,NONE,NORMAL,False,False
2342.0,59.76032368092666,59.75759129753121,60.0,48.655944433751166,48.655944433751166,50.0,3.892475554700093,3.8651517207456165,False,False,False,False,False,False,False,False,NONE,NORMAL,False,False
2343.0,59.7630349558106,59.76032368092666,60.0,48.65441043195108,48.65441043195108,50.0,3.8923528345560863,3.8652400857167546,False,False,False,False,False,False,False,False,NONE,NORMAL,False,False
2344.0,59.765725251064474,59.7630349558106,60.0,48.65288398228808,48.65288398228808,50.0,3.8922307185830465,3.8653277660442527,False,False,False,False,False,False,False,False,NONE,NORMAL,False,False
2345.0,59.76839469495646,59.765725251064474,60.0,48.651365060778886,48.651365060778886,50.0,3.8921092048623107,3.8654147659424747,False,False,False,False,False,False,False,False,NONE,NORMAL,False,False
2346.0,59.77104341514325,59.76839469495646,60.0,48.649853643412115,48.649853643412115,50.0,3.8919882914729693,3.8655010896052167,False,False,False,False,False,False,False,False,NONE,NORMAL,False,False
2347.0,59.77367153867188,59.77104341514325,60.0,48.64834970614962,48.64834970614962,50.0,3.8918679764919695,3.8655867412057656,False,False,False,False,False,False,False,False,NONE,NORMAL,False,False
2348.0,59.776279191981594,59.77367153867188,60.0,48.64685322492762,48.64685322492762,50.0,3.8917482579942093,3.865671724896977,False,False,False,False,False,False,False,False,NONE,NORMAL,False,False
2349.0,59.77886650090573,59.776279191981594,60.0,48.645364175657996,48.645364175657996,50.0,3.8916291340526397,3.865756044811338,False,False,False,False,False,False,False,False,NONE,NORMAL,False,False
2350.0,59.78143359067345,59.77886650090573,60.0,48.64388253422933,48.64388253422933,50.0,3.891510602738346,3.8658397050610405,False,False,False,False,False,False,False,False,NONE,NORMAL,False,False
2351.0,59.78398058591172,59.78143359067345,60.0,48.64240827650824,48.64240827650824,50.0,3.8913926621206594,3.8659227097380464,False,False,False,False,False,False,False,False,NONE,NORMAL,False,False
2352.0,59.78650761064702,59.78398058591172,60.0,48.640941378340415,48.640941378340415,50.0,3.891275310267233,3.866005062914162,False,False,False,False,False,False,False,False,NONE,NORMAL,False,False
2353.0,59.78901478830733,59.78650761064702,60.0,48.63948181555188,48.63948181555188,50.0,3.8911585452441506,3.8660867686410967,False,False,False,False,False,False,False,False,NONE,NORMAL,False,False
2354.0,59.79150224172387,59.78901478830733,60.0,48.638029563950035,48.638029563950035,50.0,3.891042365116003,3.866167830950544,False,False,False,False,False,False,False,False,NONE,NORMAL,False,False
2355.0,59.79397009313304,59.79150224172387,60.0,48.63658459932488,48.63658459932488,50.0,3.8909267679459902,3.866248253854241,False,False,False,False,False,False,False,False,NONE,NORMAL,False,False
2356.0,59.796418464178224,59.79397009313304,60.0,48.63514689745004,48.63514689745004,50.0,3.8908117517960035,3.8663280413440426,False,False,False,False,False,False,False,False,NONE,NORMAL,False,False
2357.0,59.7988474759117,59.796418464178224,60.0,48.633716434083965,48.633716434083965,50.0,3.890697314726717,3.866407197391987,False,False,False,False,False,False,False,False,NONE,NORMAL,False,False
2358.0,59.80125724879643,59.7988474759117,60.0,48.63229318497093,48.63229318497093,50.0,3.8905834547976745,3.8664857259503655,False,False,False,False,False,False,False,False,NONE,NORMAL,False,False
2359.0,59.803647902708,59.80125724879643,60.0,48.63087712584221,48.63087712584221,50.0,3.8904701700673767,3.8665636309517923,False,False,False,False,False,False,False,False,NONE,NORMAL,False,False
2360.0,59.806019556936405,59.803647902708,60.0,48.6294682324171,48.6294682324171,50.0,3.8903574585933685,3.8666409163092714,False,False,False,False,False,False,False,False,NONE,NORMAL,False,False
2361.0,59.80837233018801,59.806019556936405,60.0,48.628066480404016,48.628066480404016,50.0,3.890245318432321,3.866717585916264,False,False,False,False,False,False,False,False,NONE,NORMAL,False,False
2362.0,59.81070634058735,59.80837233018801,60.0,48.62667184550148,48.62667184550148,50.0,3.8901337476401183,3.866793643646762,False,False,False,False,False,False,False,False,NONE,NORMAL,False,False
2363.0,59.81302170567901,59.81070634058735,60.0,48.62528430339919,48.62528430339919,50.0,3.8900227442719353,3.8668690933553513,False,False,False,False,False,False,False,False,NONE,NORMAL,False,False
2364.0,59.815318542429516,59.81302170567901,60.0,48.62390382977914,48.62390382977914,50.0,3.889912306382331,3.8669439388772826,False,False,False,False,False,False,False,False,NONE,NORMAL,False,False
2365.0,59.8175969672292,59.815318542429516,60.0,48.62253040031649,48.62253040031649,50.0,3.8898024320253195,3.867018184028539,False,False,False,False,False,False,False,False,NONE,NORMAL,False,False
2366.0,59.81985709589406,59.8175969672292,60.0,48.621163990680664,48.621163990680664,50.0,3.8896931192544533,3.8670918326059054,False,False,False,False,False,False,False,False,NONE,NORMAL,False,False
2367.0,59.82209904366764,59.81985709589406,60.0,48.61980457653634,48.61980457653634,50.0,3.8895843661229073,3.8671648883870358,False,False,False,False,False,False,False,False,NONE,NORMAL,False,False
2368.0,59.82432292522294,59.82209904366764,60.0,48.618452133544416,48.618452133544416,50.0,3.8894761706835532,3.8672373551305217,False,False,False,False,False,False,False,False,NONE,NORMAL,False,False
2369.0,59.826528854664254,59.82432292522294,60.0,48.61710663736301,48.61710663736301,50.0,3.8893685309890405,3.86730923657596,False,False,False,False,False,False,False,False,NONE,NORMAL,False,False
2370.0,59.82871694552904,59.826528854664254,60.0,48.61576806364837,48.61576806364837,50.0,3.8892614450918694,3.8673805364440232,False,False,False,False,False,False,False,False,NONE,NORMAL,False,False
2371.0,59.83088731078983,59.82871694552904,60.0,48.61443638805594,48.61443638805594,50.0,3.8891549110444754,3.867451258436525,False,False,False,False,False,False,False,False,NONE,NORMAL,False,False
2372.0,59.833040062856114,59.83088731078983,60.0,48.61311158624121,48.61311158624121,50.0,3.8890489268992967,3.867521406236487,False,False,False,False,False,False,False,False,NONE,NORMAL,False,False
2373.0,59.83517531357619,59.833040062856114,60.0,48.611793633860636,48.611793633860636,50.0,3.8889434907088507,3.8675909835082134,False,False,False,False,False,False,False,False,NONE,NORMAL,False,False
2374.0,59.837293174239036,59.83517531357619,60.0,48.61048250657269,48.61048250657269,50.0,3.888838600525815,3.8676599938973495,False,False,False,False,False,False,False,False,NONE,NORMAL,False,False
2375.0,59.83939375557624,59.837293174239036,60.0,48.60917818003864,48.60917818003864,50.0,3.8887342544030914,3.867728441030957,False,False,False,False,False,False,False,False,NONE,NORMAL,False,False
2376.0,59.84147716776387,59.83939375557624,60.0,48.60788062992356,48.60788062992356,50.0,3.8886304503938844,3.8677963285175787,False,False,False,False,False,False,False,False,NONE,NORMAL,False,False
2377.0,59.84354352042431,59.84147716776387,60.0,48.60658983189711,48.60658983189711,50.0,3.888527186551769,3.867863659947306,False,False,False,False,False,False,False,False,NONE,NORMAL,False,False
2378.0,59.8455929226282,59.84354352042431,60.0,48.60530576163455,48.60530576163455,50.0,3.888424460930764,3.867930438891847,False,False,False,False,False,False,False,False,NONE,NORMAL,False,False
2379.0,59.847625482896284,59.8455929226282,60.0,48.60402839481752,48.60402839481752,50.0,3.8883222715854013,3.867996668904596,False,False,False,False,False,False,False,False,NONE,NORMAL,False,False
2380.0,59.849641309201296,59.847625482896284,60.0,48.60275770713495,48.60275770713495,50.0,3.8882206165707958,3.8680623535206964,False,False,False,False,False,False,False,False,NONE,NORMAL,False,False
2381.0,59.85164050896985,59.849641309201296,60.0,48.60149367428393,48.60149367428393,50.0,3.8881194939427144,3.868127496257113,False,False,False,False,False,False,False,False,NONE,NORMAL,False,False
2382.0,59.853623189084345,59.85164050896985,60.0,48.60023627197052,48.60023627197052,50.0,3.8880189017576416,3.8681921006126965,False,False,False,False,False,False,False,False,NONE,NORMAL,False,False
2383.0,59.855589455884804,59.853623189084345,60.0,48.59898547591061,48.59898547591061,50.0,3.887918838072849,3.86825617006825,False,False,False,False,False,False,False,False,NONE,NORMAL,False,False
2384.0,59.85753941517078,59.855589455884804,60.0,48.59774126183072,48.59774126183072,50.0,3.8878193009464574,3.8683197080866005,False,False,False,False,False,False,False,False,NONE,NORMAL,False,False
2385.0,59.85947317220326,59.85753941517078,60.0,48.5965036054689,48.5965036054689,50.0,3.887720288437512,3.8683827181126604,False,False,False,False,False,False,False,False,NONE,NORMAL,False,False
2386.0,59.861390831706515,59.85947317220326,60.0,48.595272482575396,48.595272482575396,50.0,3.8876217986060317,3.8684452035734997,False,False,False,False,False,False,False,False,NONE,NORMAL,False,False
2387.0,59.86329249786998,59.861390831706515,60.0,48.59404786891361,48.59404786891361,50.0,3.887523829513089,3.868507167878409,False,False,False,False,False,False,False,False,NONE,NORMAL,False,False
2388.0,59.86517827435017,59.86329249786998,60.0,48.5928297402608,48.5928297402608,50.0,3.8874263792208636,3.868568614418968,False,False,False,False,False,False,False,False,NONE,NORMAL,False,False
2389.0,59.86704826427254,59.86517827435017,60.0,48.59161807240885,48.59161807240885,50.0,3.887329445792708,3.8686295465691134,False,False,False,False,False,False,False,False,NONE,NORMAL,False,False
2390.0,59.86890257023333,59.86704826427254,60.0,48.59041284116512,48.59041284116512,50.0,3.8872330272932096,3.868689967685203,False,False,False,False,False,False,False,False,NONE,NORMAL,False,False
2391.0,59.870741294301546,59.86890257023333,60.0,48.58921402235316,48.58921402235316,50.0,3.887137121788253,3.8687498811060834,False,False,False,False,False,False,False,False,NONE,NORMAL,False,False
2392.0,59.87256453802075,59.870741294301546,60.0,48.58802159181344,48.58802159181344,50.0,3.887041727345075,3.8688092901531586,False,False,False,False,False,False,False,False,NONE,NORMAL,False,False
2393.0,59.874372402410934,59.87256453802075,60.0,48.58683552540413,48.58683552540413,50.0,3.8869468420323305,3.8688681981304542,False,False,False,False,False,False,False,False,NONE,NORMAL,False,False
2394.0,59.87616498797047,59.874372402410934,60.0,48.58565579900189,48.58565579900189,50.0,3.8868524639201514,3.8689266083246827,False,False,False,False,False,False,False,False,NONE,NORMAL,False,False
2395.0,59.877942394677966,59.87616498797047,60.0,48.5844823885025,48.5844823885025,50.0,3.8867585910802003,3.8689845240053127,False,False,False,False,False,False,False,False,NONE,NORMAL,False,False
2396.0,59.879704721994074,59.877942394677966,60.0,48.58331526982162,48.58331526982162,50.0,3.8866652215857296,3.869041948424634,False,False,False,False,False,False,False,False,NONE,NORMAL,False,False
2397.0,59.88145206886345,59.879704721994074,60.0,48.582154418895534,48.582154418895534,50.0,3.8865723535116428,3.8690988848178227,False,False,False,False,False,False,False,False,NONE,NORMAL,False,False
2398.0,59.883184533716594,59.88145206886345,60.0,48.58099981168184,48.58099981168184,50.0,3.8864799849345473,3.869155336403006,False,False,False,False,False,False,False,False,NONE,NORMAL,False,False
2399.0,59.884902214471744,59.883184533716594,60.0,48.57985142416012,48.57985142416012,50.0,3.8863881139328096,3.8692113063813336,False,False,False,False,False,False,False,False,NONE,NORMAL,False,False
2400.0,59.88660520853669,59.884902214471744,60.0,48.578709232332606,48.578709232332606,50.0,3.8862967385866085,3.869266797937038,False,False,False,False,False,False,False,False,NONE,NORMAL,False,False
